segment_id,asset_name,source_row,translation_ru
gameplay:GameplayStrings:14:on,GameplayStrings,14,Вкл.
gameplay:GameplayStrings:15:off,GameplayStrings,15,Выкл.
gameplay:GameplayStrings:16:back,GameplayStrings,16,Назад
gameplay:GameplayStrings:17:climb,GameplayStrings,17,Забраться
gameplay:GameplayStrings:18:close,GameplayStrings,18,Закрыть
gameplay:GameplayStrings:19:continue,GameplayStrings,19,Продолжить
gameplay:GameplayStrings:20:read,GameplayStrings,20,Читать
gameplay:GameplayStrings:21:continueWithMin,GameplayStrings,21,Продолжить (+{0} мин.)
gameplay:GameplayStrings:22:crawl,GameplayStrings,22,Ползти
gameplay:GameplayStrings:23:details,GameplayStrings,23,Подробности 
gameplay:GameplayStrings:24:enter,GameplayStrings,24,Войти
gameplay:GameplayStrings:25:start,GameplayStrings,25,Начать
gameplay:GameplayStrings:26:hint,GameplayStrings,26,Подсказка
gameplay:GameplayStrings:27:hintExpanded,GameplayStrings,27,Подсказка | Ты уверен?
gameplay:GameplayStrings:28:inspect,GameplayStrings,28,Осмотреть
gameplay:GameplayStrings:29:items,GameplayStrings,29,Предметы
gameplay:GameplayStrings:30:lower,GameplayStrings,30,Опустить
gameplay:GameplayStrings:31:open,GameplayStrings,31,Открыть
gameplay:GameplayStrings:32:pickUp,GameplayStrings,32,Поднять
gameplay:GameplayStrings:33:pickup,GameplayStrings,33,Поднять
gameplay:GameplayStrings:34:giveItem,GameplayStrings,34,Передать предмет
gameplay:GameplayStrings:35:press,GameplayStrings,35,Нажать
gameplay:GameplayStrings:36:move,GameplayStrings,36,Переместить
gameplay:GameplayStrings:37:pull,GameplayStrings,37,Потянуть
gameplay:GameplayStrings:38:push,GameplayStrings,38,Толкнуть
gameplay:GameplayStrings:39:view,GameplayStrings,39,Посмотреть
gameplay:GameplayStrings:40:exitLadderTop,GameplayStrings,40,Выйти
gameplay:GameplayStrings:41:give,GameplayStrings,41,Передать
gameplay:GameplayStrings:42:turn,GameplayStrings,42,Повернуть
gameplay:GameplayStrings:43:putDown,GameplayStrings,43,Положить
gameplay:GameplayStrings:44:unpin,GameplayStrings,44,Открепить
gameplay:GameplayStrings:45:putaway,GameplayStrings,45,Открепить
gameplay:GameplayStrings:46:quitToMenu,GameplayStrings,46,В меню
gameplay:GameplayStrings:47:quitLevel,GameplayStrings,47,Выйти из уровня
gameplay:GameplayStrings:48:quit,GameplayStrings,48,Выйти
gameplay:GameplayStrings:49:raise,GameplayStrings,49,Поднять
gameplay:GameplayStrings:50:skip,GameplayStrings,50,Пропустить
gameplay:GameplayStrings:51:reviewContinue,GameplayStrings,51,Далее
gameplay:GameplayStrings:52:pin,GameplayStrings,52,Закрепить
gameplay:GameplayStrings:53:putAway,GameplayStrings,53,Открепить
gameplay:GameplayStrings:54:spin,GameplayStrings,54,Крутить
gameplay:GameplayStrings:55:stand,GameplayStrings,55,Встать
gameplay:GameplayStrings:56:switch,GameplayStrings,56,Переключить
gameplay:GameplayStrings:57:touch,GameplayStrings,57,Коснуться
gameplay:GameplayStrings:58:talk,GameplayStrings,58,Поговорить
gameplay:GameplayStrings:59:flip,GameplayStrings,59,Перевернуть
gameplay:GameplayStrings:60:up,GameplayStrings,60,Вверх
gameplay:GameplayStrings:61:down,GameplayStrings,61,Вниз
gameplay:GameplayStrings:62:left,GameplayStrings,62,Влево
gameplay:GameplayStrings:63:right,GameplayStrings,63,Вправо
gameplay:GameplayStrings:64:use,GameplayStrings,64,Использовать
gameplay:GameplayStrings:65:useItem,GameplayStrings,65,Использовать предмет
gameplay:GameplayStrings:66:tradeItem,GameplayStrings,66,Обменять предмет
gameplay:GameplayStrings:67:pinItem,GameplayStrings,67,Закрепить предмет
gameplay:GameplayStrings:68:unPinItem,GameplayStrings,68,Открепить предмет
gameplay:GameplayStrings:69:walk,GameplayStrings,69,Идти
gameplay:GameplayStrings:70:dioramaVerb,GameplayStrings,70,Осмотреть
gameplay:GameplayStrings:71:wrongSubmit,GameplayStrings,71,Ничего не произошло.
gameplay:GameplayStrings:72:youFound,GameplayStrings,72,Найдено:
gameplay:GameplayStrings:73:defaultHint,GameplayStrings,73,Здесь что-то есть…
gameplay:GameplayStrings:74:defaultHintPreface,GameplayStrings,74,Подсказка:
gameplay:GameplayStrings:75:escape,GameplayStrings,75,Сбежать
gameplay:GameplayStrings:76:gamePaused,GameplayStrings,76,Игра приостановлена
gameplay:GameplayStrings:77:resumeGame,GameplayStrings,77,Продолжить игру
gameplay:GameplayStrings:78:settings,GameplayStrings,78,Настройки
gameplay:GameplayStrings:79:fullInventory,GameplayStrings,79,Инвентарь полон. Нужно что-нибудь положить.
gameplay:GameplayStrings:80:disconnectQuitToMenu,GameplayStrings,80,"(!) Вы уверены, что хотите отключиться?\nВаш напарник тоже будет отключён"
gameplay:GameplayStrings:81:disconnect,GameplayStrings,81,Отключиться
gameplay:GameplayStrings:82:connecting,GameplayStrings,82,Подключение…
gameplay:GameplayStrings:83:waitingForHost,GameplayStrings,83,Ожидание хоста…
gameplay:GameplayStrings:84:cancel,GameplayStrings,84,Отмена
gameplay:GameplayStrings:85:partnerPausedGame,GameplayStrings,85,приостановил игру.
gameplay:GameplayStrings:86:partnerQuitLevel,GameplayStrings,86,Ваш напарник вышел из игры.\nВы должны вернуться в главное меню.
gameplay:GameplayStrings:87:ok,GameplayStrings,87,ОК
gameplay:GameplayStrings:88:okay,GameplayStrings,88,ОК
gameplay:GameplayStrings:89:gameplay,GameplayStrings,89,Игра
gameplay:GameplayStrings:90:input,GameplayStrings,90,Управление
gameplay:GameplayStrings:91:collect,GameplayStrings,91,Собрать
gameplay:GameplayStrings:92:journal,GameplayStrings,92,Журнал
gameplay:GameplayStrings:93:graphics,GameplayStrings,93,Графика
gameplay:GameplayStrings:94:audio,GameplayStrings,94,Звук
gameplay:GameplayStrings:95:optionsResolution,GameplayStrings,95,Разрешение
gameplay:GameplayStrings:96:optionsFOV,GameplayStrings,96,Поле зрения
gameplay:GameplayStrings:97:optionsFullscreen,GameplayStrings,97,Полноэкранный режим?
gameplay:GameplayStrings:98:optionsUseVSync,GameplayStrings,98,VSync?
gameplay:GameplayStrings:99:optionsQuality,GameplayStrings,99,Качество
gameplay:GameplayStrings:100:resetGraphicsSettings,GameplayStrings,100,Сбросить настройки графики
gameplay:GameplayStrings:101:optionsMasterVolume,GameplayStrings,101,Общая громкость
gameplay:GameplayStrings:102:optionsMusicVolume,GameplayStrings,102,Громкость музыки
gameplay:GameplayStrings:103:optionsSFXVolume,GameplayStrings,103,Громкость эффектов
gameplay:GameplayStrings:104:optionsVOVolume,GameplayStrings,104,Громкость озвучки
gameplay:GameplayStrings:105:optionsVoiceChatEnabled,GameplayStrings,105,Голосовой чат
gameplay:GameplayStrings:106:optionsVoiceChatThreshold,GameplayStrings,106,Порог голосового чата
gameplay:GameplayStrings:107:optionsVoiceChatVolume,GameplayStrings,107,Громкость голосового чата
gameplay:GameplayStrings:108:optionsAudioDeviceToUse,GameplayStrings,108,Аудиоустройство
gameplay:GameplayStrings:109:resetAudioSettings,GameplayStrings,109,Сбросить настройки звука
gameplay:GameplayStrings:110:optionsLanguage,GameplayStrings,110,Язык
gameplay:GameplayStrings:111:optionsPauseGameOnMinimize,GameplayStrings,111,Пауза при сворачивании?
gameplay:GameplayStrings:112:optionsSubtitles,GameplayStrings,112,Субтитры включены?
gameplay:GameplayStrings:113:resetGameplaySettings,GameplayStrings,113,Сбросить настройки игры
gameplay:GameplayStrings:114:optionsLookSensitivity,GameplayStrings,114,Чувствительность камеры
gameplay:GameplayStrings:115:optionsCursorSensitivity,GameplayStrings,115,Чувствительность курсора
gameplay:GameplayStrings:116:optionsInvertedLook,GameplayStrings,116,Инверсия камеры?
gameplay:GameplayStrings:117:optionsLookAssist,GameplayStrings,117,Ассистент обзора?
gameplay:GameplayStrings:118:optionsStrobingEnabled,GameplayStrings,118,Мигающий свет?
gameplay:GameplayStrings:119:resetInputSettings,GameplayStrings,119,Сбросить настройки управления
gameplay:GameplayStrings:120:playerOne,GameplayStrings,120,Игрок 1
gameplay:GameplayStrings:121:debugMode,GameplayStrings,121,Режим отладки включён?
gameplay:GameplayStrings:122:playerTwo,GameplayStrings,122,Игрок 2
gameplay:GameplayStrings:123:eraseData,GameplayStrings,123,Стереть данные
gameplay:GameplayStrings:124:deleteSavedData,GameplayStrings,124,Удалить сохранённые данные
gameplay:GameplayStrings:125:delete,GameplayStrings,125,Удалить
gameplay:GameplayStrings:126:settingsSkipLevel,GameplayStrings,126,[Отладка] Пропустить текущий уровень
gameplay:GameplayStrings:127:skipLevel,GameplayStrings,127,Пропустить уровень
gameplay:GameplayStrings:128:confirmDelete,GameplayStrings,128,"Ты уверен, что хочешь удалить все сохранённые данные? Это действие необратимо, и ты вернёшься в главное меню."
gameplay:GameplayStrings:129:dataDeletedSuccessfully,GameplayStrings,129,Данные успешно удалены
gameplay:GameplayStrings:130:mustBeInMainMenuToDelete,GameplayStrings,130,Данные можно удалять только из главного меню
gameplay:GameplayStrings:131:log,GameplayStrings,131,Дневник
gameplay:GameplayStrings:132:headmaster,GameplayStrings,132,Директор
gameplay:GameplayStrings:133:eel,GameplayStrings,133,Ил
gameplay:GameplayStrings:134:slip,GameplayStrings,134,Профессор Слип
gameplay:GameplayStrings:135:allie,GameplayStrings,135,Профессор Бонилья
gameplay:GameplayStrings:136:quanty,GameplayStrings,136,Кванти
gameplay:GameplayStrings:137:jeb,GameplayStrings,137,Джеб
gameplay:GameplayStrings:138:employee,GameplayStrings,138,Сотрудница
gameplay:GameplayStrings:139:rival,GameplayStrings,139,Гиллиан
gameplay:GameplayStrings:140:youveEscaped,GameplayStrings,140,Вы сбежали
gameplay:GameplayStrings:141:escapeFailed,GameplayStrings,141,Побег не удался
gameplay:GameplayStrings:142:nextHint,GameplayStrings,142,Показать ещё
gameplay:GameplayStrings:143:newItem,GameplayStrings,143,Новый предмет:
gameplay:GameplayStrings:144:skyboundlegal,GameplayStrings,144,"Skybound, Skybound Games и все связанные логотипы являются зарегистрированными или иным образом защищёнными товарными знаками Skybound, LLC, используемыми с разрешения. Все права защищены."
gameplay:GameplayStrings:145:8bitlegal,GameplayStrings,145,"iam8bit® и связанный с ним логотип являются товарными знаками iam8bit, Inc. Все права защищены."
gameplay:GameplayStrings:146:coincrewlegal,GameplayStrings,146,"Coin Crew Games, Inc. является зарегистрированным или иным образом защищённым товарным знаком Coin Crew Games, Inc., используемым с разрешения. Все права защищены."
gameplay:GameplayStrings:147:controls,GameplayStrings,147,Управление
gameplay:GameplayStrings:148:languageOnlyMainMenu,GameplayStrings,148,Можно изменить только в главном меню
gameplay:GameplayStrings:149:colorblindMode,GameplayStrings,149,Режим для дальтоников?
gameplay:GameplayStrings:150:color_red,GameplayStrings,150,Красный
gameplay:GameplayStrings:151:color_yellow,GameplayStrings,151,Жёлтый
gameplay:GameplayStrings:152:color_orange,GameplayStrings,152,Оранжевый
gameplay:GameplayStrings:153:color_blue,GameplayStrings,153,Синий
gameplay:GameplayStrings:154:color_green,GameplayStrings,154,Зелёный
gameplay:GameplayStrings:155:color_purple,GameplayStrings,155,Фиолетовый
gameplay:GameplayStrings:156:color_pink,GameplayStrings,156,Розовый
gameplay:GameplayStrings:157:color_gray,GameplayStrings,157,Серый
gameplay:GameplayStrings:158:color_black,GameplayStrings,158,Чёрный
gameplay:GameplayStrings:159:color_white,GameplayStrings,159,Белый
gameplay:GameplayStrings:160:color_teal,GameplayStrings,160,Бирюзовый
gameplay:GameplayStrings:161:color_cyan,GameplayStrings,161,Голубой
gameplay:GameplayStrings:162:color_brown,GameplayStrings,162,Коричневый
gameplay:GameplayStrings:163:strobinglights,GameplayStrings,163,Мигающий свет?
gameplay:GameplayStrings:164:controls_unmapped,GameplayStrings,164,Одно или несколько действий не назначено!
gameplay:GameplayStrings:165:editcontrolmapping,GameplayStrings,165,Настроить управление
gameplay:GameplayStrings:166:resetdefault,GameplayStrings,166,Сбросить настройки
gameplay:GameplayStrings:167:partnerreading,GameplayStrings,167,Партнёр всё ещё читает. Подожди…
gameplay:GameplayStrings:168:internetaccessheading_xbox,GameplayStrings,168,Нет доступа в интернет
gameplay:GameplayStrings:169:internetaccessheading_ps,GameplayStrings,169,Нет доступа в интернет
gameplay:GameplayStrings:170:internetaccess1_xbox,GameplayStrings,170,Нет подключения к сети. Онлайн-функции будут отключены.
gameplay:GameplayStrings:171:internetaccess1_ps,GameplayStrings,171,Нет подключения к сети. Онлайн-функции будут отключены.
gameplay:GameplayStrings:172:internetaccess2_xbox,GameplayStrings,172,Нет подключения к интернету. Для доступа к некоторым функциям игры требуется подключение к сети. Будет доступен только офлайн-контент.
gameplay:GameplayStrings:173:internetaccess2_ps,GameplayStrings,173,Нет подключения к интернету. Для доступа к некоторым функциям игры требуется подключение к сети. Будет доступен только офлайн-контент.
gameplay:GameplayStrings:174:parentalcontrolsheading_xbox,GameplayStrings,174,Доступ заблокирован родительским контролем
gameplay:GameplayStrings:175:parentalcontrolsheading_ps,GameplayStrings,175,Доступ заблокирован родительским контролем
gameplay:GameplayStrings:176:parentalcontrols1_xbox,GameplayStrings,176,"Играть в онлайн-мультиплеер нельзя из-за настроек твоего аккаунта Microsoft. Убедись, что настройки онлайн-безопасности разрешают мультиплеер, и что у тебя активна подписка Xbox Live Gold."
gameplay:GameplayStrings:177:genconnectionerrorheading_xbox,GameplayStrings,177,Ошибка подключения
gameplay:GameplayStrings:178:genconnectionerrorheading_ps,GameplayStrings,178,Ошибка подключения
gameplay:GameplayStrings:179:genconnectionerror_xbox,GameplayStrings,179,Не удалось подключиться к серверу. Проверь подключение к интернету и попробуй ещё раз.
gameplay:GameplayStrings:180:genconnectionerror_ps,GameplayStrings,180,Не удалось подключиться к серверу. Проверь подключение к интернету и попробуй ещё раз.
gameplay:GameplayStrings:181:subscriptionplanheading_xbox,GameplayStrings,181,Нет требуемой подписки
gameplay:GameplayStrings:182:subscriptionplanheading_ps,GameplayStrings,182,Нет требуемой подписки
gameplay:GameplayStrings:183:subscriptionplaystation,GameplayStrings,183,Для игры онлайн требуется активная подписка PlayStation®Plus
gameplay:GameplayStrings:184:subscriptionxbox,GameplayStrings,184,Для игры онлайн требуется активная подписка Xbox Live Gold
gameplay:GameplayStrings:185:controllerdisconnectedheading_xbox,GameplayStrings,185,Контроллер отключён
gameplay:GameplayStrings:186:controllerdisconnectedheading_ps,GameplayStrings,186,Контроллер отключён
gameplay:GameplayStrings:187:controllerdisconnected1_xbox,GameplayStrings,187,Контроллер отключён. Подключи его снова.
gameplay:GameplayStrings:188:controllerdisconnected1_ps,GameplayStrings,188,Контроллер отключён. Подключи его снова.
gameplay:GameplayStrings:189:profsignoutheading_xbox,GameplayStrings,189,Профиль отключён
gameplay:GameplayStrings:190:profsignoutheading_ps,GameplayStrings,190,Профиль отключён
gameplay:GameplayStrings:191:profsignout1_xbox,GameplayStrings,191,"{UserName} вышел из аккаунта. Войди с тем же профилем, чтобы продолжить, или вернись в главное меню."
gameplay:GameplayStrings:192:profsignout1_ps,GameplayStrings,192,"{UserName} вышел из аккаунта. Войди с тем же профилем, чтобы продолжить, или вернись в главное меню."
gameplay:GameplayStrings:193:splitscreenToggle,GameplayStrings,193,Разделить экран
gameplay:GameplayStrings:195:exitGame,GameplayStrings,195,Выйти из игры
gameplay:GameplayStrings:196:startGame,GameplayStrings,196,Начать игру
gameplay:GameplayStrings:197:noControllerDetected,GameplayStrings,197,Контроллер не обнаружен.
gameplay:GameplayStrings:198:p1,GameplayStrings,198,Игрок 1:
gameplay:GameplayStrings:199:p2,GameplayStrings,199,Игрок 2:
gameplay:GameplayStrings:200:dropOut,GameplayStrings,200,Выйти
gameplay:GameplayStrings:201:join,GameplayStrings,201,Присоединиться
gameplay:GameplayStrings:202:levelSelectHeader,GameplayStrings,202,Карта кампуса
gameplay:GameplayStrings:203:visit,GameplayStrings,203,Посетить
gameplay:GameplayStrings:204:reviewHeader,GameplayStrings,204,Обзор головоломки:
gameplay:GameplayStrings:205:solvedAt,GameplayStrings,205,Решено за:
gameplay:GameplayStrings:206:difficulty1,GameplayStrings,206,Легко
gameplay:GameplayStrings:207:difficulty2,GameplayStrings,207,Средне
gameplay:GameplayStrings:208:difficulty3,GameplayStrings,208,Сложно
gameplay:GameplayStrings:209:difficulty4,GameplayStrings,209,Очень сложно
gameplay:GameplayStrings:211:min,GameplayStrings,211,мин
gameplay:GameplayStrings:212:timeLimit,GameplayStrings,212,Ограничение времени:
gameplay:GameplayStrings:213:difficulty,GameplayStrings,213,Сложность:
gameplay:GameplayStrings:214:bestTime,GameplayStrings,214,Лучшее время / оценка:
gameplay:GameplayStrings:216:pencilAndPaperTip,GameplayStrings,216,Совет: держи под рукой бумагу и карандаш.
gameplay:GameplayStrings:217:talkToPartnerTip,GameplayStrings,217,Совет: вместе мы сила! Не забывай общаться с напарником.
gameplay:GameplayStrings:218:credits,GameplayStrings,218,Титры
gameplay:GameplayStrings:219:play,GameplayStrings,219,Играть
gameplay:GameplayStrings:220:solo,GameplayStrings,220,Одиночная игра
gameplay:GameplayStrings:221:localMultiplayer,GameplayStrings,221,Локальная игра
gameplay:GameplayStrings:222:online,GameplayStrings,222,Сетевая игра
gameplay:GameplayStrings:223:selectGameFile,GameplayStrings,223,Выберите сохранение
gameplay:GameplayStrings:224:lastPlayed,GameplayStrings,224,Последняя игра:
gameplay:GameplayStrings:225:totalTimePlayed,GameplayStrings,225,Общее время игры:
gameplay:GameplayStrings:226:newGame,GameplayStrings,226,Начать новую игру
gameplay:GameplayStrings:227:eraseGame,GameplayStrings,227,Удалить файл сохранения
gameplay:GameplayStrings:228:eraseConfirm,GameplayStrings,228,"Ты уверен, что хочешь удалить этот файл сохранения? Это действие нельзя отменить."
gameplay:GameplayStrings:229:eraseConfirmB,GameplayStrings,229,Файл сохранения удалён.
gameplay:GameplayStrings:230:hostGame,GameplayStrings,230,Создать игру
gameplay:GameplayStrings:231:joinGame,GameplayStrings,231,Присоединиться по коду друга
gameplay:GameplayStrings:232:waitingForPlayers,GameplayStrings,232,Ожидание игроков
gameplay:GameplayStrings:233:pressAnyButton,GameplayStrings,233,Нажми любую кнопку
gameplay:GameplayStrings:234:ready,GameplayStrings,234,Готов
gameplay:GameplayStrings:235:player1,GameplayStrings,235,Игрок 1
gameplay:GameplayStrings:236:player2,GameplayStrings,236,Игрок 2
gameplay:GameplayStrings:237:options,GameplayStrings,237,Настройки
gameplay:GameplayStrings:238:waitingForFriend,GameplayStrings,238,Ожидание друга…
gameplay:GameplayStrings:239:shareThisCode,GameplayStrings,239,Поделитесь этим кодом с другом:
gameplay:GameplayStrings:240:copy,GameplayStrings,240,Копировать
gameplay:GameplayStrings:241:wantsToJoin,GameplayStrings,241,Хочет присоединиться
gameplay:GameplayStrings:242:reject,GameplayStrings,242,Отклонить
gameplay:GameplayStrings:243:accept,GameplayStrings,243,Принять
gameplay:GameplayStrings:244:enterFriendCode,GameplayStrings,244,Введите код друга
gameplay:GameplayStrings:245:connect,GameplayStrings,245,Подключиться
gameplay:GameplayStrings:246:gradeAPlus,GameplayStrings,246,A+
gameplay:GameplayStrings:247:gradeAReg,GameplayStrings,247,A
gameplay:GameplayStrings:248:gradeAMinus,GameplayStrings,248,A-
gameplay:GameplayStrings:249:gradeBPlus,GameplayStrings,249,B+
gameplay:GameplayStrings:250:gradeBReg,GameplayStrings,250,B
gameplay:GameplayStrings:251:gradeBMinus,GameplayStrings,251,B-
gameplay:GameplayStrings:252:gradeCPlus,GameplayStrings,252,C+
gameplay:GameplayStrings:253:gradeCReg,GameplayStrings,253,C
gameplay:GameplayStrings:254:reportCard,GameplayStrings,254,Дневник
gameplay:GameplayStrings:255:schoolLongTitle,GameplayStrings,255,Академия искусств и наук побегов
gameplay:GameplayStrings:256:officialCourse,GameplayStrings,256,Официальный курс
gameplay:GameplayStrings:257:popQuiz,GameplayStrings,257,Внезапный тест
gameplay:GameplayStrings:258:fieldWork,GameplayStrings,258,Практика
gameplay:GameplayStrings:259:totalEscapeTime,GameplayStrings,259,Общее время побега
gameplay:GameplayStrings:260:hintsUsed,GameplayStrings,260,Использовано подсказок
gameplay:GameplayStrings:261:finalGrade,GameplayStrings,261,Итоговая оценка
gameplay:GameplayStrings:262:instructorsComments,GameplayStrings,262,Комментарии преподавателя
gameplay:GameplayStrings:263:instructorsSignature,GameplayStrings,263,Подпись преподавателя
gameplay:GameplayStrings:264:prologue,GameplayStrings,264,Пролог
gameplay:GameplayStrings:265:chapter1,GameplayStrings,265,Глава первая
gameplay:GameplayStrings:266:chapter2,GameplayStrings,266,Глава вторая
gameplay:GameplayStrings:267:chapter3,GameplayStrings,267,Глава третья
gameplay:GameplayStrings:268:epilogue,GameplayStrings,268,Эпилог
gameplay:GameplayStrings:269:chapter1Sub,GameplayStrings,269,Осенний семестр
gameplay:GameplayStrings:270:chapter2Sub,GameplayStrings,270,Зимний семестр
gameplay:GameplayStrings:271:chapter3Sub,GameplayStrings,271,Весенний семестр
gameplay:GameplayStrings:272:dioramaAimAssist,GameplayStrings,272,Включить помощь при прицеливании?
gameplay:GameplayStrings:273:graduation,GameplayStrings,273,Выпускной
gameplay:GameplayStrings:274:youveEarned,GameplayStrings,274,Вы получили
gameplay:GameplayStrings:275:noInternet,GameplayStrings,275,Нет подключения к интернету
gameplay:GameplayStrings:276:skipped,GameplayStrings,276,Пропущено
gameplay:GameplayStrings:277:keepPlaying,GameplayStrings,277,Продолжить игру
gameplay:GameplayStrings:278:areYouSureQuit,GameplayStrings,278,"Вы уверены, что хотите выйти?"
gameplay:GameplayStrings:279:genericSystemError,GameplayStrings,279,Что-то пошло не так.
gameplay:GameplayStrings:280:copiedConfirm,GameplayStrings,280,Скопировано в буфер обмена
gameplay:GameplayStrings:281:summerSub,GameplayStrings,281,Лето
gameplay:GameplayStrings:282:veryLow,GameplayStrings,282,Очень низкое
gameplay:GameplayStrings:283:low,GameplayStrings,283,Низкое
gameplay:GameplayStrings:284:medium,GameplayStrings,284,Среднее
gameplay:GameplayStrings:285:high,GameplayStrings,285,Высокое
gameplay:GameplayStrings:286:veryHigh,GameplayStrings,286,Очень высокое
gameplay:GameplayStrings:287:ultra,GameplayStrings,287,Ультра
gameplay:GameplayStrings:289:HMODiplomas,GameplayStrings,289,"У директора, похоже, целая куча дипломов."
gameplay:GameplayStrings:290:HMOArt,GameplayStrings,290,Слишком абстрактно на мой вкус.
gameplay:GameplayStrings:291:HMOCandle,GameplayStrings,291,Оставлять это гореть всё время точно небезопасно.
gameplay:GameplayStrings:292:HMOPaper,GameplayStrings,292,«Вход только по записи. Никаких исключений!»
gameplay:GameplayStrings:293:UNPLadder,GameplayStrings,293,"Лестница такая ржавая, что от одного взгляда можно подхватить столбняк."
gameplay:GameplayStrings:294:UNPWater,GameplayStrings,294,Неужели <i>здесь</i> действительно проводят занятия?
gameplay:GameplayStrings:295:UNPPower,GameplayStrings,295,Линии электропередач рядом с текущей водой. Никаких проблем не вижу.
gameplay:GameplayStrings:296:UNPPuddle,GameplayStrings,296,Знак «Мокрый пол» был бы весьма кстати.
gameplay:GameplayStrings:297:LibBook1,GameplayStrings,297,«Введение в искусство побега»
gameplay:GameplayStrings:298:LibBook2,GameplayStrings,298,«Побеги для идиотов». Эту книгу я читать не буду.
gameplay:GameplayStrings:299:LibBook3,GameplayStrings,299,«Продвинутая работа с отмычками». Я здесь ни слова не понимаю.
gameplay:GameplayStrings:300:LibBook4,GameplayStrings,300,«Замочные скважины сквозь века». Захватывающее чтиво.
gameplay:GameplayStrings:301:LibBook5,GameplayStrings,301,«Как избежать неловкого разговора»
gameplay:GameplayStrings:302:EELBadge,GameplayStrings,302,Знак головореза
gameplay:GameplayStrings:303:HMOBadge,GameplayStrings,303,Знак новичка
gameplay:GameplayStrings:304:ACRBadge,GameplayStrings,304,Знак трафарета
gameplay:GameplayStrings:305:UNPBadge,GameplayStrings,305,Знак давления
gameplay:GameplayStrings:306:BRKBadge,GameplayStrings,306,Знак извлечения
gameplay:GameplayStrings:307:TBTBadge,GameplayStrings,307,Знак конституции
gameplay:GameplayStrings:308:POTBadge,GameplayStrings,308,Знак ботаники
gameplay:GameplayStrings:309:LABBadge,GameplayStrings,309,Знак честности
gameplay:GameplayStrings:310:RVRBadge,GameplayStrings,310,Знак вершины
gameplay:GameplayStrings:311:LIBBadge,GameplayStrings,311,Знак безопасности
gameplay:GameplayStrings:312:TNTBadge,GameplayStrings,312,Знак безмятежности
gameplay:GameplayStrings:313:FINBadge,GameplayStrings,313,Печать побега
gameplay:GameplayStrings:314:TUTName,GameplayStrings,314,Знакомство
gameplay:GameplayStrings:315:HMOName,GameplayStrings,315,Вступительный экзамен
gameplay:GameplayStrings:316:UNPName,GameplayStrings,316,Под давлением
gameplay:GameplayStrings:317:ACRName,GameplayStrings,317,Мастер побега
gameplay:GameplayStrings:318:BRKName,GameplayStrings,318,Прорыв
gameplay:GameplayStrings:319:TBTName,GameplayStrings,319,Испытание вкусом
gameplay:GameplayStrings:320:POTName,GameplayStrings,320,Чайник
gameplay:GameplayStrings:321:LABName,GameplayStrings,321,Подопытный
gameplay:GameplayStrings:322:RVRName,GameplayStrings,322,Комната соперника
gameplay:GameplayStrings:323:LIBName,GameplayStrings,323,"Где дым, там и огонь"
gameplay:GameplayStrings:324:TNTName,GameplayStrings,324,Чай и взрыв
gameplay:GameplayStrings:325:FINName,GameplayStrings,325,Что скрывается внизу
gameplay:GameplayStrings:326:EMOName,GameplayStrings,326,Противостояние
gameplay:GameplayStrings:327:HMO_AREA,GameplayStrings,327,Кабинет директора
gameplay:GameplayStrings:328:ACR_AREA,GameplayStrings,328,Зал эскапистов
gameplay:GameplayStrings:329:LAB_AREA,GameplayStrings,329,Компьютерная лаборатория
gameplay:GameplayStrings:330:LIB_AREA,GameplayStrings,330,Библиотека
gameplay:GameplayStrings:331:POT_AREA,GameplayStrings,331,Теплица
gameplay:GameplayStrings:332:RVR_AREA,GameplayStrings,332,Арена
gameplay:GameplayStrings:333:TBT_AREA,GameplayStrings,333,Столовая
gameplay:GameplayStrings:334:TNT_AREA,GameplayStrings,334,Двор
gameplay:GameplayStrings:335:UNP_AREA,GameplayStrings,335,Дробилка
gameplay:GameplayStrings:336:TUT_AREA,GameplayStrings,336,Хижина побегов
gameplay:GameplayStrings:337:DORM_AREA,GameplayStrings,337,Моя комната
gameplay:GameplayStrings:338:HMOBadgeDesc,GameplayStrings,338,Знак новичка. Теперь я официально студент.
gameplay:GameplayStrings:339:ACRBadgeDesc,GameplayStrings,339,Знак трафарета. Я и правда оставил свой след.
gameplay:GameplayStrings:340:UNPBadgeDesc,GameplayStrings,340,Знак давления. Носки до сих пор мокрые.
gameplay:GameplayStrings:341:BRKBadgeDesc,GameplayStrings,341,Знак извлечения. Моя первая настоящая миссия.
gameplay:GameplayStrings:342:TBTBadgeDesc,GameplayStrings,342,Знак конституции. Моя селезёнка до сих пор не оправилась.
gameplay:GameplayStrings:343:POTBadgeDesc,GameplayStrings,343,"Знак ботаники. Я потею, стоит только об этом подумать."
gameplay:GameplayStrings:344:LABBadgeDesc,GameplayStrings,344,Знак честности. Кванти явно решил меня уничтожить!
gameplay:GameplayStrings:345:RVRBadgeDesc,GameplayStrings,345,"Знак вершины. Я показал Гиллиан, кто здесь лучший."
gameplay:GameplayStrings:346:TNTBadgeDesc,GameplayStrings,346,Знак безмятежности. Не назвал бы этот опыт успокаивающим.
gameplay:GameplayStrings:347:LIBBadgeDesc,GameplayStrings,347,"Знак безопасности. Хорошо, что мы не потеряли Джеба."
gameplay:GameplayStrings:348:FINBadgeDesc,GameplayStrings,348,Печать побегов. Теперь всё официально!
gameplay:GameplayStrings:351:goOut,GameplayStrings,351,Выйти
gameplay:GameplayStrings:352:dormBed,GameplayStrings,352,"Моя кровать. Она удобнее, чем кажется."
gameplay:GameplayStrings:353:dormRat,GameplayStrings,353,Куркума обожает бегать.
gameplay:GameplayStrings:354:dormBookGroup,GameplayStrings,354,«Полная история ключей»<be>«Побег от скуки»<br>«Энциклопедия замков»...
gameplay:GameplayStrings:355:dormDiary,GameplayStrings,355,Дорогой дневник...
gameplay:GameplayStrings:356:monumentLauncher,GameplayStrings,356,Памятник побегу. Я всё-таки оставил свой след...
gameplay:GameplayStrings:357:quantyIsBusy,GameplayStrings,357,"Похоже, Кванти в режиме ожидания. Лучше не мешать."
gameplay:GameplayStrings:358:labControllers,GameplayStrings,358,Мне сейчас некогда играть в видеоигры.
gameplay:GameplayStrings:359:labTVStaticy,GameplayStrings,359,Сегодня по телевизору ничего интересного...
gameplay:GameplayStrings:360:tntTeaCart,GameplayStrings,360,Неплохо бы выпить чаю.
gameplay:GameplayStrings:361:bombDefusedLauncher,GameplayStrings,361,Разминирована. Надеюсь.
gameplay:GameplayStrings:362:bearCute,GameplayStrings,362,Это место занято?
gameplay:GameplayStrings:363:bearCute2,GameplayStrings,363,"Гости, кажется, в восторге от чаепития."
gameplay:GameplayStrings:364:dangerSign1,GameplayStrings,364,«Опасность: опасный маршрут!»
gameplay:GameplayStrings:365:dangerSign2,GameplayStrings,365,«Внимание: только для продвинутых студентов»
gameplay:GameplayStrings:366:dangerSign3,GameplayStrings,366,«Предупреждение! Студентам первого курса вход строго запрещён»
gameplay:GameplayStrings:367:dangerSign4,GameplayStrings,367,«Внимание: опасность!»
gameplay:GameplayStrings:368:posterFake1,GameplayStrings,368,Ключ к успеху — не проваливаться
gameplay:GameplayStrings:369:posterFake2,GameplayStrings,369,"Трудись усердно, будь вежлив"
gameplay:GameplayStrings:370:posterFake3,GameplayStrings,370,Старайся не умереть!
gameplay:GameplayStrings:371:posterFake4,GameplayStrings,371,Пей больше воды!
gameplay:GameplayStrings:372:posterFake5,GameplayStrings,372,Действуй!
gameplay:GameplayStrings:373:sign01,GameplayStrings,373,Выход
gameplay:GameplayStrings:374:sign02,GameplayStrings,374,Внимание
gameplay:GameplayStrings:375:sign03,GameplayStrings,375,Опасность
gameplay:GameplayStrings:376:sign04,GameplayStrings,376,Предупреждение
gameplay:GameplayStrings:377:sign05,GameplayStrings,377,"Осторожно, скользко"
gameplay:GameplayStrings:378:sign06,GameplayStrings,378,Аварийный выход
gameplay:GameplayStrings:379:sign07,GameplayStrings,379,Пожар
gameplay:GameplayStrings:380:sign08,GameplayStrings,380,Не работает
gameplay:GameplayStrings:381:sign09,GameplayStrings,381,Только для персонала
gameplay:GameplayStrings:382:sign10,GameplayStrings,382,Вход воспрещён
gameplay:GameplayStrings:383:sign11,GameplayStrings,383,Стоп
gameplay:GameplayStrings:384:licensePlate,GameplayStrings,384,ESCAP3
gameplay:GameplayStrings:385:sign12,GameplayStrings,385,Служебная зона. Вход воспрещён.
gameplay:GameplayStrings:386:sign13,GameplayStrings,386,S.W.A.T.
gameplay:GameplayStrings:387:sign14,GameplayStrings,387,Туалет
gameplay:GameplayStrings:388:sign15_mg,GameplayStrings,388,Полиция кампуса
gameplay:GameplayStrings:389:theescapisttimes,GameplayStrings,389,Время эскапистов
gameplay:GameplayStrings:390:creditpolaroid1,GameplayStrings,390,Гиллиан получает последний значок!
gameplay:GameplayStrings:391:creditpolaroid2,GameplayStrings,391,Шашлык в конце года
gameplay:GameplayStrings:392:creditpolaroid3,GameplayStrings,392,Официально: профессор Джебсон!
gameplay:GameplayStrings:393:creditpolaroid4,GameplayStrings,393,Дополнительные баллы со Слип
gameplay:GameplayStrings:394:creditpolaroid5,GameplayStrings,394,Собираем осколки
gameplay:GameplayStrings:395:creditpolaroid6,GameplayStrings,395,Возвращение в ботанику
gameplay:GameplayStrings:396:loading,GameplayStrings,396,Загрузка…
gameplay:GameplayStrings:397:chooseCharacter,GameplayStrings,397,Выбери персонажа:
gameplay:GameplayStrings:398:chooseLook,GameplayStrings,398,Выбери внешний вид:
gameplay:GameplayStrings:399:rc_tut_a,GameplayStrings,399,"Тебя ждёт побег, о котором будут говорить всю жизнь…"
gameplay:GameplayStrings:400:rc_tut_b,GameplayStrings,400,"Тебя ждёт побег, о котором будут говорить всю жизнь…"
gameplay:GameplayStrings:401:rc_tut_c,GameplayStrings,401,"Тебя ждёт побег, который запомнится на всю жизнь…"
gameplay:GameplayStrings:402:rc_hmo_a,GameplayStrings,402,"Я редко ошибаюсь в студентах, которых беру… и ты не исключение!"
gameplay:GameplayStrings:403:rc_hmo_b,GameplayStrings,403,"Вот тот потенциал, который я в тебе почувствовал!"
gameplay:GameplayStrings:404:rc_hmo_c,GameplayStrings,404,"Допустим, ты технически сбежал… но работы у нас ещё много."
gameplay:GameplayStrings:405:rc_acr_a,GameplayStrings,405,Идеальная линия. И всё это без шаблона! Круто!
gameplay:GameplayStrings:406:rc_acr_b,GameplayStrings,406,"Памятник даже не заметил, что ты подкрадываешься."
gameplay:GameplayStrings:407:rc_acr_c,GameplayStrings,407,"Чуть абстрактно, но дело сделано."
gameplay:GameplayStrings:408:rc_unp_a,GameplayStrings,408,Ни капли на тебе! Директор не поверит!
gameplay:GameplayStrings:409:rc_unp_b,GameplayStrings,409,"Ты меня чуть не до смерти напугал, но всё обошлось!"
gameplay:GameplayStrings:410:rc_unp_c,GameplayStrings,410,"Батюшки, как же я переживал!"
gameplay:GameplayStrings:411:rc_brk_a,GameplayStrings,411,Даже Ил должен быть впечатлён после такого выступления!
gameplay:GameplayStrings:412:rc_brk_b,GameplayStrings,412,У тебя блестящее будущее в этой сфере!
gameplay:GameplayStrings:413:rc_brk_c,GameplayStrings,413,Мы едва успели… но ты привёл Ила домой.
gameplay:GameplayStrings:414:rc_lab_a,GameplayStrings,414,РЕЗУЛЬТАТ: Отчисление не требуется.
gameplay:GameplayStrings:415:rc_lab_b,GameplayStrings,415,ВЫПОЛНЕНИЕ: Удовлетворительно.
gameplay:GameplayStrings:416:rc_lab_c,GameplayStrings,416,ВЫВОД: Лжи не обнаружено.
gameplay:GameplayStrings:417:rc_pot_a,GameplayStrings,417,"Похоже, кого-то укусила ботаническая муха!"
gameplay:GameplayStrings:418:rc_pot_b,GameplayStrings,418,Ты правда умеешь обращаться с бензопилой!
gameplay:GameplayStrings:419:rc_pot_c,GameplayStrings,419,"Ничего страшного, если немного вспотел."
gameplay:GameplayStrings:420:rc_tbt_a,GameplayStrings,420,"Хорошая работа, парень. Принял яд как чемпион."
gameplay:GameplayStrings:421:rc_tbt_b,GameplayStrings,421,Расслабься. Немного яда полезно для души!
gameplay:GameplayStrings:422:rc_tbt_c,GameplayStrings,422,Утром ты почувствуешь этот яд.
gameplay:GameplayStrings:423:rc_rvr_a,GameplayStrings,423,Директор упустил по-настоящему яркое выступление.
gameplay:GameplayStrings:424:rc_rvr_b,GameplayStrings,424,Ты оставила Пейсли в пыли. Молодец.
gameplay:GameplayStrings:425:rc_rvr_c,GameplayStrings,425,"Конкуренция слабовата, но теперь ты можешь называть себя «Апекс-первокурсником»!"
gameplay:GameplayStrings:426:rc_tnt_a,GameplayStrings,426,"Я знал, что эвакуация не понадобится!"
gameplay:GameplayStrings:427:rc_tnt_b,GameplayStrings,427,"Бомбы Бонильи жестоки, но ты справился!"
gameplay:GameplayStrings:428:rc_tnt_c,GameplayStrings,428,Почти перепутал провода!
gameplay:GameplayStrings:429:rc_lib_a,GameplayStrings,429,"Если бы не ты, я бы сгорел дотла!"
gameplay:GameplayStrings:430:rc_lib_b,GameplayStrings,430,"Кажется, я обжег бровь!"
gameplay:GameplayStrings:431:rc_lib_c,GameplayStrings,431,"Я думал, нам конец!"
gameplay:GameplayStrings:432:rc_fin_a,GameplayStrings,432,"Стоило мне тебя увидеть, как я понял: у Кванти нет шансов."
gameplay:GameplayStrings:433:rc_fin_b,GameplayStrings,433,"Кванти меня разочаровал, а вот ты…"
gameplay:GameplayStrings:434:rc_fin_c,GameplayStrings,434,"Кванти меня разочаровал, а вот ты…"
gameplay:GameplayStrings:435:waitingForPartner,GameplayStrings,435,Партнёр неактивен; переподключение…
gameplay:GameplayStrings:436:safetyposter1,GameplayStrings,436,Безопасность прежде всего
gameplay:GameplayStrings:437:safetyposter2,GameplayStrings,437,Смертельное напряжение
gameplay:GameplayStrings:438:safetyposter3,GameplayStrings,438,Не трогать
gameplay:GameplayStrings:439:safetyposter4,GameplayStrings,439,Решай головоломки осторожно
gameplay:GameplayStrings:440:mottoposter1,GameplayStrings,440,Побег — это жизнь
gameplay:GameplayStrings:441:mottoposter2,GameplayStrings,441,Раскрой свой потенциал / Побег — это ключ
gameplay:GameplayStrings:442:mottoposter3,GameplayStrings,442,Помни: твоя лучшая версия — чья-то худшая
gameplay:GameplayStrings:443:rvr_promo1,GameplayStrings,443,Комната соперников: Возрождение! / Скоро
gameplay:GameplayStrings:444:rvr_promo2,GameplayStrings,444,"Я хочу, чтобы ты / прошёл отбор в Комнату соперников"
gameplay:GameplayStrings:445:hmo_onelongbeard,GameplayStrings,445,Вот это борода…
gameplay:GameplayStrings:446:hmo_studiousstone,GameplayStrings,446,Учёный.
gameplay:GameplayStrings:447:pot_plantsonplants,GameplayStrings,447,Растения держат растения. Как мило.
gameplay:GameplayStrings:448:pot_goldilocks,GameplayStrings,448,Это место выглядит <i>в самый раз</i>.
gameplay:GameplayStrings:449:rvr_lights,GameplayStrings,449,"Надеюсь, комментаторы поставят меня в хороший свет."
gameplay:GameplayStrings:450:rvr_micdrop,GameplayStrings,450,Красивый микрофон. Лучше не ронять.
gameplay:GameplayStrings:451:tbt_napkins,GameplayStrings,451,"О, фирменные салфетки."
gameplay:GameplayStrings:452:tbt_teacherstable,GameplayStrings,452,Просто сидеть и смотреть на нас?
gameplay:GameplayStrings:453:endyearone,GameplayStrings,453,Конец первого года
gameplay:GameplayStrings:455:clockNote,GameplayStrings,455,"«Часы сломаны. Считай, что 12:30». — Администрация"
gameplay:GameplayStrings:456:tutIntro2,GameplayStrings,456,Комнату
gameplay:GameplayStrings:457:tutIntro1,GameplayStrings,457,Сбеги из
gameplay:GameplayStrings:458:gobletF,GameplayStrings,458,Синий кубок
gameplay:GameplayStrings:459:gobletR,GameplayStrings,459,Жёлтый кубок
gameplay:GameplayStrings:460:gobletE,GameplayStrings,460,Красный кубок
gameplay:GameplayStrings:461:gobletClue,GameplayStrings,461,Таинственная подсказка
gameplay:GameplayStrings:462:gobletClue_ColorBlind,GameplayStrings,462,"Синий, жёлтый, красный, красный"
gameplay:GameplayStrings:463:fanBlurb,GameplayStrings,463,"По крайней мере, этому «тайному обществу» не жарко..."
gameplay:GameplayStrings:464:boxNote,GameplayStrings,464,"«Извините, нам хватило денег только на один сундук. Включите воображение». — Администрация"
gameplay:GameplayStrings:465:MainKey,GameplayStrings,465,«Ключ истины»
gameplay:GameplayStrings:466:AllieTUT,GameplayStrings,466,Визитка Алли
gameplay:GameplayStrings:467:JebTUT,GameplayStrings,467,Визитка Джеба
gameplay:GameplayStrings:468:QuantyTUT,GameplayStrings,468,Визитка Кванти
gameplay:GameplayStrings:469:SlipTUT,GameplayStrings,469,Визитка Слипа
gameplay:GameplayStrings:470:EelTUT,GameplayStrings,470,Визитка Э.Э.Л.
gameplay:GameplayStrings:471:escapeSign,GameplayStrings,471,Побег!
gameplay:GameplayStrings:472:SpecialKey,GameplayStrings,472,«Ключ лжи»
gameplay:GameplayStrings:473:lampNote,GameplayStrings,473,Фиолетовый свет. Как... загадочно?
gameplay:GameplayStrings:474:signHeader,GameplayStrings,474,Штаб тайного общества
gameplay:GameplayStrings:475:signNote,GameplayStrings,475,"Не такое уж это и тайное общество, если повесить большую вывеску…"
gameplay:GameplayStrings:476:toySkull,GameplayStrings,476,«Страшные» штуки!
gameplay:GameplayStrings:477:tradeTools,GameplayStrings,477,«Рабочие инструменты»
gameplay:GameplayStrings:478:fishPlacard,GameplayStrings,478,Это что... рыба?
gameplay:GameplayStrings:479:scannerComplete,GameplayStrings,479,С этим больше возиться не нужно.
gameplay:GameplayStrings:480:tvUnlocked,GameplayStrings,480,Странно…
gameplay:GameplayStrings:481:tvLocked,GameplayStrings,481,По телевизору ничего интересного…
gameplay:GameplayStrings:482:fishyDoor,GameplayStrings,482,Здесь что-то нечисто. Нужно осмотреться получше…
gameplay:GameplayStrings:483:scarecrow,GameplayStrings,483,"Держись, приятель."
gameplay:GameplayStrings:484:futureKeys,GameplayStrings,484,«Ключи к твоему будущему»
gameplay:GameplayStrings:485:mag1,GameplayStrings,485,«Подозрительные люди: ежемесячный журнал»
gameplay:GameplayStrings:486:mag2,GameplayStrings,486,Ничего интересного для чтения.
gameplay:GameplayStrings:487:majorKey,GameplayStrings,487,«Главный ключ»
gameplay:GameplayStrings:488:newspaperTUT,GameplayStrings,488,«Квест-комнаты! Они появляются по всей стране. Но действительно ли это ключ к хорошему времяпрепровождению?»
gameplay:GameplayStrings:489:boredNote,GameplayStrings,489,«Не забудьте выглядеть СКУЧНО!»
gameplay:GameplayStrings:490:promisingNote,GameplayStrings,490,«Нынешний испытуемый кажется многообещающим. У меня хорошее предчувствие».
gameplay:GameplayStrings:491:failedApplicants,GameplayStrings,491,"«Кандидат №3001: отказ, кандидат №3002: отказ, кандидат №3003: отказ...»"
gameplay:GameplayStrings:492:paperTrash,GameplayStrings,492,Здесь всё завалено бумажным мусором!
gameplay:GameplayStrings:493:paperTowel,GameplayStrings,493,Я ещё не готов бросать полотенце!
gameplay:GameplayStrings:494:advancedTest,GameplayStrings,494,«Продвинутый тест проходят менее 1% испытуемых».
gameplay:GameplayStrings:495:grossStain,GameplayStrings,495,Это место пропитано характером…
gameplay:GameplayStrings:496:soap,GameplayStrings,496,"Не могу дождаться, когда смою с себя это место."
gameplay:GameplayStrings:497:grossToliet,GameplayStrings,497,Это не может быть гигиенично…
gameplay:GameplayStrings:498:scannerClue,GameplayStrings,498,Здесь можно что-нибудь просканировать…
gameplay:GameplayStrings:499:noScan,GameplayStrings,499,Так не просканировать. Мне нужно что-нибудь со штрихкодом.
gameplay:GameplayStrings:500:unlockYour,GameplayStrings,500,Раскройте свой
gameplay:GameplayStrings:501:lyingKey,GameplayStrings,501,Ключ лжи
gameplay:GameplayStrings:502:weEscaped,GameplayStrings,502,Мы сбежали!
gameplay:GameplayStrings:503:truthfulKey,GameplayStrings,503,Ключ истины
gameplay:GameplayStrings:504:potential,GameplayStrings,504,потенциал
gameplay:GameplayStrings:505:beware,GameplayStrings,505,Осторожно!!!
gameplay:GameplayStrings:506:grossPizza,GameplayStrings,506,Лучше уж съесть рыбу — а ведь она даже не настоящая.
gameplay:GameplayStrings:507:tshirt,GameplayStrings,507,"Я сбежал, а нашёл только эту дурацкую футболку…"
gameplay:GameplayStrings:508:vacuum,GameplayStrings,508,"Ясно, этим давно никто не пользовался."
gameplay:GameplayStrings:509:emptyCooler,GameplayStrings,509,Этот пустой кулер пробуждает во мне жажду ответов.
gameplay:GameplayStrings:510:rereadText,GameplayStrings,510,"Ничего интересного для чтения. Интересно, что по телевизору…"
gameplay:GameplayStrings:511:tshirt1,GameplayStrings,511,1-е место
gameplay:GameplayStrings:512:tshirt2,GameplayStrings,512,2-е место
gameplay:GameplayStrings:513:tshirt3,GameplayStrings,513,3-е место
gameplay:GameplayStrings:514:tshirt4,GameplayStrings,514,4-е место
gameplay:GameplayStrings:515:tshirt5,GameplayStrings,515,5-е место
gameplay:GameplayStrings:516:tshirt6,GameplayStrings,516,6-е место
gameplay:GameplayStrings:517:wtf,GameplayStrings,517,Что за…
gameplay:GameplayStrings:518:phonebooth,GameplayStrings,518,Хоть бы позвонить кому-нибудь и рассказать об этом.
gameplay:GameplayStrings:519:tram,GameplayStrings,519,Что это за место?
gameplay:GameplayStrings:520:tvScreen2,GameplayStrings,520,Что я сейчас вижу?
gameplay:GameplayStrings:521:tvScreen3,GameplayStrings,521,Это… школа?
gameplay:GameplayStrings:522:vendingMachine,GameplayStrings,522,Распродано…
gameplay:GameplayStrings:523:puzzleSafe,GameplayStrings,523,Взлом сейфа
gameplay:GameplayStrings:524:puzzleChest,GameplayStrings,524,Обыск сундука
gameplay:GameplayStrings:525:puzzleTV,GameplayStrings,525,Посмотри телевизор
gameplay:GameplayStrings:526:puzzleKey,GameplayStrings,526,Разоблачи ложь
gameplay:GameplayStrings:527:puzzleDoor,GameplayStrings,527,Сбежать из комнаты?
gameplay:GameplayStrings:528:axe,GameplayStrings,528,Давай не будем топорно что-нибудь разбивать.
gameplay:GameplayStrings:529:gobletsReview,GameplayStrings,529,Собери горсть кубков.
gameplay:GameplayStrings:530:gobletHint,GameplayStrings,530,Используй буквы с кубков в порядке цветов.
gameplay:GameplayStrings:531:noteReview,GameplayStrings,531,"Используй подсказку, чтобы расшифровать код."
gameplay:GameplayStrings:532:safeReview,GameplayStrings,532,Открой сейф и «освободи» ключ.
gameplay:GameplayStrings:533:clockReview,GameplayStrings,533,Используй время на исправных часах…
gameplay:GameplayStrings:534:chestReview,GameplayStrings,534,…чтобы открыть величественный сундук.
gameplay:GameplayStrings:535:doorReview,GameplayStrings,535,Открой дверь и «Сбеги из комнаты».
gameplay:GameplayStrings:536:lobbyReview,GameplayStrings,536,Но загадка не раскрыта до конца…
gameplay:GameplayStrings:537:arrowReview,GameplayStrings,537,Осмотри мерч с изображением стрел.
gameplay:GameplayStrings:538:tvReview,GameplayStrings,538,Найди узор на футболках и введи его на пульте.
gameplay:GameplayStrings:539:familiarHint,GameplayStrings,539,Это кажется знакомым…
gameplay:GameplayStrings:540:postcardReview,GameplayStrings,540,Расставь открытки…
gameplay:GameplayStrings:541:keyReview,GameplayStrings,541,…и забери куда более крутой ключ.
gameplay:GameplayStrings:542:stallReview,GameplayStrings,542,Открой люк и смело спустись в неизвестность.
gameplay:GameplayStrings:543:img_KeyofTruth,GameplayStrings,543,Ключ истины
gameplay:GameplayStrings:544:img_AllieBiz,GameplayStrings,544,Органический чай от Алли Б.
gameplay:GameplayStrings:545:img_AllieBiz2,GameplayStrings,545,Это просто бомба!
gameplay:GameplayStrings:546:img_AllieBiz3,GameplayStrings,546,Внимание: держать вдали от огня и детей
gameplay:GameplayStrings:547:img_eelBiz,GameplayStrings,547,У вас в канализации Ил? Звоните в E.E.L.
gameplay:GameplayStrings:548:img_eelBiz2,GameplayStrings,548,Ил легко проигрывает… нам!
gameplay:GameplayStrings:549:img_FluffCard,GameplayStrings,549,Налоговые услуги Кванти
gameplay:GameplayStrings:550:img_FluffCard2,GameplayStrings,550,Налоги — это сложно и скучно. Позвольте мне взять на себя.
gameplay:GameplayStrings:551:secretTUTNote,GameplayStrings,551,"Если ты <u>смотришь</u>, ты никогда не уйдёшь! <u>Наконец</u>, ты раскрыл наш тайный орден. Пока <u>часы</u> отбивают твой конец! <u>Чтобы</u> узнать наш секрет, <u>открой</u> свой разум, чтобы раз<u>блокировать</u> всемогущий Ключ истины…"
gameplay:GameplayStrings:552:img_JebBiz,GameplayStrings,552,Джеб: профессиональный имитатор Санта-Клауса
gameplay:GameplayStrings:553:img_JebBiz2,GameplayStrings,553,Теперь доступен круглый год!
gameplay:GameplayStrings:554:img_OogieBoard,GameplayStrings,554,"да, нет, пока"
gameplay:GameplayStrings:555:img_SlipBiz,GameplayStrings,555,Занятия искусством со Слип — бесплатно!
gameplay:GameplayStrings:556:img_SlipBiz2,GameplayStrings,556,Не включает расходы на ущерб имуществу и юридические сборы
gameplay:GameplayStrings:557:noteHint,GameplayStrings,557,Смотри на выделенные слова.
gameplay:GameplayStrings:558:arrowHint,GameplayStrings,558,"Стрелки на футболках, стрелки на пульте…"
gameplay:GameplayStrings:559:ceilingdrip,GameplayStrings,559,Это место пропитано характером.
gameplay:GameplayStrings:560:supplyroommirror,GameplayStrings,560,"Он такой грязный, что я не вижу своё отражение."
gameplay:GameplayStrings:561:enterIfYouDare,GameplayStrings,561,"Входи, если осмелишься!"
gameplay:GameplayStrings:562:tutL0,GameplayStrings,562,A
gameplay:GameplayStrings:563:tutL1,GameplayStrings,563,B
gameplay:GameplayStrings:564:tutL2,GameplayStrings,564,C
gameplay:GameplayStrings:565:tutL3,GameplayStrings,565,D
gameplay:GameplayStrings:566:tutL4,GameplayStrings,566,E
gameplay:GameplayStrings:567:tutL5,GameplayStrings,567,F
gameplay:GameplayStrings:568:tutL6,GameplayStrings,568,Q
gameplay:GameplayStrings:569:tutL7,GameplayStrings,569,R
gameplay:GameplayStrings:570:tutL8,GameplayStrings,570,S
gameplay:GameplayStrings:571:tutLAnswer,GameplayStrings,571,FREE
gameplay:GameplayStrings:572:yellowGobletLetter,GameplayStrings,572,R
gameplay:GameplayStrings:573:blueGobletLetter,GameplayStrings,573,F
gameplay:GameplayStrings:574:redGobletLetter,GameplayStrings,574,E
gameplay:GameplayStrings:575:oddMerch,GameplayStrings,575,В этих футболках что-то… необычное.
gameplay:GameplayStrings:576:tvIsOn,GameplayStrings,576,Как странно…
gameplay:GameplayStrings:577:tutComboHintA,GameplayStrings,577,Читай подчёркнутые слова.
gameplay:GameplayStrings:578:tutComboHintB,GameplayStrings,578,Часы «запущены» на 12:30…
gameplay:GameplayStrings:579:puzzleGoblets,GameplayStrings,579,Собери кубки
gameplay:GameplayStrings:580:tutSafeHintA,GameplayStrings,580,Эти кубки складываются в слово.
gameplay:GameplayStrings:581:tutSafeHintB,GameplayStrings,581,Что написано на кубках?
gameplay:GameplayStrings:582:escapeHintA,GameplayStrings,582,Открой дверь.
gameplay:GameplayStrings:583:decipherMe,GameplayStrings,583,Расшифруй меня.
gameplay:GameplayStrings:584:scanBarcodes,GameplayStrings,584,Отсканируй три штрихкода…
gameplay:GameplayStrings:585:enrollInSchool,GameplayStrings,585,Узнай правду
gameplay:GameplayStrings:586:discoverTheTruth,GameplayStrings,586,Правда ждёт тебя…
gameplay:GameplayStrings:587:readTheNoteReviewA,GameplayStrings,587,В этой записке спрятано секретное предложение.
gameplay:GameplayStrings:588:readTheNoteReviewB,GameplayStrings,588,"Подчёркнутые слова говорят, что нужно посмотреть на часы."
gameplay:GameplayStrings:589:readTheNoteReviewC,GameplayStrings,589,12:30 открывает сундук!
gameplay:GameplayStrings:590:crackSafeTutReviewA,GameplayStrings,590,Кубки образуют секретное слово.
gameplay:GameplayStrings:591:crackSafeTutReviewB,GameplayStrings,591,Введи его в сейф…
gameplay:GameplayStrings:592:crackSafeTutReviewC,GameplayStrings,592,И освободи «Ключ правды».
gameplay:GameplayStrings:593:bathroomTutReviewA,GameplayStrings,593,Собери визитки с пробковой доски.
gameplay:GameplayStrings:594:bathroomTutReviewB,GameplayStrings,594,Раскрой ключ шифра.
gameplay:GameplayStrings:595:bathroomTutReviewC,GameplayStrings,595,Расшифруй имена на телевизоре и отсканируй эти визитки.
gameplay:GameplayStrings:596:bathroomTutReviewD,GameplayStrings,596,Чтобы получить «Ключ лжи»
gameplay:GameplayStrings:597:tutHeadmasterReviewA,GameplayStrings,597,Ты поступил в Академию.
gameplay:GameplayStrings:598:tut_phone_label,GameplayStrings,598,Телефон
gameplay:GameplayStrings:600:atmHeaderLabel,GameplayStrings,600,Имя?
gameplay:GameplayStrings:601:comfyChair,GameplayStrings,601,Выглядит удобно. Но сейчас не время сидеть!
gameplay:GameplayStrings:602:gradedTests,GameplayStrings,602,Столбик проверенных работ.
gameplay:GameplayStrings:603:grandfatherClock,GameplayStrings,603,У меня мало времени!
gameplay:GameplayStrings:604:rugPile,GameplayStrings,604,Ковровый интерьер.
gameplay:GameplayStrings:605:goblets,GameplayStrings,605,Шик.
gameplay:GameplayStrings:606:emptyBag,GameplayStrings,606,Карманы пусты.
gameplay:GameplayStrings:607:trash,GameplayStrings,607,Я обнаружил уникальный запах.
gameplay:GameplayStrings:608:france,GameplayStrings,608,Франция
gameplay:GameplayStrings:609:spain,GameplayStrings,609,Испания
gameplay:GameplayStrings:610:mexico,GameplayStrings,610,Мексика
gameplay:GameplayStrings:611:paraguay,GameplayStrings,611,Парагвай
gameplay:GameplayStrings:612:laos,GameplayStrings,612,Лаос
gameplay:GameplayStrings:613:greece,GameplayStrings,613,Греция
gameplay:GameplayStrings:614:germany,GameplayStrings,614,Германия
gameplay:GameplayStrings:615:canada,GameplayStrings,615,Канада
gameplay:GameplayStrings:616:sAfrica,GameplayStrings,616,Ю. Африка
gameplay:GameplayStrings:617:egypt,GameplayStrings,617,Египет
gameplay:GameplayStrings:618:china,GameplayStrings,618,Китай
gameplay:GameplayStrings:619:vietnam,GameplayStrings,619,Вьетнам
gameplay:GameplayStrings:620:brazil,GameplayStrings,620,Бразилия
gameplay:GameplayStrings:621:algeria,GameplayStrings,621,Алжир
gameplay:GameplayStrings:622:japan,GameplayStrings,622,Япония
gameplay:GameplayStrings:623:nKorea,GameplayStrings,623,КНДР
gameplay:GameplayStrings:624:sKorea,GameplayStrings,624,Юж. Корея
gameplay:GameplayStrings:625:countingHint,GameplayStrings,625,Я на тебя СЧИТАЮ.
gameplay:GameplayStrings:626:pianoA,GameplayStrings,626,A
gameplay:GameplayStrings:627:pianoB,GameplayStrings,627,B
gameplay:GameplayStrings:628:pianoC,GameplayStrings,628,C
gameplay:GameplayStrings:629:pianoD,GameplayStrings,629,D
gameplay:GameplayStrings:630:pianoE,GameplayStrings,630,E
gameplay:GameplayStrings:631:pianoF,GameplayStrings,631,F
gameplay:GameplayStrings:632:pianoG,GameplayStrings,632,G
gameplay:GameplayStrings:633:unlock,GameplayStrings,633,Открыть
gameplay:GameplayStrings:634:niceWork,GameplayStrings,634,Отличная работа.
gameplay:GameplayStrings:635:nope,GameplayStrings,635,Нет.
gameplay:GameplayStrings:636:insertDisk,GameplayStrings,636,>ВСТАВЬ\nДИСК
gameplay:GameplayStrings:637:pianoDisplay,GameplayStrings,637,DEAD
gameplay:GameplayStrings:638:pianoPassword,GameplayStrings,638,DEAD
gameplay:GameplayStrings:639:calling,GameplayStrings,639,Соединение…
gameplay:GameplayStrings:640:callEnded,GameplayStrings,640,Звонок\nзавершён
gameplay:GameplayStrings:641:brokenBulb,GameplayStrings,641,Одна из этих ламп сломана…
gameplay:GameplayStrings:642:brokenBulbWrongAnswer,GameplayStrings,642,Не подходит.
gameplay:GameplayStrings:643:pottedPlant,GameplayStrings,643,"Растение идеально политое. Директор, должно быть, очень о нём заботится."
gameplay:GameplayStrings:644:morePlants,GameplayStrings,644,"Ещё растения. Должно быть, на полив всех уходит целая вечность."
gameplay:GameplayStrings:645:bookshelfA,GameplayStrings,645,Стопки и стопки книг. Только имён я не вижу…
gameplay:GameplayStrings:646:bookshelfB,GameplayStrings,646,"Столько книг. Есть ли хоть что-то, что директор не изучает?"
gameplay:GameplayStrings:647:bookshelfC,GameplayStrings,647,Ещё пыльные книги. Ничего полезного.
gameplay:GameplayStrings:648:extraBooksA,GameplayStrings,648,Старые пыльные книги. Их давно никто не читал.
gameplay:GameplayStrings:649:extraBooksB,GameplayStrings,649,"Детективы. Похоже, их давно никто не читал."
gameplay:GameplayStrings:650:oldBooks,GameplayStrings,650,Старые пыльные книги.
gameplay:GameplayStrings:651:candles,GameplayStrings,651,Разве безопасно оставлять огонь горящим постоянно?
gameplay:GameplayStrings:652:certificateA,GameplayStrings,652,"Вау, у неё докторская степень."
gameplay:GameplayStrings:653:certificateB,GameplayStrings,653,Сколько у него докторских степеней?
gameplay:GameplayStrings:654:emptyPockets,GameplayStrings,654,Карманы теперь пусты.
gameplay:GameplayStrings:655:oldCoffeeHMO,GameplayStrings,655,Как давно это стоит тут? Фу.
gameplay:GameplayStrings:656:computerPrompt,GameplayStrings,656,«Вставьте диск».
gameplay:GameplayStrings:657:computerWrongAnswer,GameplayStrings,657,Это не вставляется в компьютер.
gameplay:GameplayStrings:658:deskLamp,GameplayStrings,658,"Это настольная лампа, конечно."
gameplay:GameplayStrings:659:deskLamp2,GameplayStrings,659,Обычная настольная лампа.
gameplay:GameplayStrings:660:lockedDesk,GameplayStrings,660,Заперто.
gameplay:GameplayStrings:661:computerDEAD,GameplayStrings,661,Написано «DEAD»
gameplay:GameplayStrings:662:bookcaseTip,GameplayStrings,662,"Погодите-ка... Эти книги поддельные! Ставлю, если нажать на нужные, что-то произойдёт."
gameplay:GameplayStrings:663:bookcaseComplete,GameplayStrings,663,"Нажав на эти книги, я открыл секретную дверь."
gameplay:GameplayStrings:664:exitDoor,GameplayStrings,664,Дверь на выход. Она не поддается.
gameplay:GameplayStrings:665:oldPapers,GameplayStrings,665,Старые пыльные бумаги. Не выглядят полезными.
gameplay:GameplayStrings:666:oldPapersB,GameplayStrings,666,Старые отчёты о расходах. Ничего полезного.
gameplay:GameplayStrings:667:foxMaskA,GameplayStrings,667,Какая-то маска лисы. Жутковато.
gameplay:GameplayStrings:668:foxMaskB,GameplayStrings,668,Эта маска лисы кажется знакомой...
gameplay:GameplayStrings:669:goldBars,GameplayStrings,669,Всё это золото должно стоить целое состояние!
gameplay:GameplayStrings:670:looseScrews,GameplayStrings,670,Винты на этой решётке ослаблены.
gameplay:GameplayStrings:671:portraitA,GameplayStrings,671,Портрет директора. Только без таблички с именем.
gameplay:GameplayStrings:672:portraitB,GameplayStrings,672,Старый портрет. Этот человек выглядит серьёзно.
gameplay:GameplayStrings:673:portraitC,GameplayStrings,673,«Томас Джеберсон». Похоже на одного из основателей школы.
gameplay:GameplayStrings:674:jewels,GameplayStrings,674,Смотрите на все эти украшения! У директора богатая коллекция.
gameplay:GameplayStrings:675:stacksOfPaper,GameplayStrings,675,Старые статьи из журналов. Какой беспорядок!
gameplay:GameplayStrings:676:instructionsLetter,GameplayStrings,676,"«Если хочешь сбежать, ответь на один вопрос: как меня зовут?»\nС уважением, <i>Директор</i>"
gameplay:GameplayStrings:677:trophyRecipt,GameplayStrings,677,Это чек ровно на три трофея. Странно...
gameplay:GameplayStrings:678:puzzleCube,GameplayStrings,678,"Конечно, директору нравятся головоломки."
gameplay:GameplayStrings:679:scratchMarks,GameplayStrings,679,Что за царапины?
gameplay:GameplayStrings:680:skull,GameplayStrings,680,"Надеюсь, это реквизитный череп."
gameplay:GameplayStrings:681:stapler,GameplayStrings,681,Это просто обычный степлер.
gameplay:GameplayStrings:682:statue,GameplayStrings,682,Эта статуя выглядит древней.
gameplay:GameplayStrings:683:wineBottle,GameplayStrings,683,Бутылка ещё холодная. Кто-то только что был здесь.
gameplay:GameplayStrings:684:westShelf,GameplayStrings,684,Комнатное растение и маленький кораблик…
gameplay:GameplayStrings:685:clockRecipt,GameplayStrings,685,Это чек ровно на два часа. Хм…
gameplay:GameplayStrings:686:plantRecipt,GameplayStrings,686,Это чек ровно на пять горшечных растений. Интересно…
gameplay:GameplayStrings:687:trophyA,GameplayStrings,687,На этих трофеях ничего не написано. Странно…
gameplay:GameplayStrings:688:trophyB,GameplayStrings,688,Какая впечатляющая карьера.
gameplay:GameplayStrings:689:weaponsA,GameplayStrings,689,Мушкеты с чёрным порохом.
gameplay:GameplayStrings:690:weaponsB,GameplayStrings,690,Вот это инструменты. Выглядят грозно.
gameplay:GameplayStrings:691:deskKey,GameplayStrings,691,Маленький ключ
gameplay:GameplayStrings:692:groupPhoto,GameplayStrings,692,Групповое фото
gameplay:GameplayStrings:693:lightbulb,GameplayStrings,693,УФ-лампа
gameplay:GameplayStrings:694:egyptPic,GameplayStrings,694,Директор в Египте
gameplay:GameplayStrings:695:japanPic,GameplayStrings,695,Директор в Японии
gameplay:GameplayStrings:696:greecePic,GameplayStrings,696,Директор в Греции
gameplay:GameplayStrings:697:floppy,GameplayStrings,697,Дискета
gameplay:GameplayStrings:698:screwdriver,GameplayStrings,698,Отвертка
gameplay:GameplayStrings:699:middleNamePuzzle,GameplayStrings,699,Отчество директора
gameplay:GameplayStrings:700:reviewFindKey,GameplayStrings,700,Найди ключ в кармане этого пальто.
gameplay:GameplayStrings:701:unlockMe,GameplayStrings,701,Открой меня.
gameplay:GameplayStrings:702:reviewUnlockDesk,GameplayStrings,702,Открой стол и возьми отвёртку.
gameplay:GameplayStrings:703:forgotSomething,GameplayStrings,703,Ты что-то забыл…
gameplay:GameplayStrings:704:reviewVent,GameplayStrings,704,Открути решётку вентиляции и пролезь внутрь.
gameplay:GameplayStrings:705:ventClue,GameplayStrings,705,В вентиляции есть подсказка…
gameplay:GameplayStrings:706:reviewVentPhone,GameplayStrings,706,Найди номер телефона в вентиляции.
gameplay:GameplayStrings:707:nameHintLast1,GameplayStrings,707,Джеб знает фамилию директора.
gameplay:GameplayStrings:708:callMe,GameplayStrings,708,Позвони Джебу…
gameplay:GameplayStrings:709:reviewPhone,GameplayStrings,709,"Позвони, чтобы узнать её фамилию."
gameplay:GameplayStrings:710:enterMiddleName,GameplayStrings,710,Введи отчество директора!
gameplay:GameplayStrings:711:bookcasePuzzle,GameplayStrings,711,Перемещение книжного шкафа
gameplay:GameplayStrings:712:threeSymbolsHint,GameplayStrings,712,Что означают эти три символа?
gameplay:GameplayStrings:713:countClocksHint,GameplayStrings,713,"Посчитай количество часов, растений и трофеев в комнате."
gameplay:GameplayStrings:714:countClocksReview,GameplayStrings,714,"Посчитай количество часов, растений и трофеев в комнате."
gameplay:GameplayStrings:715:collectEverything,GameplayStrings,715,"Собери всё, что внутри."
gameplay:GameplayStrings:716:collectReview,GameplayStrings,716,"Собери фотографии директора в Греции, Японии и Египте."
gameplay:GameplayStrings:717:haveYouSeenThis,GameplayStrings,717,Ты видел эти страны где-нибудь ещё?
gameplay:GameplayStrings:718:matchPhotos,GameplayStrings,718,Сопоставь фотографии директора.
gameplay:GameplayStrings:719:pressBooksInstrux,GameplayStrings,719,"Нажимай на книги в том же порядке, что и на фотографиях."
gameplay:GameplayStrings:720:lastNamePuzzle,GameplayStrings,720,Фамилия директора
gameplay:GameplayStrings:721:findFloppyReview,GameplayStrings,721,Найди дискету на полке.
gameplay:GameplayStrings:722:insertDiskReview,GameplayStrings,722,Вставь дискету. Компьютер говорит «DEAD».
gameplay:GameplayStrings:723:deadHint2,GameplayStrings,723,«DEAD». В этом есть музыкальный оттенок...
gameplay:GameplayStrings:724:deadHint3,GameplayStrings,724,Сыграй «DEAD»...
gameplay:GameplayStrings:725:deadReview,GameplayStrings,725,"Сыграй «DEAD» на рояле, чтобы получить лампу."
gameplay:GameplayStrings:726:lightbulbHint,GameplayStrings,726,Вкрути лампочку…
gameplay:GameplayStrings:727:lightbulbReview,GameplayStrings,727,"Лампочка выявляет второе имя директора, написанное УФ-чернилами."
gameplay:GameplayStrings:728:lastNameEntry,GameplayStrings,728,Введи фамилию директора!
gameplay:GameplayStrings:729:firstNamePuzzle,GameplayStrings,729,Имя директора
gameplay:GameplayStrings:730:foxHintA,GameplayStrings,730,Эта маска лисы кажется знакомой…
gameplay:GameplayStrings:731:foxHintB,GameplayStrings,731,Какая маска принадлежит директору?
gameplay:GameplayStrings:732:foxReviewA,GameplayStrings,732,Эта маска лисы…
gameplay:GameplayStrings:733:foxReviewB,GameplayStrings,733,"…это та, что на Сэнди на фото."
gameplay:GameplayStrings:734:hmoIntro1,GameplayStrings,734,Сдай
gameplay:GameplayStrings:735:hmoIntro2,GameplayStrings,735,Экзамен
gameplay:GameplayStrings:736:firstName,GameplayStrings,736,*ИМЯ*
gameplay:GameplayStrings:737:middleName,GameplayStrings,737,*ОТЧЕСТВО*
gameplay:GameplayStrings:738:lastName,GameplayStrings,738,*ФАМИЛИЯ*
gameplay:GameplayStrings:739:firstCA,GameplayStrings,739,Сандра
gameplay:GameplayStrings:740:first1,GameplayStrings,740,Дебора
gameplay:GameplayStrings:741:first2,GameplayStrings,741,Шарлотта
gameplay:GameplayStrings:742:first3,GameplayStrings,742,Тианна
gameplay:GameplayStrings:743:first4,GameplayStrings,743,Патриция
gameplay:GameplayStrings:744:first5,GameplayStrings,744,Элизабет
gameplay:GameplayStrings:745:first6,GameplayStrings,745,Линда
gameplay:GameplayStrings:746:first7,GameplayStrings,746,Барбара
gameplay:GameplayStrings:747:first8,GameplayStrings,747,Мэри
gameplay:GameplayStrings:748:first9,GameplayStrings,748,Кимберли
gameplay:GameplayStrings:749:first10,GameplayStrings,749,Джудит
gameplay:GameplayStrings:750:first11,GameplayStrings,750,Глория
gameplay:GameplayStrings:751:lastCA,GameplayStrings,751,Солянж
gameplay:GameplayStrings:752:last1,GameplayStrings,752,Виндзор
gameplay:GameplayStrings:753:last2,GameplayStrings,753,Пападелла
gameplay:GameplayStrings:754:last3,GameplayStrings,754,Тикка
gameplay:GameplayStrings:755:last4,GameplayStrings,755,Шрек
gameplay:GameplayStrings:756:last5,GameplayStrings,756,Ломбардо
gameplay:GameplayStrings:757:last6,GameplayStrings,757,Поллок
gameplay:GameplayStrings:758:last7,GameplayStrings,758,Плебиан
gameplay:GameplayStrings:759:last8,GameplayStrings,759,Ремюлад
gameplay:GameplayStrings:760:last9,GameplayStrings,760,Кей
gameplay:GameplayStrings:761:last10,GameplayStrings,761,Редвуд
gameplay:GameplayStrings:762:last11,GameplayStrings,762,Трулия
gameplay:GameplayStrings:763:middleCA,GameplayStrings,763,Жаклин
gameplay:GameplayStrings:764:middle10,GameplayStrings,764,Редфин
gameplay:GameplayStrings:765:middle1,GameplayStrings,765,Электра
gameplay:GameplayStrings:766:middle2,GameplayStrings,766,Синтия
gameplay:GameplayStrings:767:middle3,GameplayStrings,767,Беверли
gameplay:GameplayStrings:768:middle4,GameplayStrings,768,Пегги
gameplay:GameplayStrings:769:middle5,GameplayStrings,769,Тереза
gameplay:GameplayStrings:770:middle6,GameplayStrings,770,Алиса
gameplay:GameplayStrings:771:middle7,GameplayStrings,771,Ванда
gameplay:GameplayStrings:772:middle8,GameplayStrings,772,Роза
gameplay:GameplayStrings:773:middle9,GameplayStrings,773,Пилорама
gameplay:GameplayStrings:774:middle11,GameplayStrings,774,Правда
gameplay:GameplayStrings:775:ventMaintenance,GameplayStrings,775,«Обслуживание вентиляции: Джеб.\nПроблемы? Звоните: 952-4242»
gameplay:GameplayStrings:776:junk,GameplayStrings,776,Смотрите на этот хлам!
gameplay:GameplayStrings:777:spaceShuttle,GameplayStrings,777,Здесь для него достаточно места.
gameplay:GameplayStrings:778:bell,GameplayStrings,778,"Скорее всего, неважно. В любом случае, колокольчик не звенит."
gameplay:GameplayStrings:779:wine,GameplayStrings,779,«Шато Д'Эскейп». Отличный винтаж.
gameplay:GameplayStrings:780:knight,GameplayStrings,780,Там кто-нибудь есть?
gameplay:GameplayStrings:781:lilShip,GameplayStrings,781,Кораблик. Не хватает только бутылки.
gameplay:GameplayStrings:783:img_GroupPhoto,GameplayStrings,783,"Изгои: Лиз, Рик, Сэнди, Ил, Чарли, Ким"
gameplay:GameplayStrings:784:img_diploma,GameplayStrings,784,По решению Совета побегов и почётных попечителей
gameplay:GameplayStrings:785:img_diploma2,GameplayStrings,785,Академии побегов
gameplay:GameplayStrings:786:img_diploma3,GameplayStrings,786,"присваивается звание профессора побегов, эскаписта."
gameplay:GameplayStrings:787:img_diploma4,GameplayStrings,787,Магистрат Совета
gameplay:GameplayStrings:788:img_diploma5,GameplayStrings,788,Казначей
gameplay:GameplayStrings:789:img_diplomaBlacklight,GameplayStrings,789,Жаклин
gameplay:GameplayStrings:790:lidClue,GameplayStrings,790,"Часы, растение, трофей… Как открыть этот кейс?"
gameplay:GameplayStrings:794:unpFloor1Text,GameplayStrings,794,СТРАХ
gameplay:GameplayStrings:795:unpFloor1CA_ATM,GameplayStrings,795,СТРАХ
gameplay:GameplayStrings:796:unpFloor1CA,GameplayStrings,796,СТРАХ
gameplay:GameplayStrings:797:unpFloor2CA_ATM,GameplayStrings,797,ЗАМЕДЛЯЕТ
gameplay:GameplayStrings:798:unpFloor2CA,GameplayStrings,798,ЗАМЕДЛЯЕТ
gameplay:GameplayStrings:799:unpFloor3CA_ATM,GameplayStrings,799,РАБОТУ
gameplay:GameplayStrings:800:unpFloor3CA,GameplayStrings,800,РАБОТУ
gameplay:GameplayStrings:801:unpFloor4CA_ATM,GameplayStrings,801,ТВОЕГО
gameplay:GameplayStrings:802:unpFloor4CA,GameplayStrings,802,ТВОЕГО
gameplay:GameplayStrings:803:unpFloor5CA_ATM,GameplayStrings,803,РАЗУМА
gameplay:GameplayStrings:804:unpFloor5CA,GameplayStrings,804,РАЗУМА
gameplay:GameplayStrings:805:cipherTranslatedA,GameplayStrings,805,ПЕРЕ\nВЕС
gameplay:GameplayStrings:806:cipherTranslatedB,GameplayStrings,806,ПОД\nДАВЛЕНИЕМ
gameplay:GameplayStrings:807:cipherA,GameplayStrings,807,BIRE<br>JRVTUG
gameplay:GameplayStrings:808:cipherB,GameplayStrings,808,HAQRE<br>CERFFHER
gameplay:GameplayStrings:809:unpClue1A,GameplayStrings,809,МЫ ВСЕ
gameplay:GameplayStrings:810:unpClue1B,GameplayStrings,810,ВОДУ
gameplay:GameplayStrings:811:mk5,GameplayStrings,811,Mk.5
gameplay:GameplayStrings:812:whatsTheMoral,GameplayStrings,812,В ЧЁМ МОРАЛЬ ЭТОЙ ИСТОРИИ?
gameplay:GameplayStrings:813:abc,GameplayStrings,813,abc
gameplay:GameplayStrings:814:def,GameplayStrings,814,def
gameplay:GameplayStrings:815:ghi,GameplayStrings,815,ghi
gameplay:GameplayStrings:816:jkl,GameplayStrings,816,jkl
gameplay:GameplayStrings:817:mno,GameplayStrings,817,mno
gameplay:GameplayStrings:818:pqr,GameplayStrings,818,pqr
gameplay:GameplayStrings:819:stu,GameplayStrings,819,stu
gameplay:GameplayStrings:820:vwx,GameplayStrings,820,vwx
gameplay:GameplayStrings:821:yz,GameplayStrings,821,yz
gameplay:GameplayStrings:822:over,GameplayStrings,822,ПЕРЕ
gameplay:GameplayStrings:823:under,GameplayStrings,823,ПОД
gameplay:GameplayStrings:824:floor5WA1,GameplayStrings,824,ТРУБА
gameplay:GameplayStrings:825:floor5CA_LR,GameplayStrings,825,ДВИЖ
gameplay:GameplayStrings:826:floor5WA2,GameplayStrings,826,ТЕМН
gameplay:GameplayStrings:827:floor5CA_UR,GameplayStrings,827,ГИБК
gameplay:GameplayStrings:828:floor5CA_LL,GameplayStrings,828,ДОБР
gameplay:GameplayStrings:829:floor5WA3,GameplayStrings,829,ПЛУГ
gameplay:GameplayStrings:830:floor5CA_UL,GameplayStrings,830,ОГОН
gameplay:GameplayStrings:831:floor5WA4,GameplayStrings,831,ПАДЕ
gameplay:GameplayStrings:832:waterQuality,GameplayStrings,832,КАЧЕСТВО\nВОДЫ
gameplay:GameplayStrings:833:waterWetness,GameplayStrings,833,ВЛАЖНОСТЬ\nВОДЫ
gameplay:GameplayStrings:834:waterPressure,GameplayStrings,834,ДАВЛЕНИЕ\nВОДЫ
gameplay:GameplayStrings:835:waterWeight,GameplayStrings,835,ВЕС\nВОДЫ
gameplay:GameplayStrings:836:waterDepth,GameplayStrings,836,ГЛУБИНА\nВОДЫ
gameplay:GameplayStrings:837:waterTemp,GameplayStrings,837,ТЕМПЕРАТУРА\nВОДЫ
gameplay:GameplayStrings:838:waterPurity,GameplayStrings,838,ЧИСТОТА\nВОДЫ
gameplay:GameplayStrings:839:w,GameplayStrings,839,W
gameplay:GameplayStrings:840:willWonky,GameplayStrings,840,WiLL
gameplay:GameplayStrings:841:remember,GameplayStrings,841,Помни:
gameplay:GameplayStrings:842:moral,GameplayStrings,842,МОРАЛЬ?
gameplay:GameplayStrings:843:noSignal,GameplayStrings,843,НЕТ СИГНАЛА.
gameplay:GameplayStrings:845:floor4Distractor5,GameplayStrings,845,НЕТ
gameplay:GameplayStrings:846:floor4Distractor4,GameplayStrings,846,МАЙК
gameplay:GameplayStrings:847:floor4CA1,GameplayStrings,847,ЙОГА
gameplay:GameplayStrings:848:floor4Distractor1,GameplayStrings,848,СВОБОДА
gameplay:GameplayStrings:849:floor4Distractor2,GameplayStrings,849,БОЛЬШЕ
gameplay:GameplayStrings:850:floor4CA2,GameplayStrings,850,ЧАС
gameplay:GameplayStrings:851:floor4Distractor3,GameplayStrings,851,ОСТАВАЙСЯ
gameplay:GameplayStrings:852:underPressure,GameplayStrings,852,ПОД ДАВЛЕНИЕМ
gameplay:GameplayStrings:853:preTitleCard,GameplayStrings,853,Не
gameplay:GameplayStrings:854:titleCard,GameplayStrings,854,Тони
gameplay:GameplayStrings:855:tvBroadcast,GameplayStrings,855,Эта камера транслирует сигнал на телевизор в соседней комнате.
gameplay:GameplayStrings:856:doneWithThis,GameplayStrings,856,Мне больше не нужно с этим возиться.
gameplay:GameplayStrings:857:doneWithThisB,GameplayStrings,857,Всё выглядит правильно. Не стоит больше трогать это.
gameplay:GameplayStrings:858:attachHook,GameplayStrings,858,К этому крюку можно что-то прикрепить…
gameplay:GameplayStrings:859:notThat,GameplayStrings,859,Не то.
gameplay:GameplayStrings:860:powerOut,GameplayStrings,860,Свет отключён…
gameplay:GameplayStrings:861:doubleTools,GameplayStrings,861,У меня уже есть эти инструменты. Мило со стороны Джеба оставить лишние.
gameplay:GameplayStrings:862:fragileTip,GameplayStrings,862,"«Хрупкое», да?"
gameplay:GameplayStrings:863:glowPaint,GameplayStrings,863,Светящаяся в темноте краска…
gameplay:GameplayStrings:864:bunkerDoor,GameplayStrings,864,Не сдвигается.
gameplay:GameplayStrings:865:falseWater,GameplayStrings,865,"Интересно, насколько это отверстие глубокое…"
gameplay:GameplayStrings:866:waterDepthLabel,GameplayStrings,866,«Глубина воды»
gameplay:GameplayStrings:867:waterQualityLabel,GameplayStrings,867,«Качество воды»
gameplay:GameplayStrings:868:waterWetnessLabel,GameplayStrings,868,«Влажность воды»
gameplay:GameplayStrings:869:waterPressureLabel,GameplayStrings,869,«Давление воды»
gameplay:GameplayStrings:870:waterWeightLabel,GameplayStrings,870,«Вес воды»
gameplay:GameplayStrings:871:waterTempLabel,GameplayStrings,871,«Температура воды»
gameplay:GameplayStrings:872:waterPurityLabel,GameplayStrings,872,«Чистота воды»
gameplay:GameplayStrings:873:woodBoard,GameplayStrings,873,"Гвозди расшатаны, но вырвать их руками не получится."
gameplay:GameplayStrings:874:pinboardCTA,GameplayStrings,874,Можно прикрепить что-нибудь на эту доску.
gameplay:GameplayStrings:875:noClimbingBack,GameplayStrings,875,Спускаться обратно незачем.
gameplay:GameplayStrings:876:exitNow,GameplayStrings,876,Дверь разблокирована! Что я ещё жду?
gameplay:GameplayStrings:877:screwedShut,GameplayStrings,877,Оно закручено наглухо.
gameplay:GameplayStrings:878:missing,GameplayStrings,878,Чего-то не хватает…
gameplay:GameplayStrings:879:overCTA,GameplayStrings,879,«Верхний».\nМожно воткнуть сюда что-нибудь.
gameplay:GameplayStrings:880:underCTA,GameplayStrings,880,«Нижний».\nМожно воткнуть сюда что-нибудь.
gameplay:GameplayStrings:881:noFit,GameplayStrings,881,Не подходит.
gameplay:GameplayStrings:882:missingHandle,GameplayStrings,882,Ручки нет.
gameplay:GameplayStrings:883:nothingHappened,GameplayStrings,883,Ничего не произошло...
gameplay:GameplayStrings:884:uncomfortableBed,GameplayStrings,884,Выглядит не очень удобно.
gameplay:GameplayStrings:885:uncomfortableBedB,GameplayStrings,885,Кто тут вообще может спать?
gameplay:GameplayStrings:886:bedLetter,GameplayStrings,886,«Старайся не утонуть» — Администрация
gameplay:GameplayStrings:887:sticky1,GameplayStrings,887,«Красный — двойной жёлтый».
gameplay:GameplayStrings:888:sticky2,GameplayStrings,888,"«Синий больше жёлтого, но меньше красного»."
gameplay:GameplayStrings:889:sticky3,GameplayStrings,889,«Жёлтый — нечётный».
gameplay:GameplayStrings:890:sticky4,GameplayStrings,890,«Ни один вентиль не должен быть на 5».
gameplay:GameplayStrings:891:cantUntie,GameplayStrings,891,Эту верёвку не развязать голыми руками…
gameplay:GameplayStrings:892:didntWork,GameplayStrings,892,Не сработало.
gameplay:GameplayStrings:893:liveCameraFeed,GameplayStrings,893,Это прямая трансляция с камеры…
gameplay:GameplayStrings:894:tooLateToReturn,GameplayStrings,894,Спуститься обратно уже поздно…
gameplay:GameplayStrings:895:noSignalB,GameplayStrings,895,«Нет сигнала»…
gameplay:GameplayStrings:896:waterCooler,GameplayStrings,896,У меня и так воды хватает.
gameplay:GameplayStrings:897:spoutOn,GameplayStrings,897,Вода поднимается быстро. Надо спешить!
gameplay:GameplayStrings:898:spoutOff,GameplayStrings,898,У меня плохое предчувствие из-за этой трубы…
gameplay:GameplayStrings:899:noDice,GameplayStrings,899,Не то.
gameplay:GameplayStrings:900:atmF1WA1,GameplayStrings,900,НАДЕЖДА
gameplay:GameplayStrings:901:atmF1WA2,GameplayStrings,901,ЛЮБОВЬ
gameplay:GameplayStrings:902:atmF1WA3,GameplayStrings,902,ЯРОСТЬ
gameplay:GameplayStrings:903:atmF2WA1,GameplayStrings,903,НЕ ХОЧУ
gameplay:GameplayStrings:904:atmF2WA2,GameplayStrings,904,НЕ МОГУ
gameplay:GameplayStrings:905:atmF2WA3,GameplayStrings,905,ДОЛЖЕН
gameplay:GameplayStrings:906:atmF3WA1,GameplayStrings,906,РАНИТЬ
gameplay:GameplayStrings:907:atmF3WA2,GameplayStrings,907,ЛЕЧИТЬ
gameplay:GameplayStrings:908:atmF3WA3,GameplayStrings,908,ВЗРЫВАТЬ
gameplay:GameplayStrings:909:atmF4WA1,GameplayStrings,909,НЕКОТОРЫЕ
gameplay:GameplayStrings:910:atmF4WA2,GameplayStrings,910,НАШИ
gameplay:GameplayStrings:911:atmF4WA3,GameplayStrings,911,ТОТ
gameplay:GameplayStrings:912:atmF5WA1,GameplayStrings,912,ГЛАЗА
gameplay:GameplayStrings:913:atmF5WA2,GameplayStrings,913,НОГИ
gameplay:GameplayStrings:914:atmF5WA3,GameplayStrings,914,ДУША
gameplay:GameplayStrings:915:smallKey,GameplayStrings,915,Маленький ключ
gameplay:GameplayStrings:916:hammer,GameplayStrings,916,Молоток
gameplay:GameplayStrings:917:clippers,GameplayStrings,917,Секатор
gameplay:GameplayStrings:918:strangeDevice,GameplayStrings,918,Странное устройство
gameplay:GameplayStrings:919:cipherSheet,GameplayStrings,919,Лист шифра
gameplay:GameplayStrings:920:rustyKey,GameplayStrings,920,Ржавый ключ
gameplay:GameplayStrings:921:safeManual,GameplayStrings,921,Инструкция к сейфу
gameplay:GameplayStrings:922:blueValve,GameplayStrings,922,Ручка синего клапана
gameplay:GameplayStrings:923:switchHandle,GameplayStrings,923,Ручка переключателя
gameplay:GameplayStrings:924:handicam,GameplayStrings,924,Видеокамера
gameplay:GameplayStrings:925:oldMap,GameplayStrings,925,Старая карта
gameplay:GameplayStrings:926:acrylicSheet,GameplayStrings,926,Акриловый лист
gameplay:GameplayStrings:927:firstFloorPuzzle,GameplayStrings,927,Первый этаж
gameplay:GameplayStrings:928:pillowReview,GameplayStrings,928,Найди ключ на полке.
gameplay:GameplayStrings:929:glowPaintReview,GameplayStrings,929,"Следи за светящейся краской, чтобы найти тайник с инструментами."
gameplay:GameplayStrings:930:pryboardReview,GameplayStrings,930,"Сними доску, чтобы увидеть пароль."
gameplay:GameplayStrings:931:whatsUnderHere,GameplayStrings,931,Что здесь под этим?
gameplay:GameplayStrings:932:diceSymbolHint,GameplayStrings,932,Ты видел символ кубика где-нибудь ещё?
gameplay:GameplayStrings:933:secondFloorPuzzle,GameplayStrings,933,Второй этаж
gameplay:GameplayStrings:934:cutMeDown,GameplayStrings,934,Отрежь меня.
gameplay:GameplayStrings:935:cutDownReview,GameplayStrings,935,Отрежь синий клапан и прикрепи его обратно.
gameplay:GameplayStrings:936:valveHint,GameplayStrings,936,Один из клапанов должен быть установлен на 3.
gameplay:GameplayStrings:937:turnValvesReview,GameplayStrings,937,"Следи за записками, чтобы настроить клапаны."
gameplay:GameplayStrings:938:reelMe,GameplayStrings,938,Вытащи меня.
gameplay:GameplayStrings:939:reelReview,GameplayStrings,939,Вытащи ключ и разблокируй видеокамеру.
gameplay:GameplayStrings:940:cameraHint1,GameplayStrings,940,Можно ли подключить видеокамеру к чему-нибудь?
gameplay:GameplayStrings:941:cameraHint2,GameplayStrings,941,"Похоже, это сработает…"
gameplay:GameplayStrings:942:cameraReview,GameplayStrings,942,Опусти камеру в воду…
gameplay:GameplayStrings:943:importantClue,GameplayStrings,943,Это выглядит важно…
gameplay:GameplayStrings:944:tvReviewUNP,GameplayStrings,944,…чтобы увидеть пароль на телевизоре!
gameplay:GameplayStrings:945:thirdFloorPuzzle,GameplayStrings,945,Третий этаж
gameplay:GameplayStrings:946:safeSheetReview,GameplayStrings,946,Найди инструкцию по вскрытию сейфа.
gameplay:GameplayStrings:947:safeHint1,GameplayStrings,947,«Модель 5»…
gameplay:GameplayStrings:948:safeHint2,GameplayStrings,948,Здесь есть закономерность.
gameplay:GameplayStrings:949:safeHint3,GameplayStrings,949,"Начни с «круг, круг»"
gameplay:GameplayStrings:950:safeReviewUNP,GameplayStrings,950,Открой сейф и возьми ручку.
gameplay:GameplayStrings:951:notRight,GameplayStrings,951,"Похоже, это не то…"
gameplay:GameplayStrings:952:sheetsHint1,GameplayStrings,952,"Переставляй листы, пока не увидишь что-то."
gameplay:GameplayStrings:953:sheetsHint2,GameplayStrings,953,Собери трехзначный код.
gameplay:GameplayStrings:954:sheetsReview,GameplayStrings,954,"Расположи листы так, чтобы на стене появилось «510»."
gameplay:GameplayStrings:955:thisAgain,GameplayStrings,955,Снова это?
gameplay:GameplayStrings:956:acrylicSheetsReview,GameplayStrings,956,В темноте видно: «510W»… «SLOW»!
gameplay:GameplayStrings:957:fourthFloorPuzzle,GameplayStrings,957,Четвертый этаж
gameplay:GameplayStrings:958:collectStuffReview,GameplayStrings,958,Собери шифр-таблицу и странные устройства.
gameplay:GameplayStrings:959:decipherReview,GameplayStrings,959,"Расшифруй слова, написанные на стенах."
gameplay:GameplayStrings:960:decipherReviewB,GameplayStrings,960,Открути «вес воды»; подключи к OVER.
gameplay:GameplayStrings:961:decipherReviewC,GameplayStrings,961,Открути «давление воды»; подключи к UNDER.
gameplay:GameplayStrings:962:decipherHintA,GameplayStrings,962,"«Под давлением, сверх веса»"
gameplay:GameplayStrings:963:decipherHintB,GameplayStrings,963,Где ещё ты видел «давление» и «вес»?
gameplay:GameplayStrings:964:decipherHintC,GameplayStrings,964,«Сверх веса»
gameplay:GameplayStrings:965:decipherHintD,GameplayStrings,965,«Под давлением»
gameplay:GameplayStrings:966:decipherReviewD,GameplayStrings,966,Странные устройства отобразят пароль.
gameplay:GameplayStrings:967:fifthFloorPuzzle,GameplayStrings,967,Пятый этаж
gameplay:GameplayStrings:968:hammerTime,GameplayStrings,968,Время молотка!
gameplay:GameplayStrings:969:crateReview,GameplayStrings,969,Разбей ящик и возьми карту.
gameplay:GameplayStrings:970:routePowerReview,GameplayStrings,970,Направь питание на четыре коробки с желтыми треугольниками.
gameplay:GameplayStrings:971:compareTheBoxes,GameplayStrings,971,"Сравни эти коробки с картой, чтобы узнать пароль."
gameplay:GameplayStrings:972:yellowTriangles,GameplayStrings,972,Что означают эти желтые треугольники?
gameplay:GameplayStrings:973:familiarHintUNP,GameplayStrings,973,Этот треугольник кажется знакомым…
gameplay:GameplayStrings:974:fiveBigHint,GameplayStrings,974,1 = «M». 2 = «i»…
gameplay:GameplayStrings:975:climbHint,GameplayStrings,975,"Лезь, лезь, лезь!"
gameplay:GameplayStrings:976:theMoralPuzzle,GameplayStrings,976,Нравственный урок
gameplay:GameplayStrings:977:rememberHint,GameplayStrings,977,Помни…
gameplay:GameplayStrings:978:lightsOut,GameplayStrings,978,Гасим свет.
gameplay:GameplayStrings:979:powerBox1Review,GameplayStrings,979,Открой щиток и обесточь помещение.
gameplay:GameplayStrings:980:somethingsMissing,GameplayStrings,980,Чего-то не хватает…
gameplay:GameplayStrings:981:powerBox2Review,GameplayStrings,981,Сними замок и отключи питание.
gameplay:GameplayStrings:982:lightItUp,GameplayStrings,982,Включи свет!
gameplay:GameplayStrings:983:boat,GameplayStrings,983,Нам понадобится корабль побольше.
gameplay:GameplayStrings:984:duck,GameplayStrings,984,"Из этой утиной каши не выплывешь, даже если всё не так страшно, как кажется."
gameplay:GameplayStrings:985:oar,GameplayStrings,985,"Надо разобраться, пока не пошло ко дну."
gameplay:GameplayStrings:986:gloves,GameplayStrings,986,"Хотелось бы знать, зачем перчатки здесь…"
gameplay:GameplayStrings:987:box,GameplayStrings,987,"Джеб, должно быть, обожает бокс."
gameplay:GameplayStrings:988:turbine,GameplayStrings,988,Ну и дует!
gameplay:GameplayStrings:989:junkShelf,GameplayStrings,989,Смотрите на этот хлам!
gameplay:GameplayStrings:990:img_water1-5,GameplayStrings,990,Вы здесь.
gameplay:GameplayStrings:991:img_Safe,GameplayStrings,991,Инструкция по открытию
gameplay:GameplayStrings:992:img_Safe2,GameplayStrings,992,"Mk.1, Mk.2, Mk.3, Mk.4"
gameplay:GameplayStrings:993:energydrinkfridge,GameplayStrings,993,Банки и банки «Escapist's Edge». Я бы не стал это пить.
gameplay:GameplayStrings:994:firstGrate,GameplayStrings,994,Эта штука вообще не была отключена! Надо срочно выбираться!
gameplay:GameplayStrings:995:outIsUp,GameplayStrings,995,Выход только наверх!
gameplay:GameplayStrings:996:unp_levelsubtitle_A,GameplayStrings,996,Не трогай
gameplay:GameplayStrings:997:unp_levelsubtitle_B,GameplayStrings,997,Ничего
gameplay:GameplayStrings:999:decapitate,GameplayStrings,999,Тыкнуть
gameplay:GameplayStrings:1000:fix,GameplayStrings,1000,Починить
gameplay:GameplayStrings:1001:doneWithHeads,GameplayStrings,1001,Головы покатятся.
gameplay:GameplayStrings:1002:inkName,GameplayStrings,1002,Анти-невидимые чернила
gameplay:GameplayStrings:1003:draftingDesk,GameplayStrings,1003,Нет времени на урок
gameplay:GameplayStrings:1004:bananasName,GameplayStrings,1004,Бананы в краске
gameplay:GameplayStrings:1005:cheeseName,GameplayStrings,1005,Сыр в краске
gameplay:GameplayStrings:1006:wineName,GameplayStrings,1006,Вино в краске
gameplay:GameplayStrings:1007:distractorVase,GameplayStrings,1007,М-м. Видел один вазон — видел их всех.
gameplay:GameplayStrings:1008:stillLife0,GameplayStrings,1008,Что положить на этот стол?
gameplay:GameplayStrings:1009:stillLife1,GameplayStrings,1009,Да! Но на стол нужно что-то ещё.
gameplay:GameplayStrings:1010:stillLife2,GameplayStrings,1010,Почти готово! Остался один предмет.
gameplay:GameplayStrings:1011:stillLifeWrong,GameplayStrings,1011,Мой художественный вкус говорит «нет».
gameplay:GameplayStrings:1012:wrongPainting,GameplayStrings,1012,Мой художественный вкус говорит «нет».
gameplay:GameplayStrings:1013:key1,GameplayStrings,1013,Ключ #1
gameplay:GameplayStrings:1014:key2,GameplayStrings,1014,Ключ #2
gameplay:GameplayStrings:1015:key3,GameplayStrings,1015,Ключ #3
gameplay:GameplayStrings:1016:key4,GameplayStrings,1016,Ключ #4
gameplay:GameplayStrings:1017:key5,GameplayStrings,1017,Ключ #5
gameplay:GameplayStrings:1018:key6,GameplayStrings,1018,Ключ #6
gameplay:GameplayStrings:1019:key7,GameplayStrings,1019,Ключ #7
gameplay:GameplayStrings:1020:key8,GameplayStrings,1020,Ключ #8
gameplay:GameplayStrings:1021:key0,GameplayStrings,1021,Ключ #0
gameplay:GameplayStrings:1022:strangeKey,GameplayStrings,1022,Странный ключ
gameplay:GameplayStrings:1023:coatOfArms,GameplayStrings,1023,Кисть сильнее меча.
gameplay:GameplayStrings:1024:escapeCanvasHint,GameplayStrings,1024,«Влажные невидимые чернила! Осторожно.\nИли нет. Кто вообще заметит?»\n<i>-Проф. Слип</i>
gameplay:GameplayStrings:1025:blankWhiteboard,GameplayStrings,1025,Ничего страшнее пустого холста
gameplay:GameplayStrings:1026:smallPainting,GameplayStrings,1026,"Кажется, я упускаю суть"
gameplay:GameplayStrings:1027:computerStation,GameplayStrings,1027,Это оборудование для выявления подделок.
gameplay:GameplayStrings:1028:rearrange,GameplayStrings,1028,Переставить
gameplay:GameplayStrings:1029:groceryList,GameplayStrings,1029,"Как рисовать хорошо:\n-Бананы\n-Сыр\n-Вино\n-Погоди, <size=0.5em>это мой список покупок…</size>"
gameplay:GameplayStrings:1030:groceryBoard,GameplayStrings,1030,Уже чувствую себя лучшим художником.
gameplay:GameplayStrings:1031:noseLock,GameplayStrings,1031,Носа не хватает…
gameplay:GameplayStrings:1032:invNose,GameplayStrings,1032,Странная скульптура
gameplay:GameplayStrings:1033:knock,GameplayStrings,1033,Постучать
gameplay:GameplayStrings:1034:dropVase,GameplayStrings,1034,Ой! Неловко вышло.
gameplay:GameplayStrings:1035:remove,GameplayStrings,1035,Убрать
gameplay:GameplayStrings:1036:redHerring,GameplayStrings,1036,"Похоже, я нашёл ложный след…"
gameplay:GameplayStrings:1037:scan,GameplayStrings,1037,Сканировать
gameplay:GameplayStrings:1038:faceillusion,GameplayStrings,1038,Хм… это лицо или ваза?
gameplay:GameplayStrings:1039:triangle,GameplayStrings,1039,Этот треугольник сводит меня с ума.
gameplay:GameplayStrings:1040:faceVasePodium,GameplayStrings,1040,Лицо на вазе. Интересно.
gameplay:GameplayStrings:1041:bluestencilhint,GameplayStrings,1041,Ты заглянул сюда?
gameplay:GameplayStrings:1042:paintcornerhint,GameplayStrings,1042,Здесь хорошо наносить трафареты
gameplay:GameplayStrings:1043:paintorderhint,GameplayStrings,1043,Что написано в этой записке?
gameplay:GameplayStrings:1044:familiarlockhint,GameplayStrings,1044,Этот символ кажется знакомым…
gameplay:GameplayStrings:1045:unlockthesafe,GameplayStrings,1045,Открой сейф
gameplay:GameplayStrings:1046:shredderPainting,GameplayStrings,1046,"Картина «Сезам, откройся»"
gameplay:GameplayStrings:1047:staffID,GameplayStrings,1047,Удостоверение Слипa
gameplay:GameplayStrings:1048:inv_paint,GameplayStrings,1048,Баллончик с краской
gameplay:GameplayStrings:1049:wetinvisibleinksolved,GameplayStrings,1049,"«Осторожно, свежие невидимые чернила»... Теперь уже нет."
gameplay:GameplayStrings:1050:keyhole,GameplayStrings,1050,Ключевое отверстие…
gameplay:GameplayStrings:1051:missinglines,GameplayStrings,1051,Линии отсутствуют…
gameplay:GameplayStrings:1052:facevaseClue,GameplayStrings,1052,"Это и лицо, и ваза. Я где-то видел эту иллюзию?"
gameplay:GameplayStrings:1053:opensesameLabel,GameplayStrings,1053,"«Сесам, откройся» — Слип"
gameplay:GameplayStrings:1054:canhangpainting,GameplayStrings,1054,"Кажется, сюда можно повесить картину…"
gameplay:GameplayStrings:1055:gasmasks,GameplayStrings,1055,Газовые маски. Хорошо защищают и помогают маскироваться.
gameplay:GameplayStrings:1056:tagmonument,GameplayStrings,1056,Можно ли реально расписать этот памятник?
gameplay:GameplayStrings:1057:paintsmoved,GameplayStrings,1057,«Все краски перенесены в мой кабинет.» — Слип
gameplay:GameplayStrings:1058:faceandknock,GameplayStrings,1058,«Смотри ему в лицо и стучи.» — Слип
gameplay:GameplayStrings:1059:meaningbehind,GameplayStrings,1059,"«Найди смысл, скрытый за этим натюрмортом.» — Слип"
gameplay:GameplayStrings:1060:beenframed,GameplayStrings,1060,"«Помогите, меня втянули в это!» — Слип"
gameplay:GameplayStrings:1061:alottapaint,GameplayStrings,1061,"Ого, сколько краски! Но мне бы что-то покомпактнее."
gameplay:GameplayStrings:1062:placedallitems,GameplayStrings,1062,Я расставил все предметы. Но что это значит?
gameplay:GameplayStrings:1063:wetinvisibleink,GameplayStrings,1063,"«Осторожно, свежие невидимые чернила»."
gameplay:GameplayStrings:1064:plaques1,GameplayStrings,1064,Томас Джеберсон<br>Мишель Ойино<br>Уайатт Сали<br>Рэйчел Суровски<br>Чириль Шейфер<br>Адам Лози
gameplay:GameplayStrings:1065:plaques2,GameplayStrings,1065,Макс Руссу<br>Денис Лукас<br>Аманда Гибсон<br>Орион Хурвич<br>Жан Хурвич<br>Якоб Клейтон
gameplay:GameplayStrings:1066:plaques3,GameplayStrings,1066,Гарретт Родригес<br>Бёлль Хуттунен<br>Стив Стробери<br>Крис Кортни<br>Рог Скики<br>Луис Болтон
gameplay:GameplayStrings:1067:plaques4,GameplayStrings,1067,Билли Сиренн<br>Джен Дракер<br>Карли Корреа<br>Мая Ла Монте<br>Ил Барнс<br>Эмма Дельгадо
gameplay:GameplayStrings:1068:plaques5,GameplayStrings,1068,Алекса Фиделин<br>Эндрю Пулка<br>Мортиция Пейсли<br>Сандра Дж. Соланж<br>Шон Гроссман<br>Аарон Лемон
gameplay:GameplayStrings:1069:plaques6,GameplayStrings,1069,Меган Харрисон<br>Кевин Ли<br>Беатрис Дан
gameplay:GameplayStrings:1070:slipTag,GameplayStrings,1070,С л и п
gameplay:GameplayStrings:1071:blankCanvases,GameplayStrings,1071,"Ничего не пугает так, как чистый холст."
gameplay:GameplayStrings:1072:hallofescapists,GameplayStrings,1072,ЗАЛ ЭСКАПИСТОВ
gameplay:GameplayStrings:1073:opensesame,GameplayStrings,1073,"Сесам, откройся"
gameplay:GameplayStrings:1074:thegreatestescapists,GameplayStrings,1074,ВЕЛИЧАЙШИЕ ЭСКАПИСТЫ ВСЕХ ВРЕМЕН
gameplay:GameplayStrings:1075:gateText,GameplayStrings,1075,"Не хочу уходить, хочу расписать памятник!"
gameplay:GameplayStrings:1076:bench,GameplayStrings,1076,"Нет времени сидеть, у меня головоломки!"
gameplay:GameplayStrings:1077:crossedKeys,GameplayStrings,1077,Два скрещенных ключа…
gameplay:GameplayStrings:1078:fountain,GameplayStrings,1078,"Похоже, фонтан пересох."
gameplay:GameplayStrings:1079:amazingSculpture,GameplayStrings,1079,"Вау, какая лабиринтная скульптура!"
gameplay:GameplayStrings:1080:bigKeyhole,GameplayStrings,1080,"Думаю, сюда впишется самый большой ключ в мире."
gameplay:GameplayStrings:1081:mysteriousSculpture,GameplayStrings,1081,Ещё одна скульптура… какой поворот.
gameplay:GameplayStrings:1082:puzzleworld,GameplayStrings,1082,Мне весело решать эту головоломку!
gameplay:GameplayStrings:1083:inspired,GameplayStrings,1083,Я так вдохновлён.
gameplay:GameplayStrings:1084:artBooks,GameplayStrings,1084,«Видеть невидимое»
gameplay:GameplayStrings:1085:AllieNote,GameplayStrings,1085,"«Слип! Надеюсь, эти чаи откроют дверь к новым идеям» — Алли"
gameplay:GameplayStrings:1086:artTable,GameplayStrings,1086,"Похоже, Слип не славится своим умением наводить порядок…"
gameplay:GameplayStrings:1087:sink,GameplayStrings,1087,Самый чистый уголок комнаты.
gameplay:GameplayStrings:1088:perspectivePuzzle,GameplayStrings,1088,Посмотри с другой стороны
gameplay:GameplayStrings:1089:cheeseCollect,GameplayStrings,1089,Собери сыр.
gameplay:GameplayStrings:1090:wineCollect,GameplayStrings,1090,Собери вино.
gameplay:GameplayStrings:1091:bananasCollect,GameplayStrings,1091,Собери бананы.
gameplay:GameplayStrings:1092:middleLocker,GameplayStrings,1092,Что в среднем ящике?
gameplay:GameplayStrings:1093:stillLifeTable,GameplayStrings,1093,Воспроизведи натюрморт.
gameplay:GameplayStrings:1094:recreateStill,GameplayStrings,1094,Воспроизведи эскизы натюрморта.
gameplay:GameplayStrings:1095:backOfStill,GameplayStrings,1095,Посмотри на оборот натюрморта.
gameplay:GameplayStrings:1096:readBack,GameplayStrings,1096,Найди трёхзначную последовательность на обороте натюрморта.
gameplay:GameplayStrings:1097:leftLocker,GameplayStrings,1097,Что в левом ящике?
gameplay:GameplayStrings:1098:shredPainting,GameplayStrings,1098,Положи картину в рамку-шредер.
gameplay:GameplayStrings:1099:shredPaintingPuzzle,GameplayStrings,1099,Измельчи картину
gameplay:GameplayStrings:1100:orderShreds,GameplayStrings,1100,Собери обрывки бумаги.
gameplay:GameplayStrings:1101:orderShedsB,GameplayStrings,1101,"Похоже, это сработает…"
gameplay:GameplayStrings:1102:reconstructPainting,GameplayStrings,1102,"Восстанови картину, чтобы увидеть комбинацию стрелок."
gameplay:GameplayStrings:1103:getThePaintsPuzzle,GameplayStrings,1103,Возьми художественные принадлежности
gameplay:GameplayStrings:1104:collectInk,GameplayStrings,1104,Возьми анти-невидимую краску из ящика…
gameplay:GameplayStrings:1105:useInvisibleInk,GameplayStrings,1105,…чтобы проявить скрытый лабиринт.
gameplay:GameplayStrings:1106:mazeDetail,GameplayStrings,1106,"Где встречаются два цвета, смешай их."
gameplay:GameplayStrings:1107:mazeDetailB,GameplayStrings,1107,Красный + синий = фиолетовый.
gameplay:GameplayStrings:1108:mazeDetailC,GameplayStrings,1108,Нижний диск зелёный.
gameplay:GameplayStrings:1109:solvedGraffitiMaze,GameplayStrings,1109,"Реши лабиринт, чтобы открыть кабинет Слипa."
gameplay:GameplayStrings:1110:paintsLocker,GameplayStrings,1110,Собери краски внутри.
gameplay:GameplayStrings:1111:doorHint,GameplayStrings,1111,Первые два цвета — красный и фиолетовый.
gameplay:GameplayStrings:1112:getTheNosePuzzle,GameplayStrings,1112,Исследуй Сад скульптур
gameplay:GameplayStrings:1113:accessLab,GameplayStrings,1113,Открой дверь в Художественную лабораторию
gameplay:GameplayStrings:1114:sketchesBefore,GameplayStrings,1114,Рассмотри секретные эскизы. Ты видел их где-то раньше?
gameplay:GameplayStrings:1115:checkGarden,GameplayStrings,1115,Посмотри в Саду скульптур.
gameplay:GameplayStrings:1116:fountainClue,GameplayStrings,1116,Этот символ кажется знакомым…
gameplay:GameplayStrings:1117:sketchesBeforeB,GameplayStrings,1117,Введи свой ответ здесь.
gameplay:GameplayStrings:1118:exploreGarden,GameplayStrings,1118,"Исследуй Сад скульптур, чтобы найти скрытые символы"
gameplay:GameplayStrings:1119:useGantry,GameplayStrings,1119,"Используй сканер, чтобы рассмотреть картины."
gameplay:GameplayStrings:1120:noseSafeComplete,GameplayStrings,1120,Открой сейф в Художественной лаборатории и получи дверной молоток.
gameplay:GameplayStrings:1121:unlockFaceDoorPuzzle,GameplayStrings,1121,Открой Зал эскапистов
gameplay:GameplayStrings:1122:missingNoseDoor,GameplayStrings,1122,У этого парня нет носа!
gameplay:GameplayStrings:1123:addNose,GameplayStrings,1123,Прикрепи нос к двери.
gameplay:GameplayStrings:1124:faceVaseHint1,GameplayStrings,1124,Все эти вазы одинаковой формы?
gameplay:GameplayStrings:1125:faceVaseHint2,GameplayStrings,1125,Некоторые из этих ваз похожи на лица в профиль…
gameplay:GameplayStrings:1126:faceVaseHint3,GameplayStrings,1126,"Расположи черты его лица, затем постучи."
gameplay:GameplayStrings:1127:vasesLikeFaces,GameplayStrings,1127,"Найди вазы, похожие на лица."
gameplay:GameplayStrings:1128:unlockFaceDoor,GameplayStrings,1128,"Открой дверь, сделав собственное лицо."
gameplay:GameplayStrings:1129:hall1Puzzle,GameplayStrings,1129,Первая галерея
gameplay:GameplayStrings:1130:hall2Puzzle,GameplayStrings,1130,Вторая галерея
gameplay:GameplayStrings:1131:hall3Puzzle,GameplayStrings,1131,Финальная галерея
gameplay:GameplayStrings:1132:collect25,GameplayStrings,1132,Собери ключи 2 и 5…
gameplay:GameplayStrings:1133:unlockFirstGallery,GameplayStrings,1133,чтобы открыть первую галерею эскапистов.
gameplay:GameplayStrings:1134:turningPortraits,GameplayStrings,1134,Эти портреты кажутся знакомыми…
gameplay:GameplayStrings:1135:turningPortraits2,GameplayStrings,1135,Сверь бюсты с их портретами.
gameplay:GameplayStrings:1136:turnBusts,GameplayStrings,1136,"Поверни бюсты так, чтобы они смотрели в ту же сторону, что и на портретах."
gameplay:GameplayStrings:1137:collect347,GameplayStrings,1137,"Собери ключи 3, 4 и 7…"
gameplay:GameplayStrings:1138:addTo7,GameplayStrings,1138,Сумма твоих ключей равна 7?
gameplay:GameplayStrings:1139:addTo10,GameplayStrings,1139,Сумма твоих ключей равна 10?
gameplay:GameplayStrings:1140:addTo5,GameplayStrings,1140,Сумма твоих ключей равна 5?
gameplay:GameplayStrings:1141:unlockSecondGallery,GameplayStrings,1141,чтобы открыть вторую галерею эскапистов.
gameplay:GameplayStrings:1142:beheadingPainting,GameplayStrings,1142,Эти люди кажутся знакомыми…
gameplay:GameplayStrings:1143:beheadingPainting2,GameplayStrings,1143,"Сними головы с бюстов, приговоренных к смерти."
gameplay:GameplayStrings:1144:beheadReview,GameplayStrings,1144,"Сними головы с бюстов, чтобы их судьба совпала с изображенной на картинах."
gameplay:GameplayStrings:1145:collect1,GameplayStrings,1145,Собери ключ 1…
gameplay:GameplayStrings:1146:unlockThirdGallery,GameplayStrings,1146,чтобы открыть третью галерею эскапистов.
gameplay:GameplayStrings:1147:diffHeights,GameplayStrings,1147,Расставь бюсты от самого низкого к самому высокому.
gameplay:GameplayStrings:1148:tallestHeight,GameplayStrings,1148,Этот эскапист самый высокий.
gameplay:GameplayStrings:1149:shortestHeight,GameplayStrings,1149,Этот эскапист самый низкий.
gameplay:GameplayStrings:1150:heightReview,GameplayStrings,1150,"Определи рост каждого бюста, затем расставь их от самого низкого к самому высокому."
gameplay:GameplayStrings:1151:backdoor,GameplayStrings,1151,Покинь Зал эскапистов через тайный проход
gameplay:GameplayStrings:1152:tagMonumentReview,GameplayStrings,1152,Оставь свой след на памятнике!
gameplay:GameplayStrings:1153:Valeria,GameplayStrings,1153,ВАЛЕРИЯ
gameplay:GameplayStrings:1154:Fergus,GameplayStrings,1154,ФЕРГИЮС
gameplay:GameplayStrings:1155:Aristokles,GameplayStrings,1155,ВИНДЗОР
gameplay:GameplayStrings:1156:Belen,GameplayStrings,1156,БЕЛЕН
gameplay:GameplayStrings:1158:tagMonumentPuzzle,GameplayStrings,1158,Оставь метку на памятнике
gameplay:GameplayStrings:1159:lookButDontTouch,GameplayStrings,1159,Я не дотянусь с этой стороны забора!
gameplay:GameplayStrings:1160:eelStatue,GameplayStrings,1160,"«Ил Барнс, величайший эскапист мира». Вау, этот Ил был настоящим мастером."
gameplay:GameplayStrings:1161:lockedFaceDoor,GameplayStrings,1161,"Красавчик, приятель."
gameplay:GameplayStrings:1162:heightsLocked,GameplayStrings,1162,"Думаю, я разобрался с этим."
gameplay:GameplayStrings:1163:acrCommand1,GameplayStrings,1163,Оставь метку на
gameplay:GameplayStrings:1164:acrCommand2,GameplayStrings,1164,памятнике
gameplay:GameplayStrings:1165:ACREmptyCan,GameplayStrings,1165,"Эта банка, похоже, пуста…"
gameplay:GameplayStrings:1166:ACRCompletedTurning,GameplayStrings,1166,Они показывают мне холодное плечо.
gameplay:GameplayStrings:1167:ShrederCompleted,GameplayStrings,1167,"Части складываются, но что это значит?"
gameplay:GameplayStrings:1168:makeYourMarkHint,GameplayStrings,1168,Оставь свой след.
gameplay:GameplayStrings:1169:acr_paint_label,GameplayStrings,1169,Краска
gameplay:GameplayStrings:1171:brkIntro1,GameplayStrings,1171,Спаси
gameplay:GameplayStrings:1172:brkIntro2,GameplayStrings,1172,Ила
gameplay:GameplayStrings:1173:flashlight,GameplayStrings,1173,УФ-фонарик
gameplay:GameplayStrings:1174:sent,GameplayStrings,1174,Отправлено
gameplay:GameplayStrings:1175:closedBreaker,GameplayStrings,1175,Заперто электромагнитом.
gameplay:GameplayStrings:1176:radioLocked,GameplayStrings,1176,Без питания эта штука бесполезна.
gameplay:GameplayStrings:1177:tvsLocked,GameplayStrings,1177,"Нет питания, нет сигнала."
gameplay:GameplayStrings:1178:report1,GameplayStrings,1178,Радиосвязь будет жизненно важна для нашей операции.
gameplay:GameplayStrings:1179:report2,GameplayStrings,1179,"Горы и горы данных. Мне понадобятся недели, чтобы всё разобрать."
gameplay:GameplayStrings:1180:eelData1,GameplayStrings,1180,Данные тюрьмы
gameplay:GameplayStrings:1181:eelData2,GameplayStrings,1181,Данные тюрьмы
gameplay:GameplayStrings:1182:eelData3,GameplayStrings,1182,Данные тюрьмы
gameplay:GameplayStrings:1183:pistonsReleased,GameplayStrings,1183,Поршни установлены
gameplay:GameplayStrings:1184:gaugesReleased,GameplayStrings,1184,Манометры установлены
gameplay:GameplayStrings:1185:discReleased,GameplayStrings,1185,Диск установлен
gameplay:GameplayStrings:1186:noSignalBRK,GameplayStrings,1186,Нет сигнала
gameplay:GameplayStrings:1187:completeRemoteLock,GameplayStrings,1187,"Эта консоль, похоже, готова."
gameplay:GameplayStrings:1188:consoleOff,GameplayStrings,1188,Сейчас она мне не поможет.
gameplay:GameplayStrings:1189:quantyOff,GameplayStrings,1189,Даже Кванти отключился. Я один.
gameplay:GameplayStrings:1190:img_3wem,GameplayStrings,1190,3WEM
gameplay:GameplayStrings:1191:img_eelData1A,GameplayStrings,1191,Заключённый: Ил Барнс
gameplay:GameplayStrings:1192:img_eelData1B,GameplayStrings,1192,"Псевдонимы: Агент Ил, Ил Пипкин, GOAT."
gameplay:GameplayStrings:1193:img_eelData1C,GameplayStrings,1193,"Внимание: НЕ держать субъекта на том же этаже, что и пресс для мусора."
gameplay:GameplayStrings:1194:img_eelData1D,GameplayStrings,1194,Он сбежит через люки.
gameplay:GameplayStrings:1195:img_eelData2A,GameplayStrings,1195,Внимание: Субъекта нужно держать между почтовой и столовой.
gameplay:GameplayStrings:1196:img_eelData2B,GameplayStrings,1196,P.S. В столовой закончились стаканчики с пудингом.
gameplay:GameplayStrings:1197:img_eelData3,GameplayStrings,1197,"Субъекта нужно держать на этаже с чётным числом камер, в камере #"
gameplay:GameplayStrings:1198:crypticFax,GameplayStrings,1198,Загадочное факс
gameplay:GameplayStrings:1199:brkNeedToRadio,GameplayStrings,1199,Это код! Нужно передать его директору по рации!
gameplay:GameplayStrings:1200:brkDontLeave,GameplayStrings,1200,Я не могу уйти! Директор на меня рассчитывает.
gameplay:GameplayStrings:1201:faxMachine,GameplayStrings,1201,Факс-машина. Ну и технология.
gameplay:GameplayStrings:1202:flashlightAlreadyGot,GameplayStrings,1202,У меня уже есть фонарик.
gameplay:GameplayStrings:1203:brkQuantyBio,GameplayStrings,1203,"Кванти, профессор-ИИ. Говорят, его создал директор."
gameplay:GameplayStrings:1204:orbitalTracker,GameplayStrings,1204,Трекер орбитальных кораблей. Шик.
gameplay:GameplayStrings:1205:timeLimitNote,GameplayStrings,1205,"Помни, у нас всего 25 минут, не больше!"
gameplay:GameplayStrings:1206:eelSaveNote,GameplayStrings,1206,Это наш единственный шанс спасти Ила.
gameplay:GameplayStrings:1207:shipSpottedNote,GameplayStrings,1207,Корабль впервые заметили примерно здесь.
gameplay:GameplayStrings:1208:perfectSignal,GameplayStrings,1208,Сигнал идеальный. Сейчас трогать это не нужно.
gameplay:GameplayStrings:1209:lockedKeys,GameplayStrings,1209,Без питания она мне не поможет.
gameplay:GameplayStrings:1210:clockwise,GameplayStrings,1210,по часовой
gameplay:GameplayStrings:1211:counterclockwise,GameplayStrings,1211,против часовой
gameplay:GameplayStrings:1212:radioOperatorsGuide,GameplayStrings,1212,<b>Радиослэнг оператора</b><br><br>10-4 Подтверждаю/ОК<br>10-9 Повторите<br>10-10 Отрицательно/Нет<br>10-23 Жду<br>10-100 Перерыв в туалет
gameplay:GameplayStrings:1213:dangerSign,GameplayStrings,1213,ОПАСНОСТЬ!
gameplay:GameplayStrings:1214:keyDatabase,GameplayStrings,1214,База данных ключей
gameplay:GameplayStrings:1215:keyButtonInstrux,GameplayStrings,1215,Просмотр ключей в базе:
gameplay:GameplayStrings:1216:incomingTransmission,GameplayStrings,1216,Входящая передача
gameplay:GameplayStrings:1217:keepClearSign,GameplayStrings,1217,НЕ<br>ПРИБЛИЖАТЬСЯ!
gameplay:GameplayStrings:1218:keyBuilder,GameplayStrings,1218,Генератор ключей
gameplay:GameplayStrings:1219:analyze,GameplayStrings,1219,Анализ
gameplay:GameplayStrings:1220:keyNumber,GameplayStrings,1220,Ключ #24213
gameplay:GameplayStrings:1221:errorKeyMaker,GameplayStrings,1221,Ключ не подходит к камере Ила.
gameplay:GameplayStrings:1222:lockReleased,GameplayStrings,1222,ЗАМОК СБРОШЕН
gameplay:GameplayStrings:1223:trackingShip,GameplayStrings,1223,Отслеживание корабля
gameplay:GameplayStrings:1224:whereIsThis,GameplayStrings,1224,ГДЕ ЭТО?
gameplay:GameplayStrings:1225:whereIsShip,GameplayStrings,1225,ГДЕ КОРАБЛЬ?
gameplay:GameplayStrings:1226:errorBRK,GameplayStrings,1226,ОШИБКА!
gameplay:GameplayStrings:1227:HQ,GameplayStrings,1227,ШТАБ
gameplay:GameplayStrings:1228:eastAbbrev,GameplayStrings,1228,В
gameplay:GameplayStrings:1229:westAbbrev,GameplayStrings,1229,З
gameplay:GameplayStrings:1230:northAbbrev,GameplayStrings,1230,С
gameplay:GameplayStrings:1231:southAbbrev,GameplayStrings,1231,Ю
gameplay:GameplayStrings:1232:keyRefA,GameplayStrings,1232,Ключ-образец A
gameplay:GameplayStrings:1233:keyRefB,GameplayStrings,1233,Ключ-образец B
gameplay:GameplayStrings:1234:keyRefC,GameplayStrings,1234,Ключ-образец C
gameplay:GameplayStrings:1235:keyRefD,GameplayStrings,1235,Ключ-образец D
gameplay:GameplayStrings:1236:keyRefEel,GameplayStrings,1236,Ключ от камеры Ила
gameplay:GameplayStrings:1237:noDataKey,GameplayStrings,1237,Нет изображения
gameplay:GameplayStrings:1238:eelsKeyLights,GameplayStrings,1238,В базе нет данных о камере Ила.
gameplay:GameplayStrings:1239:brrwy,GameplayStrings,1239,"Синий, красный, красный, белый, жёлтый…"
gameplay:GameplayStrings:1240:wywrk,GameplayStrings,1240,"Белый, жёлтый, синий, красный, белый…"
gameplay:GameplayStrings:1241:yybbr,GameplayStrings,1241,"Жёлтый, жёлтый, синий, синий, красный…"
gameplay:GameplayStrings:1242:rwwyb,GameplayStrings,1242,"Красный, белый, белый, жёлтый, синий…"
gameplay:GameplayStrings:1243:brkHackerLocked,GameplayStrings,1243,Выключен…
gameplay:GameplayStrings:1244:topDeck,GameplayStrings,1244,| Верхняя палуба
gameplay:GameplayStrings:1245:deck01,GameplayStrings,1245,| Палуба 01
gameplay:GameplayStrings:1246:deck02,GameplayStrings,1246,| Палуба 02
gameplay:GameplayStrings:1247:deck03,GameplayStrings,1247,| Палуба 03
gameplay:GameplayStrings:1248:deck04,GameplayStrings,1248,| Палуба 04
gameplay:GameplayStrings:1249:deck05,GameplayStrings,1249,| Палуба 05
gameplay:GameplayStrings:1250:deck06,GameplayStrings,1250,| Палуба 06
gameplay:GameplayStrings:1251:deck07,GameplayStrings,1251,| Палуба 07
gameplay:GameplayStrings:1252:deck08,GameplayStrings,1252,| Палуба 08
gameplay:GameplayStrings:1253:deck09,GameplayStrings,1253,| Палуба 09
gameplay:GameplayStrings:1254:engineRoom,GameplayStrings,1254,| Машинное отделение
gameplay:GameplayStrings:1255:serialNo,GameplayStrings,1255,Серийный №
gameplay:GameplayStrings:1256:blankSign,GameplayStrings,1256,Пустая табличка. Странно…
gameplay:GameplayStrings:1257:secretSign,GameplayStrings,1257,Секретное сообщение!
gameplay:GameplayStrings:1258:uvClue1a,GameplayStrings,1258,ОБА
gameplay:GameplayStrings:1259:uvClue1b,GameplayStrings,1259,G и C
gameplay:GameplayStrings:1260:uvClue2a,GameplayStrings,1260,НЕ
gameplay:GameplayStrings:1261:uvClue2b,GameplayStrings,1261,S
gameplay:GameplayStrings:1262:uvClue3a,GameplayStrings,1262,ИЛИ
gameplay:GameplayStrings:1263:uvClue3b,GameplayStrings,1263,A или L
gameplay:GameplayStrings:1264:uvClue4a,GameplayStrings,1264,ОБА
gameplay:GameplayStrings:1265:uvClue4b,GameplayStrings,1265,R и H
gameplay:GameplayStrings:1266:bl0,GameplayStrings,1266,C
gameplay:GameplayStrings:1267:bl1,GameplayStrings,1267,I
gameplay:GameplayStrings:1268:bl2,GameplayStrings,1268,G
gameplay:GameplayStrings:1269:bl3,GameplayStrings,1269,R
gameplay:GameplayStrings:1270:bl4,GameplayStrings,1270,T
gameplay:GameplayStrings:1271:bl5,GameplayStrings,1271,S
gameplay:GameplayStrings:1272:br0,GameplayStrings,1272,L
gameplay:GameplayStrings:1273:br1,GameplayStrings,1273,H
gameplay:GameplayStrings:1274:br2,GameplayStrings,1274,A
gameplay:GameplayStrings:1275:br3,GameplayStrings,1275,H
gameplay:GameplayStrings:1276:br4,GameplayStrings,1276,G
gameplay:GameplayStrings:1277:br5,GameplayStrings,1277,E
gameplay:GameplayStrings:1278:perfectMatch,GameplayStrings,1278,Идеальное совпадение!
gameplay:GameplayStrings:1279:T0,GameplayStrings,1279,T-0:00
gameplay:GameplayStrings:1280:T3,GameplayStrings,1280,T+3:00
gameplay:GameplayStrings:1281:T6,GameplayStrings,1281,T+6:00
gameplay:GameplayStrings:1282:T9,GameplayStrings,1282,T+9:00
gameplay:GameplayStrings:1283:T15,GameplayStrings,1283,T+15:00
gameplay:GameplayStrings:1284:T18,GameplayStrings,1284,T+18:00
gameplay:GameplayStrings:1285:T22,GameplayStrings,1285,T+22:00
gameplay:GameplayStrings:1286:T25,GameplayStrings,1286,T+25:00
gameplay:GameplayStrings:1287:Tplus,GameplayStrings,1287,T+
gameplay:GameplayStrings:1288:targetLocked,GameplayStrings,1288,ЦЕЛЬ ЗАХВАЧЕНА
gameplay:GameplayStrings:1289:targetID,GameplayStrings,1289,ТРЕКЕР КОРАБЛЕЙ «АНТИ-ЭСКАП»
gameplay:GameplayStrings:1290:missionTimeCounter,GameplayStrings,1290,Считает время миссии. Надо поторопиться!
gameplay:GameplayStrings:1291:whereIsShipHeader,GameplayStrings,1291,СИГНАЛ ПОТЕРЯН
gameplay:GameplayStrings:1292:trackerWorkingLabel,GameplayStrings,1292,Компьютер захватил цель: корабль-тюрьма. Все системы в норме!
gameplay:GameplayStrings:1293:shipWA,GameplayStrings,1293,КОРАБЛЬ НЕ НАХОДИТСЯ В ЭТОМ МЕСТЕ
gameplay:GameplayStrings:1294:turretHacked,GameplayStrings,1294,ТУРЕЛЬ ВЗЛОМАНА
gameplay:GameplayStrings:1295:makeContact,GameplayStrings,1295,Установить связь
gameplay:GameplayStrings:1296:makeContactReviewA,GameplayStrings,1296,"Когда директор спрашивает, готов ли ты начать миссию…"
gameplay:GameplayStrings:1297:makeContactReviewB,GameplayStrings,1297,Ответь по рации «10-4»!
gameplay:GameplayStrings:1298:contactHintA,GameplayStrings,1298,Ответь директору
gameplay:GameplayStrings:1299:contactHintB,GameplayStrings,1299,"10-4, приятель!"
gameplay:GameplayStrings:1300:disableTurret,GameplayStrings,1300,Отключить турель
gameplay:GameplayStrings:1301:rebusReviewA,GameplayStrings,1301,Серийный номер зашифрован на орудии.
gameplay:GameplayStrings:1302:rebusReviewB,GameplayStrings,1302,"Прочитай фразы вслух, чтобы расшифровать код."
gameplay:GameplayStrings:1303:rebusHintA,GameplayStrings,1303,Ответ написан на этой турели.
gameplay:GameplayStrings:1304:rebusHintB,GameplayStrings,1304,Кость минус б. Что получается?
gameplay:GameplayStrings:1305:rebusHintC,GameplayStrings,1305,Шесть д. Скажи это вслух.
gameplay:GameplayStrings:1306:radioHMHint,GameplayStrings,1306,Перешли ответ директору по рации!
gameplay:GameplayStrings:1307:findComputerHintA,GameplayStrings,1307,Чертежи выглядят многообещающе.
gameplay:GameplayStrings:1308:findComputerHintB,GameplayStrings,1308,Ищи иконку компьютера.
gameplay:GameplayStrings:1309:restoreConnection,GameplayStrings,1309,Соберись
gameplay:GameplayStrings:1310:brkMapReviewA,GameplayStrings,1310,Сначала проверьте время миссии.
gameplay:GameplayStrings:1311:brkMapReviewB,GameplayStrings,1311,Затем найдите корабль на карте.
gameplay:GameplayStrings:1312:brkMapReviewC,GameplayStrings,1312,Введите координаты в компьютер и захватите цель!
gameplay:GameplayStrings:1313:restoreHintA,GameplayStrings,1313,Где должен быть корабль прямо сейчас?
gameplay:GameplayStrings:1314:restoreHintB,GameplayStrings,1314,"Используйте время миссии, чтобы найти корабль."
gameplay:GameplayStrings:1315:restoreHintC,GameplayStrings,1315,"Кликните по месту, где, по-вашему, находится корабль."
gameplay:GameplayStrings:1316:findEelReviewA,GameplayStrings,1316,Директор прислал вам данные по факсу!
gameplay:GameplayStrings:1317:findEelReviewB,GameplayStrings,1317,Прочитайте листы и сравните их с книгой чертежей.
gameplay:GameplayStrings:1318:findEelReviewC,GameplayStrings,1318,Только одна камера подходит под все критерии.
gameplay:GameplayStrings:1319:findEel,GameplayStrings,1319,Найти заключенного
gameplay:GameplayStrings:1320:findHintA,GameplayStrings,1320,Только одна тюремная камера подходит под все критерии.
gameplay:GameplayStrings:1321:findHintB,GameplayStrings,1321,Он где-то между палубами 3 и 7…
gameplay:GameplayStrings:1322:forgeAKey,GameplayStrings,1322,Сделать копию ключа
gameplay:GameplayStrings:1323:lockpickReviewA,GameplayStrings,1323,Посмотрите на цвета замка Ила.
gameplay:GameplayStrings:1324:lockpickReviewB,GameplayStrings,1324,"В базе данных указано, что каждый цвет соответствует наклону."
gameplay:GameplayStrings:1325:lockpickReviewC,GameplayStrings,1325,"Используйте эту информацию, чтобы изготовить ключ Ила."
gameplay:GameplayStrings:1326:lockMakerHintA,GameplayStrings,1326,В этой комбинации цветов спрятан ответ.
gameplay:GameplayStrings:1327:lockMakerHintB,GameplayStrings,1327,Переберите ключи. Видите закономерность?
gameplay:GameplayStrings:1328:lockMakerHintC,GameplayStrings,1328,Белый означает «-1». Красный — «+2». Что значит синий?
gameplay:GameplayStrings:1329:lockMakerHintD,GameplayStrings,1329,Ключ Ила начинается с 242…
gameplay:GameplayStrings:1330:restorePower,GameplayStrings,1330,Переключить автоматы
gameplay:GameplayStrings:1331:flashlightReviewA,GameplayStrings,1331,"Когда погаснет свет, возьмите фонарик."
gameplay:GameplayStrings:1332:flashlightReviewB,GameplayStrings,1332,"Светите на знаки, чтобы проявить секретные сообщения."
gameplay:GameplayStrings:1333:flashlightReviewC,GameplayStrings,1333,"Следуйте инструкциям (и порассуждайте), чтобы сбросить автоматы."
gameplay:GameplayStrings:1334:brkPowHintA,GameplayStrings,1334,"Включите свет, чтобы увидеть знак."
gameplay:GameplayStrings:1335:brkPowHintB,GameplayStrings,1335,"Выберите «C», а не «L»."
gameplay:GameplayStrings:1336:brkPowHintC,GameplayStrings,1336,Не выбирайте «T».
gameplay:GameplayStrings:1337:saveTheDay,GameplayStrings,1337,Спаси день
gameplay:GameplayStrings:1338:turretRebus2A,GameplayStrings,1338,Это кажется знакомым…
gameplay:GameplayStrings:1339:turretRebus2B,GameplayStrings,1339,"2, 4, 6, 8… Как называют эти числа?"
gameplay:GameplayStrings:1340:turretRebus2C,GameplayStrings,1340,Три... десять... Скажи это вслух.
gameplay:GameplayStrings:1341:shootTurrets,GameplayStrings,1341,Открыть огонь!
gameplay:GameplayStrings:1342:endingReviewA,GameplayStrings,1342,Ил и директор в беде!
gameplay:GameplayStrings:1343:endingReviewB,GameplayStrings,1343,"Взломай другую турель, расшифровав её серийный номер."
gameplay:GameplayStrings:1344:endingReviewC,GameplayStrings,1344,"Подойди к компьютеру, чтобы управлять орудием."
gameplay:GameplayStrings:1345:endingReviewD,GameplayStrings,1345,И отправь врагов в полёт!
gameplay:GameplayStrings:1347:veggieFluff,GameplayStrings,1347,Не время сейчас жевать овощи!
gameplay:GameplayStrings:1348:veggieDone,GameplayStrings,1348,Здесь ничего не осталось.
gameplay:GameplayStrings:1349:bombNecklace,GameplayStrings,1349,Колье профессора
gameplay:GameplayStrings:1350:strangeSeed,GameplayStrings,1350,Семя «Спокой-Чай»
gameplay:GameplayStrings:1351:shovel,GameplayStrings,1351,Садовая лопата
gameplay:GameplayStrings:1352:trowel,GameplayStrings,1352,Садовая совок
gameplay:GameplayStrings:1353:chainsaw,GameplayStrings,1353,Зверь (заправлен)
gameplay:GameplayStrings:1354:chainsawEmpty,GameplayStrings,1354,Зверь (без бензина)
gameplay:GameplayStrings:1355:tooltip,GameplayStrings,1355,Загадочная записка
gameplay:GameplayStrings:1356:researchFindings,GameplayStrings,1356,Результаты исследования
gameplay:GameplayStrings:1357:crates,GameplayStrings,1357,Что вообще в этих ящиках?
gameplay:GameplayStrings:1358:beeSmoke,GameplayStrings,1358,"«Прощай, пчёлы!»"
gameplay:GameplayStrings:1359:correctFlower,GameplayStrings,1359,Поселась бабочка! Лучше не беспокоить её.
gameplay:GameplayStrings:1360:placedTool,GameplayStrings,1360,Я справился сам!
gameplay:GameplayStrings:1361:potIntro1,GameplayStrings,1361,Завари
gameplay:GameplayStrings:1362:potIntro2,GameplayStrings,1362,Идеальный чай
gameplay:GameplayStrings:1363:smash,GameplayStrings,1363,Разбить
gameplay:GameplayStrings:1364:exitDoorHot,GameplayStrings,1364,"Ой! Слишком горячо, чтобы трогать!"
gameplay:GameplayStrings:1365:kg,GameplayStrings,1365,кг
gameplay:GameplayStrings:1366:focus,GameplayStrings,1366,Навести резкость
gameplay:GameplayStrings:1367:propane,GameplayStrings,1367,Баллон с пропаном
gameplay:GameplayStrings:1368:teaLeaves,GameplayStrings,1368,Чайные листья
gameplay:GameplayStrings:1369:swap,GameplayStrings,1369,Поменять местами
gameplay:GameplayStrings:1370:cookingWithGas,GameplayStrings,1370,Теперь мы готовим на газу!
gameplay:GameplayStrings:1371:teaLeavesSet,GameplayStrings,1371,Чайные листья готовы!
gameplay:GameplayStrings:1372:unusualSoil,GameplayStrings,1372,«Х» отмечает место…
gameplay:GameplayStrings:1373:emptyHoleGarden,GameplayStrings,1373,Яма теперь пуста.
gameplay:GameplayStrings:1374:select,GameplayStrings,1374,Выбрать
gameplay:GameplayStrings:1375:beeWarning,GameplayStrings,1375,"Не могу повернуть этот рычаг, пока тут рой пчёл!"
gameplay:GameplayStrings:1376:beeWA,GameplayStrings,1376,Они от этого взбесятся!
gameplay:GameplayStrings:1377:dnaSequencePW,GameplayStrings,1377,GTTTAG
gameplay:GameplayStrings:1378:useTheBeast,GameplayStrings,1378,«При зарастании используйте Зверя…»
gameplay:GameplayStrings:1379:uselessChart,GameplayStrings,1379,Без подписей. Это мне не поможет.
gameplay:GameplayStrings:1380:emptyHole,GameplayStrings,1380,"Пусто. Может, копну в другом месте…"
gameplay:GameplayStrings:1381:missingPropane,GameplayStrings,1381,Баллон с пропаном пропал…
gameplay:GameplayStrings:1382:loveCarving,GameplayStrings,1382,На стволе вырезаны инициалы. Но последние две буквы отсутствуют…
gameplay:GameplayStrings:1383:microscopeIntro,GameplayStrings,1383,Стоит ли мне рассмотреть что-нибудь в микроскоп?
gameplay:GameplayStrings:1384:noFitMicroscope,GameplayStrings,1384,Это не подойдёт…
gameplay:GameplayStrings:1385:fullKettle,GameplayStrings,1385,Чайник уже полон! Что дальше?
gameplay:GameplayStrings:1386:emptyKettle,GameplayStrings,1386,Сливной носик. Но как его активировать?
gameplay:GameplayStrings:1387:professorsInitials,GameplayStrings,1387,Это инициалы профессора?
gameplay:GameplayStrings:1388:serenityInTank,GameplayStrings,1388,Это должно быть «Спокой-Чай». Я не чувствую особого спокойствия…
gameplay:GameplayStrings:1389:scalesWeigh,GameplayStrings,1389,Что мне взвесить?
gameplay:GameplayStrings:1390:scalesFail,GameplayStrings,1390,Это не сработает…
gameplay:GameplayStrings:1391:gasMaskComment,GameplayStrings,1391,…Стильно.
gameplay:GameplayStrings:1392:cowboyHat,GameplayStrings,1392,Йи-хо.
gameplay:GameplayStrings:1393:charmingHeart,GameplayStrings,1393,Очаровательно.
gameplay:GameplayStrings:1394:charmingUnhelpful,GameplayStrings,1394,Очаровательно. Но не очень полезно.
gameplay:GameplayStrings:1395:strangeExperiment1,GameplayStrings,1395,«Эксперимент №4459: ???»
gameplay:GameplayStrings:1396:strangeExperiment2,GameplayStrings,1396,«Эксперимент: Спокой-Чай»
gameplay:GameplayStrings:1397:sheLovesTea,GameplayStrings,1397,"Профессор Бонилья, похоже, обожает чай."
gameplay:GameplayStrings:1398:emptyCan,GameplayStrings,1398,Она пуста.
gameplay:GameplayStrings:1399:chemicalFluff,GameplayStrings,1399,"Много химикатов, но они не помогут заварить чай."
gameplay:GameplayStrings:1400:needGasoline,GameplayStrings,1400,"Есть ли у меня что-то, что нуждается в бензине?"
gameplay:GameplayStrings:1401:wrongGasoline,GameplayStrings,1401,Не думаю…
gameplay:GameplayStrings:1402:fullGasoline,GameplayStrings,1402,Она уже полная!
gameplay:GameplayStrings:1403:purposefulTeacups,GameplayStrings,1403,Эта расстановка выглядит осмысленной…
gameplay:GameplayStrings:1404:hasLeavesKettle,GameplayStrings,1404,Чайные листья на месте. Что дальше?
gameplay:GameplayStrings:1405:needsLeaves,GameplayStrings,1405,В этот чайник пора бы положить листья.
gameplay:GameplayStrings:1406:flammableCabinet,GameplayStrings,1406,В этом шкафу должно быть что-то серьёзное.
gameplay:GameplayStrings:1407:bugSpray,GameplayStrings,1407,«Спрей для роста насекомых». Звучит… неприятно.
gameplay:GameplayStrings:1408:chemicalFluff2,GameplayStrings,1408,Разные неизвестные химикаты. Лучше не трогать…
gameplay:GameplayStrings:1409:unknownGear,GameplayStrings,1409,"Вот сколько всего оборудования! Я даже не знаю, что половина из этого делает."
gameplay:GameplayStrings:1410:seriousEquipment,GameplayStrings,1410,Это серьёзное оборудование.
gameplay:GameplayStrings:1411:fluffCrates,GameplayStrings,1411,Почему тут всегда валяются ящики? Что в них вообще?
gameplay:GameplayStrings:1412:explosiveCrates,GameplayStrings,1412,«Взрывоопасно. Обращаться с осторожностью». Я бы лучше вообще не трогал!
gameplay:GameplayStrings:1413:almostABomb,GameplayStrings,1413,Эта штука похожа на бомбу! Я не буду её трогать.
gameplay:GameplayStrings:1414:emptyNow,GameplayStrings,1414,Теперь он пуст.
gameplay:GameplayStrings:1415:superBugSerum,GameplayStrings,1415,«Супер-сыворотка для насекомых». Мне это не нравится.
gameplay:GameplayStrings:1416:evolutionPattern,GameplayStrings,1416,«В эволюции есть закономерность».
gameplay:GameplayStrings:1417:emptyTube,GameplayStrings,1417,В этой пробирке ничего нет.
gameplay:GameplayStrings:1418:emptyTube2,GameplayStrings,1418,"Похоже, этот эксперимент заброшен."
gameplay:GameplayStrings:1419:scaryTools,GameplayStrings,1419,Это правда для ботаники!?
gameplay:GameplayStrings:1420:spareParts,GameplayStrings,1420,Запчасти. Но я не вижу ничего полезного…
gameplay:GameplayStrings:1421:alreadyGotIt,GameplayStrings,1421,"Я уже взял всё, что мне нужно отсюда."
gameplay:GameplayStrings:1422:organizedCups,GameplayStrings,1422,"«Я люблю свои инструменты так же, как свои чашки для чая — в порядке!» — проф. Бонилья"
gameplay:GameplayStrings:1423:tDNA,GameplayStrings,1423,T
gameplay:GameplayStrings:1424:gDNA,GameplayStrings,1424,G
gameplay:GameplayStrings:1425:cDNA,GameplayStrings,1425,C
gameplay:GameplayStrings:1426:aDNA,GameplayStrings,1426,A
gameplay:GameplayStrings:1427:badBee,GameplayStrings,1427,<size=1.5em>[B]</size>удьте <size=1.5em>[A]</size>грессивны и <size=1.5em>[D]</size>angerous <size=1.5em>[B]</size>ugs <size=1.5em>[E]</size>xist <size=1.5em>[E]</size>verywhere.
gameplay:GameplayStrings:1428:serenityLabel,GameplayStrings,1428,Серени-Чай
gameplay:GameplayStrings:1429:pinkFern,GameplayStrings,1429,Розовый папоротник
gameplay:GameplayStrings:1430:teaBrewinTips,GameplayStrings,1430,Советы по завариванию чая:<br><br>1). Налить воду<br>2). Довести до кипения<br>3). Заварить листья<br>4). Не умереть.
gameplay:GameplayStrings:1431:orangeMarigold,GameplayStrings,1431,Оранжевая календула
gameplay:GameplayStrings:1432:blankSlotTile,GameplayStrings,1432,Эта плитка отсутствует…
gameplay:GameplayStrings:1433:balancedEquation,GameplayStrings,1433,Уравнение <b>сбалансировано</b>
gameplay:GameplayStrings:1434:evolutionPattern2,GameplayStrings,1434,«Эволюция следует закономерности!»
gameplay:GameplayStrings:1435:specimenZ,GameplayStrings,1435,Специмен Z
gameplay:GameplayStrings:1436:nucleus,GameplayStrings,1436,Ядро
gameplay:GameplayStrings:1437:cellMembrance,GameplayStrings,1437,Клеточная мембрана
gameplay:GameplayStrings:1438:mito,GameplayStrings,1438,Митохондрия
gameplay:GameplayStrings:1439:vacuole,GameplayStrings,1439,Вакуоль
gameplay:GameplayStrings:1440:chloroplast,GameplayStrings,1440,Хлоропласт
gameplay:GameplayStrings:1441:chloroplasts,GameplayStrings,1441,Хлоропласты
gameplay:GameplayStrings:1442:seedWeightPoster,GameplayStrings,1442,Анализ веса семян
gameplay:GameplayStrings:1443:plantCellPoster,GameplayStrings,1443,Растительная клетка
gameplay:GameplayStrings:1444:act,GameplayStrings,1444,ACT-
gameplay:GameplayStrings:1445:gtt,GameplayStrings,1445,GTT-
gameplay:GameplayStrings:1446:ccc,GameplayStrings,1446,-CCC
gameplay:GameplayStrings:1447:tag2,GameplayStrings,1447,-TAG
gameplay:GameplayStrings:1448:tgt,GameplayStrings,1448,TGT-
gameplay:GameplayStrings:1449:tag,GameplayStrings,1449,TAG-
gameplay:GameplayStrings:1450:ggc,GameplayStrings,1450,-GGC
gameplay:GameplayStrings:1451:ggg,GameplayStrings,1451,GGG-
gameplay:GameplayStrings:1452:acg,GameplayStrings,1452,-ACG
gameplay:GameplayStrings:1453:gat,GameplayStrings,1453,GAT-
gameplay:GameplayStrings:1454:aaa,GameplayStrings,1454,AAA-
gameplay:GameplayStrings:1455:tat,GameplayStrings,1455,TAT-
gameplay:GameplayStrings:1456:ttt,GameplayStrings,1456,-TTT
gameplay:GameplayStrings:1457:acc,GameplayStrings,1457,ACC-
gameplay:GameplayStrings:1458:tct,GameplayStrings,1458,-TCT
gameplay:GameplayStrings:1459:ctg,GameplayStrings,1459,-CTG
gameplay:GameplayStrings:1460:ccg,GameplayStrings,1460,-CCG
gameplay:GameplayStrings:1461:dna,GameplayStrings,1461,ДНК
gameplay:GameplayStrings:1462:aat,GameplayStrings,1462,-AAT
gameplay:GameplayStrings:1463:potComputer,GameplayStrings,1463,Мой Серени-Чай наконец-то готов к посадке! Это может стать моим шедевром.<br>P.S. Кто-нибудь видел мою цепочку? Я искал её везде.<br>-А.Б.
gameplay:GameplayStrings:1464:experimentLog,GameplayStrings,1464,Журнал эксперимента:
gameplay:GameplayStrings:1465:abCarving,GameplayStrings,1465,А.Б. +
gameplay:GameplayStrings:1466:kzCarving,GameplayStrings,1466,К.З.
gameplay:GameplayStrings:1467:loveShedLabel,GameplayStrings,1467,Сарай любви
gameplay:GameplayStrings:1468:toolShedLabel,GameplayStrings,1468,Сарай инструментов
gameplay:GameplayStrings:1469:sortingNote1,GameplayStrings,1469,"Бабочки не сядут, пока цветы не будут стоять в правильном порядке."
gameplay:GameplayStrings:1470:sortingNote2,GameplayStrings,1470,Цветок C должен быть вторым по близости к свету.
gameplay:GameplayStrings:1471:sortingNote3,GameplayStrings,1471,Цветок A должен находиться между двумя растениями.
gameplay:GameplayStrings:1472:sortingNote4,GameplayStrings,1472,"Цветам A, B и E не нужно много света."
gameplay:GameplayStrings:1473:sortingNote5,GameplayStrings,1473,Синее растение в горшке должно стоять сразу слева от красных цветов.
gameplay:GameplayStrings:1474:sortingNote6,GameplayStrings,1474,Цветок D должен стоять на краю.
gameplay:GameplayStrings:1475:trueLoveSign,GameplayStrings,1475,«Здесь расцветает истинная любовь»
gameplay:GameplayStrings:1476:wontCutItWA,GameplayStrings,1476,Так не пойдёт.
gameplay:GameplayStrings:1477:flowerPowerFuel,GameplayStrings,1477,«Топливо „Флауэр Пауэр“»…
gameplay:GameplayStrings:1478:enoughPropane,GameplayStrings,1478,У меня уже и так достаточно пропана.
gameplay:GameplayStrings:1479:strangeGizmoPOT,GameplayStrings,1479,Что это за штука? Выглядит небезопасно…
gameplay:GameplayStrings:1480:emptyTank,GameplayStrings,1480,Баллон с пропаном пуст. Пригодился бы новый…
gameplay:GameplayStrings:1481:tankAttached,GameplayStrings,1481,Огонь разведён! Что дальше?
gameplay:GameplayStrings:1482:valveOff,GameplayStrings,1482,"Нет давления воды. Ставлю, где-то есть ещё один вентиль…"
gameplay:GameplayStrings:1483:waterIsOn,GameplayStrings,1483,Вода течёт! Больше с этим возиться не нужно.
gameplay:GameplayStrings:1484:badBeePW,GameplayStrings,1484,badbee
gameplay:GameplayStrings:1485:potFluff1,GameplayStrings,1485,"«Исследования показывают, что студенты заваривают лучший чай под давлением»."
gameplay:GameplayStrings:1486:potFluff2,GameplayStrings,1486,«Неэтично ли заставлять студентов приносить мне чай за оценку? Результаты неубедительны».
gameplay:GameplayStrings:1487:potFluff3,GameplayStrings,1487,«Ил отказывается пить мой чай. Что с ним не так…»
gameplay:GameplayStrings:1488:potFluff4,GameplayStrings,1488,Стопки и стопки научных статей.
gameplay:GameplayStrings:1489:grams,GameplayStrings,1489,г
gameplay:GameplayStrings:1490:freeTheBeast,GameplayStrings,1490,Освободи Зверя
gameplay:GameplayStrings:1491:beastHintDig,GameplayStrings,1491,"Копай, копай, копай!"
gameplay:GameplayStrings:1492:findTrueLove,GameplayStrings,1492,Найди истинную любовь
gameplay:GameplayStrings:1493:loveHintA,GameplayStrings,1493,«Истинная любовь» может открыть дверь…
gameplay:GameplayStrings:1494:loveHintB,GameplayStrings,1494,Это выглядит важно…
gameplay:GameplayStrings:1495:loveHintC,GameplayStrings,1495,"С любовью, «KZ»…"
gameplay:GameplayStrings:1496:toolsHintA,GameplayStrings,1496,Оцени размер и цвет этой композиции из чашек.
gameplay:GameplayStrings:1497:toolsHintB,GameplayStrings,1497,Размер и цвет этих инструментов кажутся знакомыми…
gameplay:GameplayStrings:1498:fuelUp,GameplayStrings,1498,Залей топливо
gameplay:GameplayStrings:1499:evolutionHintA,GameplayStrings,1499,Узоры двигаются по диагонали.
gameplay:GameplayStrings:1500:evolutionHintB,GameplayStrings,1500,Фигуры двигаются вертикально.
gameplay:GameplayStrings:1501:getPropane,GameplayStrings,1501,Возьми пропан.
gameplay:GameplayStrings:1502:attachPropane,GameplayStrings,1502,Пополни баллон.
gameplay:GameplayStrings:1503:fillTheKettle,GameplayStrings,1503,Наполни чайник
gameplay:GameplayStrings:1504:refuelHint,GameplayStrings,1504,"Пополни топливо, если нужно."
gameplay:GameplayStrings:1505:useChainsawHint,GameplayStrings,1505,Сруби эти лозы!
gameplay:GameplayStrings:1506:butterflyHintA,GameplayStrings,1506,«A» ставится в центр.
gameplay:GameplayStrings:1507:butterflyHintB,GameplayStrings,1507,«D» ставится на самый левый край.
gameplay:GameplayStrings:1508:butterflyHintC,GameplayStrings,1508,Фиолетовая бабочка села на цветок «B»…
gameplay:GameplayStrings:1509:popSmokeHint,GameplayStrings,1509,Запусти дым.
gameplay:GameplayStrings:1510:turnOnWaterHint,GameplayStrings,1510,Наполни чайник водой.
gameplay:GameplayStrings:1511:steepTheLeaves,GameplayStrings,1511,Завари листья
gameplay:GameplayStrings:1512:dnaHintA,GameplayStrings,1512,Рассмотри это семя под микроскопом.
gameplay:GameplayStrings:1513:dnaHintB,GameplayStrings,1513,Сколько хлоропластов ты видишь?
gameplay:GameplayStrings:1514:dnaHintC,GameplayStrings,1514,Сколько весит это семя?
gameplay:GameplayStrings:1515:dnaHintD,GameplayStrings,1515,Введи последовательность ДНК.
gameplay:GameplayStrings:1516:kettleHint,GameplayStrings,1516,Брось эти листья в чайник!
gameplay:GameplayStrings:1517:needTeaLeaves,GameplayStrings,1517,Мне нужны чайные листья. Не это!
gameplay:GameplayStrings:1518:needPropane,GameplayStrings,1518,Из этого не развести огонь.
gameplay:GameplayStrings:1519:trueLoveReviewA,GameplayStrings,1519,Найди лопату в саду.
gameplay:GameplayStrings:1520:trueLoveReviewB,GameplayStrings,1520,"Используй её, чтобы копать там, где стоит «X»."
gameplay:GameplayStrings:1521:trueLoveReviewC,GameplayStrings,1521,"Возьми ожерелье профессора, на котором написано «Сердце КЗ»"
gameplay:GameplayStrings:1522:trueLoveReviewD,GameplayStrings,1522,Соедини это с «АБ»…
gameplay:GameplayStrings:1523:trueLoveReviewE,GameplayStrings,1523,…Чтобы открыть двери сарая.
gameplay:GameplayStrings:1524:beastReviewA,GameplayStrings,1524,Переставь инструменты в сарае…
gameplay:GameplayStrings:1525:beastReviewB,GameplayStrings,1525,"…Так, чтобы они совпадали с узором на чайных чашках."
gameplay:GameplayStrings:1526:beastReviewC,GameplayStrings,1526,И выпусти «Зверя» из его укрытия.
gameplay:GameplayStrings:1527:propaneReviewA,GameplayStrings,1527,Собери цветочные плитки из сарая.
gameplay:GameplayStrings:1528:propaneReviewB,GameplayStrings,1528,Правильно вставь их в родословное древо.
gameplay:GameplayStrings:1529:propaneReviewC,GameplayStrings,1529,Топливо «Flower Power» теперь твоё! Возьми баллон с пропаном.
gameplay:GameplayStrings:1530:propaneReviewD,GameplayStrings,1530,И заправь плиту!
gameplay:GameplayStrings:1531:waterReviewA,GameplayStrings,1531,Сруби лианы бензопилой!
gameplay:GameplayStrings:1532:waterReviewB,GameplayStrings,1532,Найди научную статью на пробковой доске.
gameplay:GameplayStrings:1533:waterReviewC,GameplayStrings,1533,"Составь букет, который понравится бабочкам."
gameplay:GameplayStrings:1534:waterReviewD,GameplayStrings,1534,"Используй цвета их крыльев, чтобы открыть шкаф. Возьми дым-спрей."
gameplay:GameplayStrings:1535:waterReviewE,GameplayStrings,1535,(Безболезненно) убери улей. Теперь у тебя есть доступ к воде!
gameplay:GameplayStrings:1536:scienceReviewB,GameplayStrings,1536,Заправь бензопилу и пропил ещё одну дверь.
gameplay:GameplayStrings:1537:scienceReviewA,GameplayStrings,1537,Выкопай странное семя в саду.
gameplay:GameplayStrings:1538:scienceReviewC,GameplayStrings,1538,Проанализируй семя с помощью лабораторных инструментов…
gameplay:GameplayStrings:1539:scienceReviewD,GameplayStrings,1539,…Чтобы раскрыть его генетический код!
gameplay:GameplayStrings:1540:scienceReviewE,GameplayStrings,1540,Открой листья и брось их в чайник. Твой чай готов!
gameplay:GameplayStrings:1541:beesWarning,GameplayStrings,1541,Я ни на шаг не подпущу к себе этих пчёл!
gameplay:GameplayStrings:1543:labIntro1,GameplayStrings,1543,Взлом
gameplay:GameplayStrings:1544:labIntro2,GameplayStrings,1544,Кванти
gameplay:GameplayStrings:1545:serverdoorlabel,GameplayStrings,1545,Как открыть эту дверь?
gameplay:GameplayStrings:1546:dustyCheddar,GameplayStrings,1546,Запыленный чеддер.
gameplay:GameplayStrings:1547:spareChange,GameplayStrings,1547,Мелочь
gameplay:GameplayStrings:1548:hamsterPipe,GameplayStrings,1548,Энергокабель
gameplay:GameplayStrings:1549:laserWarning,GameplayStrings,1549,Лучше не пересекать эти лучи.
gameplay:GameplayStrings:1550:professorDisplay,GameplayStrings,1550,У профессора целая стена мониторов.
gameplay:GameplayStrings:1551:insertCoin,GameplayStrings,1551,Вставь\nмонету
gameplay:GameplayStrings:1552:outOfStuff,GameplayStrings,1552,РАСПРОДАНО\n
gameplay:GameplayStrings:1553:enjoy,GameplayStrings,1553,НА УДАЧУ
gameplay:GameplayStrings:1554:donutLAB,GameplayStrings,1554,Пончик
gameplay:GameplayStrings:1555:noCoinsButton,GameplayStrings,1555,Ничего не происходит…
gameplay:GameplayStrings:1556:turmeric,GameplayStrings,1556,Крыса Куркума
gameplay:GameplayStrings:1557:virus0,GameplayStrings,1557,Вирус #0
gameplay:GameplayStrings:1558:virus1,GameplayStrings,1558,Вирус #1
gameplay:GameplayStrings:1559:virus2,GameplayStrings,1559,Вирус #2
gameplay:GameplayStrings:1560:virus3,GameplayStrings,1560,Вирус #3
gameplay:GameplayStrings:1561:virus4,GameplayStrings,1561,Вирус #4
gameplay:GameplayStrings:1562:virus5,GameplayStrings,1562,Вирус #5
gameplay:GameplayStrings:1563:virus6,GameplayStrings,1563,Вирус #6
gameplay:GameplayStrings:1564:virus7,GameplayStrings,1564,Вирус #7
gameplay:GameplayStrings:1565:virus8,GameplayStrings,1565,Вирус #8
gameplay:GameplayStrings:1566:virus9,GameplayStrings,1566,Вирус #9
gameplay:GameplayStrings:1567:virus10,GameplayStrings,1567,Вирус #10
gameplay:GameplayStrings:1568:virus11,GameplayStrings,1568,Вирус #11
gameplay:GameplayStrings:1569:virus12,GameplayStrings,1569,Вирус #12
gameplay:GameplayStrings:1570:virus13,GameplayStrings,1570,Вирус #13
gameplay:GameplayStrings:1571:virus14,GameplayStrings,1571,Вирус #14
gameplay:GameplayStrings:1572:virus15,GameplayStrings,1572,Вирус #15
gameplay:GameplayStrings:1573:momCA,GameplayStrings,1573,Dell-ilah
gameplay:GameplayStrings:1574:mom0,GameplayStrings,1574,Board
gameplay:GameplayStrings:1575:mom1,GameplayStrings,1575,Bertha
gameplay:GameplayStrings:1576:mom2,GameplayStrings,1576,Hal
gameplay:GameplayStrings:1577:mom3,GameplayStrings,1577,SysOp
gameplay:GameplayStrings:1578:mom4,GameplayStrings,1578,Rob
gameplay:GameplayStrings:1579:mom5,GameplayStrings,1579,Inti
gameplay:GameplayStrings:1580:mom6,GameplayStrings,1580,Eve
gameplay:GameplayStrings:1581:mom7,GameplayStrings,1581,MomBot
gameplay:GameplayStrings:1582:mom8,GameplayStrings,1582,Electra
gameplay:GameplayStrings:1583:mom9,GameplayStrings,1583,Intheresa
gameplay:GameplayStrings:1584:dogCA,GameplayStrings,1584,Sprocket
gameplay:GameplayStrings:1585:dog0,GameplayStrings,1585,IO Pin
gameplay:GameplayStrings:1586:dog1,GameplayStrings,1586,Sparky
gameplay:GameplayStrings:1587:dog2,GameplayStrings,1587,Fuse
gameplay:GameplayStrings:1588:dog3,GameplayStrings,1588,Jumper
gameplay:GameplayStrings:1589:dog4,GameplayStrings,1589,Circut
gameplay:GameplayStrings:1590:dog5,GameplayStrings,1590,Cable
gameplay:GameplayStrings:1591:dog6,GameplayStrings,1591,Bug
gameplay:GameplayStrings:1592:dog7,GameplayStrings,1592,Hotfix
gameplay:GameplayStrings:1593:dog8,GameplayStrings,1593,Rex
gameplay:GameplayStrings:1594:dog9,GameplayStrings,1594,Gear
gameplay:GameplayStrings:1595:Qkey,GameplayStrings,1595,Q
gameplay:GameplayStrings:1596:Wkey,GameplayStrings,1596,W
gameplay:GameplayStrings:1597:Ekey,GameplayStrings,1597,E
gameplay:GameplayStrings:1598:Rkey,GameplayStrings,1598,R
gameplay:GameplayStrings:1599:Tkey,GameplayStrings,1599,T
gameplay:GameplayStrings:1600:Ykey,GameplayStrings,1600,Y
gameplay:GameplayStrings:1601:Akey,GameplayStrings,1601,A
gameplay:GameplayStrings:1602:Skey,GameplayStrings,1602,S
gameplay:GameplayStrings:1603:Dkey,GameplayStrings,1603,D
gameplay:GameplayStrings:1604:Fkey,GameplayStrings,1604,F
gameplay:GameplayStrings:1605:securityPassword,GameplayStrings,1605,safer
gameplay:GameplayStrings:1606:securityPWDisplay,GameplayStrings,1606,"""SAFER"""
gameplay:GameplayStrings:1607:fluff0,GameplayStrings,1607,Dell-ilah
gameplay:GameplayStrings:1608:fluff1,GameplayStrings,1608,Sprocket
gameplay:GameplayStrings:1609:fluff2,GameplayStrings,1609,Red_Herring
gameplay:GameplayStrings:1610:question0,GameplayStrings,1610,ИМЯ МАТЕРИ
gameplay:GameplayStrings:1611:question1,GameplayStrings,1611,ИМЯ СОБАКИ
gameplay:GameplayStrings:1612:aiProfHardware,GameplayStrings,1612,«Автоматизированный профессор»\nМодель #13. Интересная...
gameplay:GameplayStrings:1613:modelNumber,GameplayStrings,1613,Модель #13
gameplay:GameplayStrings:1614:calibration,GameplayStrings,1614,Context.jpg
gameplay:GameplayStrings:1615:User,GameplayStrings,1615,User
gameplay:GameplayStrings:1616:danceStep,GameplayStrings,1616,Step.exe
gameplay:GameplayStrings:1617:avoid,GameplayStrings,1617,Avoid.exe
gameplay:GameplayStrings:1618:pet,GameplayStrings,1618,Погладить
gameplay:GameplayStrings:1619:mop,GameplayStrings,1619,Протокол ручного управления
gameplay:GameplayStrings:1620:eatenDonut,GameplayStrings,1620,"Кто-то уже покусал. Думаю, я откажусь..."
gameplay:GameplayStrings:1621:fullWheel,GameplayStrings,1621,"Смотри, как она крутится!"
gameplay:GameplayStrings:1622:funky,GameplayStrings,1622,Какой же этот вирус странный!
gameplay:GameplayStrings:1623:systems,GameplayStrings,1623,Системы работают!
gameplay:GameplayStrings:1624:powerBox,GameplayStrings,1624,Этому блоку питания явно не хватает толчка.
gameplay:GameplayStrings:1625:wrong,GameplayStrings,1625,"Похоже, это не то..."
gameplay:GameplayStrings:1626:cage,GameplayStrings,1626,Кто здесь живёт?
gameplay:GameplayStrings:1627:done,GameplayStrings,1627,Больше не нужно с этим возиться.
gameplay:GameplayStrings:1628:coin,GameplayStrings,1628,«Вставьте монету»
gameplay:GameplayStrings:1629:trapped,GameplayStrings,1629,Теперь не уйти!
gameplay:GameplayStrings:1630:tasty,GameplayStrings,1630,Выглядит вкусно. Но как его достать?
gameplay:GameplayStrings:1631:dirtyPlates,GameplayStrings,1631,Какой же тут беспорядок! Кто ест с таких грязных тарелок?
gameplay:GameplayStrings:1632:noExit,GameplayStrings,1632,"Не могу уйти, пока не взломаю профессора!"
gameplay:GameplayStrings:1633:poster,GameplayStrings,1633,Невероятно милый.
gameplay:GameplayStrings:1634:missingPipe,GameplayStrings,1634,От этой трубы отломился кусок.
gameplay:GameplayStrings:1635:mama,GameplayStrings,1635,Мать профессора. Как же она мощная!
gameplay:GameplayStrings:1636:power,GameplayStrings,1636,Свет погас.
gameplay:GameplayStrings:1637:rats,GameplayStrings,1637,"Она сбежала - ах, крысы!"
gameplay:GameplayStrings:1638:salty,GameplayStrings,1638,Я в бешенстве из-за этого.
gameplay:GameplayStrings:1639:roboProf,GameplayStrings,1639,Он держит меня на прицеле.
gameplay:GameplayStrings:1640:sealed,GameplayStrings,1640,Наглухо запечатано!
gameplay:GameplayStrings:1641:brain,GameplayStrings,1641,Ядро Кванти... Это много для обработки.
gameplay:GameplayStrings:1642:pizza,GameplayStrings,1642,Сырно. Но не помогает.
gameplay:GameplayStrings:1643:parts,GameplayStrings,1643,Эта штука повидала лучшие времена…
gameplay:GameplayStrings:1644:monitors,GameplayStrings,1644,"Эти мониторы, кажется, старше меня."
gameplay:GameplayStrings:1645:folder,GameplayStrings,1645,"«Крысы — прирождённые эскаписты, гораздо эффективнее, чем люди»."
gameplay:GameplayStrings:1646:paperTray,GameplayStrings,1646,«Сборка робота. Неудачная попытка №13».
gameplay:GameplayStrings:1647:hand,GameplayStrings,1647,Помоги мне.
gameplay:GameplayStrings:1648:gears,GameplayStrings,1648,Эта ситуация заводит мне голову…
gameplay:GameplayStrings:1649:water,GameplayStrings,1649,Освежает.
gameplay:GameplayStrings:1650:lockedTV,GameplayStrings,1650,Нет сигнала. Но хотя бы электричество есть…
gameplay:GameplayStrings:1651:TV,GameplayStrings,1651,Сегодня в эфире ничего интересного.
gameplay:GameplayStrings:1652:laser,GameplayStrings,1652,УПРАВЛЕНИЕ ЛАЗЕРАМИ
gameplay:GameplayStrings:1653:persona,GameplayStrings,1653,ЛИЧНОСТЬ
gameplay:GameplayStrings:1654:snackdoku,GameplayStrings,1654,СНЕК-ДОКУ
gameplay:GameplayStrings:1655:binary,GameplayStrings,1655,Двоичный калькулятор
gameplay:GameplayStrings:1656:serial,GameplayStrings,1656,Серийный номер:
gameplay:GameplayStrings:1657:server,GameplayStrings,1657,Серверная
gameplay:GameplayStrings:1658:A2,GameplayStrings,1658,A2
gameplay:GameplayStrings:1659:B1,GameplayStrings,1659,B1
gameplay:GameplayStrings:1660:B2,GameplayStrings,1660,B2
gameplay:GameplayStrings:1661:D4,GameplayStrings,1661,D4
gameplay:GameplayStrings:1662:B4,GameplayStrings,1662,B4
gameplay:GameplayStrings:1663:C1,GameplayStrings,1663,C1
gameplay:GameplayStrings:1664:B3,GameplayStrings,1664,B3
gameplay:GameplayStrings:1665:personaHacked,GameplayStrings,1665,>ФАНКИ\n>ГРУВИ\n>ГЛАДКИЙ
gameplay:GameplayStrings:1666:scrambled,GameplayStrings,1666,GXLAJQYROKSDINBTCPHF
gameplay:GameplayStrings:1667:password,GameplayStrings,1667,ВАШ ПАРОЛЬ:
gameplay:GameplayStrings:1668:vendShort,GameplayStrings,1668,ВСТАВ/nМОНЕТУ
gameplay:GameplayStrings:1669:forgot,GameplayStrings,1669,Забыли пароль?
gameplay:GameplayStrings:1670:myFiles,GameplayStrings,1670,Мои файлы
gameplay:GameplayStrings:1671:passcode,GameplayStrings,1671,Введите код:
gameplay:GameplayStrings:1672:wrongPasscode,GameplayStrings,1672,НЕВЕРНЫЙ КОД
gameplay:GameplayStrings:1673:virus,GameplayStrings,1673,ВИРУСОСБОРКА
gameplay:GameplayStrings:1674:hacking,GameplayStrings,1674,ВЗЛОМ НАЧАТ
gameplay:GameplayStrings:1675:core,GameplayStrings,1675,ЯДРО Quantum
gameplay:GameplayStrings:1676:incorrect,GameplayStrings,1676,НЕВЕРНО!
gameplay:GameplayStrings:1677:pw,GameplayStrings,1677,ПАРОЛЬ:
gameplay:GameplayStrings:1678:disco,GameplayStrings,1678,ВИРУС<br>ДИСКОТЕКИ!
gameplay:GameplayStrings:1679:error,GameplayStrings,1679,ОШИБКА:
gameplay:GameplayStrings:1680:funk,GameplayStrings,1680,ПЕРЕБОР ФАНКА
gameplay:GameplayStrings:1681:intruders,GameplayStrings,1681,Защита от вторжений: 0%.
gameplay:GameplayStrings:1682:wrongDisk,GameplayStrings,1682,НЕСОВМЕСТИМЫЙ ДИСК.
gameplay:GameplayStrings:1683:performMOP,GameplayStrings,1683,ВЫПОЛНИТЬ ПРОТОКОЛ РУЧНОГО ОТКЛЮЧЕНИЯ ДЛЯ ПОДТВЕРЖДЕНИЯ
gameplay:GameplayStrings:1684:instructions,GameplayStrings,1684,Перемещай от наименьшего значения к наибольшему.
gameplay:GameplayStrings:1685:create,GameplayStrings,1685,СОЗДАТЬ
gameplay:GameplayStrings:1686:lasersOFF,GameplayStrings,1686,Лазеры: ВЫКЛ
gameplay:GameplayStrings:1687:lasersON,GameplayStrings,1687,Лазеры: ВКЛ
gameplay:GameplayStrings:1688:target,GameplayStrings,1688,Модель цели:
gameplay:GameplayStrings:1689:virusCreated,GameplayStrings,1689,ВИРУС СОЗДАН.
gameplay:GameplayStrings:1690:personaBoring,GameplayStrings,1690,>САМОУВЕРЕННЫЙ >СЕРЬЁЗНЫЙ >УМНЫЙ
gameplay:GameplayStrings:1691:submit,GameplayStrings,1691,ОТПРАВИТЬ
gameplay:GameplayStrings:1692:hack,GameplayStrings,1692,ВЗЛОМАТЬ
gameplay:GameplayStrings:1693:mamaJPG,GameplayStrings,1693,mama
gameplay:GameplayStrings:1694:barkGIF,GameplayStrings,1694,bark
gameplay:GameplayStrings:1695:herring,GameplayStrings,1695,rh
gameplay:GameplayStrings:1696:viruses,GameplayStrings,1696,Вирусы
gameplay:GameplayStrings:1697:files,GameplayStrings,1697,Файлы
gameplay:GameplayStrings:1698:funkError,GameplayStrings,1698,Ошибка фанк!
gameplay:GameplayStrings:1699:timer,GameplayStrings,1699,Timer.exe
gameplay:GameplayStrings:1700:unlocked,GameplayStrings,1700,Все двери разблокированы
gameplay:GameplayStrings:1701:plan,GameplayStrings,1701,master_plan.txt
gameplay:GameplayStrings:1702:recover,GameplayStrings,1702,ВОССТАНОВИТЬ ПИТАНИЕ
gameplay:GameplayStrings:1704:breach,GameplayStrings,1704,ВЗЛОМ ЗАЩИТЫ!
gameplay:GameplayStrings:1705:offswitch,GameplayStrings,1705,Этот переключатель уже выключен.
gameplay:GameplayStrings:1706:nopower,GameplayStrings,1706,На них нет питания.
gameplay:GameplayStrings:1707:letterC,GameplayStrings,1707,Буква — «C»…
gameplay:GameplayStrings:1708:screensaverhint,GameplayStrings,1708,Экраны заставки образуют интересные фигуры…
gameplay:GameplayStrings:1709:pwrecoverhint,GameplayStrings,1709,Есть ли способ восстановить пароль?
gameplay:GameplayStrings:1710:filesearchhint,GameplayStrings,1710,Что в этих файлах?
gameplay:GameplayStrings:1711:loginreview,GameplayStrings,1711,Заставки раскрывают скрытый код доступа.
gameplay:GameplayStrings:1712:deactivatelasersreview,GameplayStrings,1712,Восстанови пароль Кванти и отключи его лазеры.
gameplay:GameplayStrings:1713:powerupcomputer,GameplayStrings,1713,Включи компьютеры
gameplay:GameplayStrings:1714:powertubelabel,GameplayStrings,1714,Почини трубу питания
gameplay:GameplayStrings:1715:collectcoinslabel,GameplayStrings,1715,Собери монеты
gameplay:GameplayStrings:1716:solvesnackdoku,GameplayStrings,1716,Разгадай Снек-доку
gameplay:GameplayStrings:1717:feedturmericreview,GameplayStrings,1717,Покорми Куркуму пончиком
gameplay:GameplayStrings:1718:turmericgeneratereview,GameplayStrings,1718,Заставь Куркуму генерировать энергию
gameplay:GameplayStrings:1719:installAVirus,GameplayStrings,1719,Установи вирус
gameplay:GameplayStrings:1720:virusHintC,GameplayStrings,1720,Есть ли способ создать вирус?
gameplay:GameplayStrings:1721:buildavirus,GameplayStrings,1721,Создай вирус
gameplay:GameplayStrings:1722:plugvirusin,GameplayStrings,1722,Вставь вирус в терминал личности
gameplay:GameplayStrings:1723:discofever,GameplayStrings,1723,ДИСКОТЕКА!
gameplay:GameplayStrings:1724:getgroovy,GameplayStrings,1724,Включай на полную во время диско-лихорадки!
gameplay:GameplayStrings:1725:hackdrivers,GameplayStrings,1725,Взломать драйверы
gameplay:GameplayStrings:1726:shuttingoffconsole,GameplayStrings,1726,Сначала попробуй выключить эту консоль
gameplay:GameplayStrings:1727:decodeshutdownprotocol,GameplayStrings,1727,Расшифровать протокол ручного отключения
gameplay:GameplayStrings:1728:biggestFan,GameplayStrings,1728,Мой самый преданный поклонник.
gameplay:GameplayStrings:1729:gameConsole,GameplayStrings,1729,"Не время для игр, мне нужно взломать профессора!"
gameplay:GameplayStrings:1730:img_TurmericPoster,GameplayStrings,1730,Познакомьтесь с Куркумой: любимая питомец класса
gameplay:GameplayStrings:1731:img_TurmericPoster2,GameplayStrings,1731,"Истинно талантливая, обожает пончики, очень мягкая"
gameplay:GameplayStrings:1732:img_SudokuPoster,GameplayStrings,1732,Судоку и ты
gameplay:GameplayStrings:1733:img_SudokuPoster2,GameplayStrings,1733,Каковы правила судоку?
gameplay:GameplayStrings:1734:img_SudokuPoster3,GameplayStrings,1734,"Заполни сетку так, чтобы в каждой строке, столбце и квадрате была каждая цифра по одному разу."
gameplay:GameplayStrings:1735:RestorePowerPuzzle,GameplayStrings,1735,Включить свет
gameplay:GameplayStrings:1736:someAssemblyHint,GameplayStrings,1736,Требуется сборка.
gameplay:GameplayStrings:1737:lightsReviewA,GameplayStrings,1737,Собери и пересобери провод питания.
gameplay:GameplayStrings:1738:lightsReviewB,GameplayStrings,1738,Собери горсть мелочи.
gameplay:GameplayStrings:1739:insertCoinHint,GameplayStrings,1739,Есть мелочь?
gameplay:GameplayStrings:1740:lightsReviewC,GameplayStrings,1740,"Используй навыки судоку, чтобы получить перекус."
gameplay:GameplayStrings:1741:rulesOfSudoku,GameplayStrings,1741,Автомат работает по правилам судоку.
gameplay:GameplayStrings:1742:lightsReviewD,GameplayStrings,1742,Дай Куркуме пончик…
gameplay:GameplayStrings:1743:lightsReviewE,GameplayStrings,1743,"Затем посади её на колесо, чтобы выработать энергию."
gameplay:GameplayStrings:1744:donutLockHint,GameplayStrings,1744,У этой крысы слабое место — сладкое…
gameplay:GameplayStrings:1745:donutLockHintB,GameplayStrings,1745,Отнеси меня домой.
gameplay:GameplayStrings:1746:browseFilesReview,GameplayStrings,1746,Просмотри компьютеры в поисках улик.
gameplay:GameplayStrings:1747:virusHintA,GameplayStrings,1747,У Кванти нет антивируса…
gameplay:GameplayStrings:1748:virusHintB,GameplayStrings,1748,Номер модели Кванти — 13.
gameplay:GameplayStrings:1749:virusHintD,GameplayStrings,1749,Думай в двоичном коде.
gameplay:GameplayStrings:1750:buildAVirusReviewA,GameplayStrings,1750,Номер модели Кванти — 13.
gameplay:GameplayStrings:1751:buildAVirusReviewB,GameplayStrings,1751,Переведи это число в двоичный код…
gameplay:GameplayStrings:1752:buildAVirusReviewC,GameplayStrings,1752,И введи его в программу создания вируса.
gameplay:GameplayStrings:1753:buildAVirusReviewD,GameplayStrings,1753,Вставь зараженный диск и дай ему подействовать.
gameplay:GameplayStrings:1754:getFunky,GameplayStrings,1754,Включай ритм
gameplay:GameplayStrings:1755:discoHintA,GameplayStrings,1755,Экран и плитки на полу как-то связаны…
gameplay:GameplayStrings:1756:discoHintB,GameplayStrings,1756,Встань здесь.
gameplay:GameplayStrings:1757:discoHintC,GameplayStrings,1757,Не стой здесь.
gameplay:GameplayStrings:1758:discoReviewA,GameplayStrings,1758,Следуй за следами на экране…
gameplay:GameplayStrings:1759:discoReviewB,GameplayStrings,1759,Чтобы танцем пробраться в серверную.
gameplay:GameplayStrings:1760:FinishTheJob,GameplayStrings,1760,Довести дело до конца
gameplay:GameplayStrings:1761:pressMe,GameplayStrings,1761,Нажми на меня.
gameplay:GameplayStrings:1762:finalHackReviewA,GameplayStrings,1762,Запусти финальный взлом.
gameplay:GameplayStrings:1763:finalHackReviewB,GameplayStrings,1763,Изучи протокол ручного переключения.
gameplay:GameplayStrings:1764:finalHackReviewC,GameplayStrings,1764,Каждый переключатель добавляет числовое значение.
gameplay:GameplayStrings:1765:finalHackReviewD,GameplayStrings,1765,"Переключай тумблеры от меньшего к большему, чтобы отключить Кванти."
gameplay:GameplayStrings:1766:finalHackHintA,GameplayStrings,1766,Сколько очков стоит этот ящик?
gameplay:GameplayStrings:1767:finalHackHintB,GameplayStrings,1767,Красный квадрат стоит 1 очко. Красный треугольник стоит 3 очка. Красный круг стоит…
gameplay:GameplayStrings:1768:finalHackHintC,GameplayStrings,1768,Весь этот ящик стоит 8 очков.
gameplay:GameplayStrings:1769:deactivateLasersPuzzle,GameplayStrings,1769,Выключить лазеры
gameplay:GameplayStrings:1771:eelIsBack,GameplayStrings,1771,"С возвращением, Ил."
gameplay:GameplayStrings:1772:todaysSpecials,GameplayStrings,1772,Блюда дня
gameplay:GameplayStrings:1773:introCAlt,GameplayStrings,1773,Найди
gameplay:GameplayStrings:1774:introDAlt,GameplayStrings,1774,Антидот
gameplay:GameplayStrings:1775:introA,GameplayStrings,1775,Наслаждайся
gameplay:GameplayStrings:1776:introB,GameplayStrings,1776,Милкшейком
gameplay:GameplayStrings:1777:funkyFork,GameplayStrings,1777,Странная вилка
gameplay:GameplayStrings:1778:ordinaryFork,GameplayStrings,1778,Обычная вилка
gameplay:GameplayStrings:1779:spoons,GameplayStrings,1779,"Всегда ложка, никогда не спёрк."
gameplay:GameplayStrings:1780:pot,GameplayStrings,1780,Обычный соусник.
gameplay:GameplayStrings:1781:wrongFork,GameplayStrings,1781,Не подходит.
gameplay:GameplayStrings:1782:knifeBlock,GameplayStrings,1782,Впечатляющий набор ножей.
gameplay:GameplayStrings:1783:castIron,GameplayStrings,1783,Чугунная сковорода. Её невозможно отмыть.
gameplay:GameplayStrings:1784:candy,GameplayStrings,1784,Миска с настоящими конфетами.
gameplay:GameplayStrings:1785:coffeeMachine,GameplayStrings,1785,"Я полностью бодр, кофеин не нужен!"
gameplay:GameplayStrings:1786:fruitBasket,GameplayStrings,1786,Корзина фруктов — природные конфеты.
gameplay:GameplayStrings:1787:dishPile,GameplayStrings,1787,Здесь только грязная посуда.
gameplay:GameplayStrings:1788:fireExtinguisher,GameplayStrings,1788,Огнетушитель
gameplay:GameplayStrings:1789:jarShelf,GameplayStrings,1789,Они пустые! Как же это банально.
gameplay:GameplayStrings:1790:breadBoxTip,GameplayStrings,1790,«Заморозьте остатки хлеба»\n<i>— Ил</i>
gameplay:GameplayStrings:1791:emptyToaster,GameplayStrings,1791,Он пуст.
gameplay:GameplayStrings:1792:bread,GameplayStrings,1792,Свежий тост.
gameplay:GameplayStrings:1793:donut,GameplayStrings,1793,Свежий тост.
gameplay:GameplayStrings:1794:freezer1,GameplayStrings,1794,Морозильник
gameplay:GameplayStrings:1795:blender,GameplayStrings,1795,«Блендмастер 5000». Шик.
gameplay:GameplayStrings:1796:doorBarred,GameplayStrings,1796,Она заперта.
gameplay:GameplayStrings:1797:solvedSpinner,GameplayStrings,1797,Больше не нужно с этим возиться.
gameplay:GameplayStrings:1798:veggieBox,GameplayStrings,1798,Коробка замороженных овощей. Лучше эту коробку не трогать.
gameplay:GameplayStrings:1799:riceBag,GameplayStrings,1799,Пакет замороженных продуктов. Ничего особенного.
gameplay:GameplayStrings:1800:jug,GameplayStrings,1800,Много растительного масла.
gameplay:GameplayStrings:1801:cans,GameplayStrings,1801,Консервы. Здесь приличный запас.
gameplay:GameplayStrings:1802:meats,GameplayStrings,1802,"Интересно, что за мясо это...?"
gameplay:GameplayStrings:1803:emptyIceBin,GameplayStrings,1803,Только кубики льда.
gameplay:GameplayStrings:1804:iceKey,GameplayStrings,1804,Кубик льда (с ключом)
gameplay:GameplayStrings:1805:icecreamFreezer,GameplayStrings,1805,Этот морозильник для мороженого просто супер!
gameplay:GameplayStrings:1806:emptyBox,GameplayStrings,1806,Она пуста.
gameplay:GameplayStrings:1807:orangesBox,GameplayStrings,1807,Коробка апельсинов — вкусно!
gameplay:GameplayStrings:1808:bucket,GameplayStrings,1808,Это ведро. Постараюсь не пнуть его.
gameplay:GameplayStrings:1809:key,GameplayStrings,1809,Маленький ключ
gameplay:GameplayStrings:1810:antidoteSheet,GameplayStrings,1810,Рецепт антидота
gameplay:GameplayStrings:1811:pour,GameplayStrings,1811,Влить
gameplay:GameplayStrings:1812:busyMixer,GameplayStrings,1812,У меня только две руки!
gameplay:GameplayStrings:1813:drink,GameplayStrings,1813,Выпить
gameplay:GameplayStrings:1814:shake,GameplayStrings,1814,Встряхнуть
gameplay:GameplayStrings:1815:stir,GameplayStrings,1815,Перемешать
gameplay:GameplayStrings:1816:emptyCup,GameplayStrings,1816,Она пуста...
gameplay:GameplayStrings:1817:notForMe,GameplayStrings,1817,Это не мне нужен этот антидот!
gameplay:GameplayStrings:1818:wrongAntidoteSafe,GameplayStrings,1818,Вкусно! Но это не антидот.
gameplay:GameplayStrings:1819:wrongAntidoteDeadly,GameplayStrings,1819,Фу! Мне стало ещё хуже...
gameplay:GameplayStrings:1820:dump,GameplayStrings,1820,Выбросить
gameplay:GameplayStrings:1821:flowers,GameplayStrings,1821,Вкусно.
gameplay:GameplayStrings:1822:fireplace1,GameplayStrings,1822,Слишком жарко!
gameplay:GameplayStrings:1823:utensils,GameplayStrings,1823,Здесь кухонная утварь — это нечто.
gameplay:GameplayStrings:1824:skillet,GameplayStrings,1824,Эту сковороду низкого качества раскритиковали критики.
gameplay:GameplayStrings:1825:fryPan,GameplayStrings,1825,Обычная сковорода.
gameplay:GameplayStrings:1826:butterKnives,GameplayStrings,1826,"Надеюсь, я острее этих…"
gameplay:GameplayStrings:1827:scaryKnives,GameplayStrings,1827,Это вообще для готовки?!
gameplay:GameplayStrings:1828:knifeBlock2,GameplayStrings,1828,Все эти ножи заставляют меня нервничать.
gameplay:GameplayStrings:1829:knifeBlock3,GameplayStrings,1829,Стандартный блок для ножей.
gameplay:GameplayStrings:1830:peaBag,GameplayStrings,1830,Замороженный горох. Фантастика.
gameplay:GameplayStrings:1831:appleBox,GameplayStrings,1831,Ящик с яблоками. До апельсинов им далеко.
gameplay:GameplayStrings:1832:tins,GameplayStrings,1832,Банки с консервированными морепродуктами. Что-то тут нечисто.
gameplay:GameplayStrings:1833:cans2,GameplayStrings,1833,Несколько банок с едой.
gameplay:GameplayStrings:1834:wrongItemInFire,GameplayStrings,1834,Лучше не готовить это…
gameplay:GameplayStrings:1835:exit,GameplayStrings,1835,Выйти
gameplay:GameplayStrings:1836:emptyShake,GameplayStrings,1836,Надо срочно найти противоядие!
gameplay:GameplayStrings:1837:inv_burntdish,GameplayStrings,1837,Грязная тарелка
gameplay:GameplayStrings:1838:inv_cleandish,GameplayStrings,1838,Загадочная тарелка
gameplay:GameplayStrings:1839:inv_encylopedia,GameplayStrings,1839,Энциклопедия ядов
gameplay:GameplayStrings:1840:inv_skeletonkey,GameplayStrings,1840,Служебный ключ
gameplay:GameplayStrings:1841:inv_knife,GameplayStrings,1841,Кухонный нож
gameplay:GameplayStrings:1842:washLabel,GameplayStrings,1842,"Может, стоит что-нибудь помыть?"
gameplay:GameplayStrings:1843:wrongItemWashed,GameplayStrings,1843,Теперь всё чистое. Но толку от этого мало.
gameplay:GameplayStrings:1844:wash,GameplayStrings,1844,Помыть
gameplay:GameplayStrings:1845:fluffIngredient1,GameplayStrings,1845,Кленовый сироп
gameplay:GameplayStrings:1846:fluffIngredient2,GameplayStrings,1846,Тоник
gameplay:GameplayStrings:1847:fluffIngredient3,GameplayStrings,1847,Газированная вода
gameplay:GameplayStrings:1848:fluffPoison1,GameplayStrings,1848,Горькая настойка мускатного ореха
gameplay:GameplayStrings:1849:fluffPoison2,GameplayStrings,1849,Сок мидий
gameplay:GameplayStrings:1850:fluffPoison3,GameplayStrings,1850,Экстракт цианида
gameplay:GameplayStrings:1851:belladonnaSyrup,GameplayStrings,1851,Сироп белладонны
gameplay:GameplayStrings:1852:mineralWater,GameplayStrings,1852,Минеральная вода
gameplay:GameplayStrings:1853:calabar,GameplayStrings,1853,Экстракт калабара
gameplay:GameplayStrings:1854:milkshakeReview,GameplayStrings,1854,Действительно необычно.
gameplay:GameplayStrings:1855:tableSetting1,GameplayStrings,1855,"Похоже, это стол персонала. Шик."
gameplay:GameplayStrings:1856:tableSetting2,GameplayStrings,1856,"Здесь, наверное, едят студенты."
gameplay:GameplayStrings:1857:spinnerDone,GameplayStrings,1857,Больше не нужно с этим возиться.
gameplay:GameplayStrings:1858:TBTMantel,GameplayStrings,1858,Романтично.
gameplay:GameplayStrings:1859:potJoke,GameplayStrings,1859,"У этой старой кастрюли, похоже, крыша поехала."
gameplay:GameplayStrings:1860:wok,GameplayStrings,1860,Жизнь сковородки — не прогулка в парке.
gameplay:GameplayStrings:1861:burntMeat,GameplayStrings,1861,Для меня это слишком прожарено.
gameplay:GameplayStrings:1862:oilPan,GameplayStrings,1862,Сковорода с кипящим соусом...
gameplay:GameplayStrings:1863:wrongPan,GameplayStrings,1863,Из этого выйдет только грязь.
gameplay:GameplayStrings:1864:delicious,GameplayStrings,1864,Вкусно!
gameplay:GameplayStrings:1865:cakeSlice,GameplayStrings,1865,"Никто не будет против, если я отрежу себе кусочек, правда?"
gameplay:GameplayStrings:1866:wrongCake,GameplayStrings,1866,Этим торт не порежешь.
gameplay:GameplayStrings:1867:staffOnly,GameplayStrings,1867,"«Только для персонала», да?"
gameplay:GameplayStrings:1868:fireplace,GameplayStrings,1868,Как жарко!
gameplay:GameplayStrings:1869:wrongFireplace,GameplayStrings,1869,Не хочу это сжигать!
gameplay:GameplayStrings:1870:meatFire,GameplayStrings,1870,"Горячо, горячо, горячо!"
gameplay:GameplayStrings:1871:wrongFire,GameplayStrings,1871,Так не получится!
gameplay:GameplayStrings:1872:partyTable,GameplayStrings,1872,"Кто-то устроил вечеринку, но меня не позвали."
gameplay:GameplayStrings:1873:boringForks,GameplayStrings,1873,"Обычные, бесполезные вилки."
gameplay:GameplayStrings:1874:creepyMask,GameplayStrings,1874,Что за манера у этой школы — повсюду жуткие маски?
gameplay:GameplayStrings:1875:dumbShelf,GameplayStrings,1875,"Полка аккуратно убрана, но толку от неё мало."
gameplay:GameplayStrings:1876:shakeLie,GameplayStrings,1876,Шейк — это ложь.
gameplay:GameplayStrings:1877:badDiet,GameplayStrings,1877,Сбрось лишний вес!
gameplay:GameplayStrings:1878:staffOnly2,GameplayStrings,1878,Только для персонала
gameplay:GameplayStrings:1879:yam,GameplayStrings,1879,Я сейчас не голоден.
gameplay:GameplayStrings:1880:broccoli,GameplayStrings,1880,"Этот брокколи слишком подозрителен, чтобы его есть."
gameplay:GameplayStrings:1881:img_Antidote,GameplayStrings,1881,Старинное противоядие
gameplay:GameplayStrings:1882:img_Antidote2,GameplayStrings,1882,«Солянж»
gameplay:GameplayStrings:1883:img_Antidote3,GameplayStrings,1883,"Капля того, чем тебя отравили"
gameplay:GameplayStrings:1884:img_Antidote4,GameplayStrings,1884,Три капли противоположного
gameplay:GameplayStrings:1885:img_Antidote5,GameplayStrings,1885,Щедро налить минеральной воды
gameplay:GameplayStrings:1886:img_Antidote6,GameplayStrings,1886,"Взбалтывать, не перемешивать"
gameplay:GameplayStrings:1887:img_poisonBook,GameplayStrings,1887,"Калабар вызывает желтоватое зрение, урчание в животе и смерть."
gameplay:GameplayStrings:1888:img_poisonBook2,GameplayStrings,1888,"Белладонна вызывает фиолетовое зрение, слышимое сердцебиение и смерть."
gameplay:GameplayStrings:1889:img_poisonBook3,GameplayStrings,1889,Но в правильных пропорциях они становятся противоядием!
gameplay:GameplayStrings:1890:img_poisonBook4,GameplayStrings,1890,"Странно, правда?"
gameplay:GameplayStrings:1891:img_microwavePoster,GameplayStrings,1891,Запрещённые знания о микроволновке
gameplay:GameplayStrings:1892:img_microwavePoster2,GameplayStrings,1892,Только для поваров!
gameplay:GameplayStrings:1893:img_microwavePoster3,GameplayStrings,1893,"Брюссельская капуста, клюв курицы, яйцо (птицы)"
gameplay:GameplayStrings:1894:img_microwavePoster4,GameplayStrings,1894,"Яйцо (рептилии), мясо неизвестного происхождения, мороженое, всё остальное"
gameplay:GameplayStrings:1895:dishTitle,GameplayStrings,1895,Открой блюдо
gameplay:GameplayStrings:1896:fork1,GameplayStrings,1896,Сними со стены странную вилку.
gameplay:GameplayStrings:1897:forkAlt,GameplayStrings,1897,Сними странную вилку с конвейера.
gameplay:GameplayStrings:1898:fork2,GameplayStrings,1898,Возьми ещё одну вилку из корзины для посуды.
gameplay:GameplayStrings:1899:microwave,GameplayStrings,1899,Это время приготовления?
gameplay:GameplayStrings:1900:fireReview,GameplayStrings,1900,Потуши огонь внутри и возьми ещё одну вилку.
gameplay:GameplayStrings:1901:dishReview,GameplayStrings,1901,Открой блюдо и наслаждайся.
gameplay:GameplayStrings:1902:iceTitle,GameplayStrings,1902,Сбеги с кухни
gameplay:GameplayStrings:1903:ice1,GameplayStrings,1903,Эти формы мне знакомы…
gameplay:GameplayStrings:1904:ice2,GameplayStrings,1904,"Используй формы тостера, чтобы открыть морозилку."
gameplay:GameplayStrings:1905:ice3,GameplayStrings,1905,"Возьми ключ, застрявший в льду."
gameplay:GameplayStrings:1906:ice4,GameplayStrings,1906,"Здесь так жарко, что я могу растаять!"
gameplay:GameplayStrings:1907:ice5,GameplayStrings,1907,Растопи лёд на сковороде и возьми ключ.
gameplay:GameplayStrings:1908:ice6,GameplayStrings,1908,Открой дверь и войди в столовую.
gameplay:GameplayStrings:1909:recipeTitle,GameplayStrings,1909,Найди рецепт противоядия
gameplay:GameplayStrings:1910:recipe1,GameplayStrings,1910,Потуши огонь и возьми подгоревшее блюдо.
gameplay:GameplayStrings:1911:recipe2,GameplayStrings,1911,Эта тарелка в грязи.
gameplay:GameplayStrings:1912:recipe3,GameplayStrings,1912,Вымой эту противную тарелку.
gameplay:GameplayStrings:1913:recipe4,GameplayStrings,1913,"Крутись, крутись!"
gameplay:GameplayStrings:1914:recipe5,GameplayStrings,1914,Покрути ленивый столик.
gameplay:GameplayStrings:1915:recipe6,GameplayStrings,1915,Захвати рецепт противоядия.
gameplay:GameplayStrings:1916:bookTitle,GameplayStrings,1916,"Узнай, чем тебя отравили…"
gameplay:GameplayStrings:1917:book1,GameplayStrings,1917,Возьми нож.
gameplay:GameplayStrings:1918:book2,GameplayStrings,1918,Отрежь кусок.
gameplay:GameplayStrings:1919:book3,GameplayStrings,1919,Разрежь торт. Цвета слоёв…
gameplay:GameplayStrings:1920:book4,GameplayStrings,1920,Какой цветной замок!
gameplay:GameplayStrings:1921:book4A,GameplayStrings,1921,Какой цветной торт!
gameplay:GameplayStrings:1922:book5,GameplayStrings,1922,"…это цвета, необходимые, чтобы открыть подарок."
gameplay:GameplayStrings:1923:book6,GameplayStrings,1923,"Сделай вывод, что тебя отравили белладонной."
gameplay:GameplayStrings:1924:dummyTitle,GameplayStrings,1924,Подслушай!
gameplay:GameplayStrings:1925:dummy1,GameplayStrings,1925,Эта еда мне знакома…
gameplay:GameplayStrings:1926:dummy2,GameplayStrings,1926,Нажми на группы продуктов.
gameplay:GameplayStrings:1927:dummy3,GameplayStrings,1927,Обрати внимание на расположение каждой группы продуктов.
gameplay:GameplayStrings:1928:dummy4,GameplayStrings,1928,Нажми на кнопки для полноценного обеда!
gameplay:GameplayStrings:1929:dummy5,GameplayStrings,1929,Что-то здесь не так…
gameplay:GameplayStrings:1930:dummy6,GameplayStrings,1930,Возьми мастер-ключ.
gameplay:GameplayStrings:1931:mixTitle,GameplayStrings,1931,Смешай противоядие… Быстро!
gameplay:GameplayStrings:1932:mix1,GameplayStrings,1932,"Используй мастер-ключ, чтобы открыть бар."
gameplay:GameplayStrings:1933:mixingBarHintA,GameplayStrings,1933,Следуй рецепту точно.
gameplay:GameplayStrings:1934:mix2,GameplayStrings,1934,"Следуй рецепту, чтобы приготовить коктейль-противоядие."
gameplay:GameplayStrings:1935:mix3,GameplayStrings,1935,За твое здоровье!
gameplay:GameplayStrings:1936:pizza_tbt,GameplayStrings,1936,"Если она не хрустит, это не пицца!"
gameplay:GameplayStrings:1937:backdoor_tbt,GameplayStrings,1937,"Я мог бы уйти прямо сейчас, но всё ещё остался яд…"
gameplay:GameplayStrings:1938:microwaveHintFire,GameplayStrings,1938,Потуши этот огонь!
gameplay:GameplayStrings:1939:servingHintA,GameplayStrings,1939,Эти замки выглядят необычно…
gameplay:GameplayStrings:1940:servingHintB,GameplayStrings,1940,Ты видел эту форму где-нибудь ещё?
gameplay:GameplayStrings:1941:servingHintDrink,GameplayStrings,1941,Выпей меня.
gameplay:GameplayStrings:1942:toastyHintA,GameplayStrings,1942,Хрустящее.
gameplay:GameplayStrings:1943:bigMeal,GameplayStrings,1943,Это был обед Джеба?
gameplay:GameplayStrings:1944:bigMealB,GameplayStrings,1944,Это должно было стоить целое состояние.
gameplay:GameplayStrings:1945:costHint,GameplayStrings,1945,Сколько стоил этот обед?
gameplay:GameplayStrings:1946:unlockMicrowaveHint,GameplayStrings,1946,Открой микроволновку с помощью запрещённых знаний.
gameplay:GameplayStrings:1947:drinkReview,GameplayStrings,1947,Выпей (удивительно ядовитый) молочный коктейль.
gameplay:GameplayStrings:1948:mixingBarHintA2,GameplayStrings,1948,Что тебя отравило?
gameplay:GameplayStrings:1949:mixingBarHintB,GameplayStrings,1949,Используй три капли калабара и одну каплю…
gameplay:GameplayStrings:1950:mixingBarHintC,GameplayStrings,1950,"Не забудь взболтать перед тем, как пить!"
gameplay:GameplayStrings:1951:cantLeavePoisoned,GameplayStrings,1951,"Я не могу уйти, не найдя антидот!"
gameplay:GameplayStrings:1952:lunchmenu1,GameplayStrings,1952,Бургер «Биф-Ит»
gameplay:GameplayStrings:1953:lunchmenu2,GameplayStrings,1953,Пирог с лаймом
gameplay:GameplayStrings:1954:lunchmenu3,GameplayStrings,1954,Лук в любом виде
gameplay:GameplayStrings:1955:lunchmenu4,GameplayStrings,1955,Рыба
gameplay:GameplayStrings:1956:lunchmenu5,GameplayStrings,1956,Заливное из ветчины от Джебсона
gameplay:GameplayStrings:1957:lunchmenu6,GameplayStrings,1957,Сэндвич с сушёным тофу
gameplay:GameplayStrings:1958:lunchmenu7,GameplayStrings,1958,Обед дня «Бандл»
gameplay:GameplayStrings:1959:lunchmenu8,GameplayStrings,1959,Имитация ролла с унаги
gameplay:GameplayStrings:1960:lunchmenu9,GameplayStrings,1960,Палочки «Паззарелла»
gameplay:GameplayStrings:1961:lunchmenu10,GameplayStrings,1961,Бейгл с замками
gameplay:GameplayStrings:1962:lunchmenu11,GameplayStrings,1962,Пицца «Пероги Парм»
gameplay:GameplayStrings:1963:lunchmenu12,GameplayStrings,1963,Молочный коктейль «Весёлые ягоды»
gameplay:GameplayStrings:1964:kitchensafetyposter,GameplayStrings,1964,Чистая кухня — безопасная кухня
gameplay:GameplayStrings:1965:discoBroccoli,GameplayStrings,1965,"Я бы откусил, но он выглядит слишком… фанки."
gameplay:GameplayStrings:1966:eatprompt,GameplayStrings,1966,Съесть
gameplay:GameplayStrings:1968:rvrIntro1,GameplayStrings,1968,Доберись
gameplay:GameplayStrings:1969:rvrIntro2,GameplayStrings,1969,до финиша
gameplay:GameplayStrings:1970:whiteWeight,GameplayStrings,1970,Белый груз
gameplay:GameplayStrings:1971:redWeight,GameplayStrings,1971,Красный груз
gameplay:GameplayStrings:1972:orangeWeight,GameplayStrings,1972,Оранжевый груз
gameplay:GameplayStrings:1973:greenWeight,GameplayStrings,1973,Зелёный груз
gameplay:GameplayStrings:1974:blueWeight,GameplayStrings,1974,Синий груз
gameplay:GameplayStrings:1975:doneWeight,GameplayStrings,1975,Я уже собрал эти гири.
gameplay:GameplayStrings:1976:white,GameplayStrings,1976,Белый
gameplay:GameplayStrings:1977:red,GameplayStrings,1977,Красный
gameplay:GameplayStrings:1978:orange,GameplayStrings,1978,Оранжевый
gameplay:GameplayStrings:1979:green,GameplayStrings,1979,Зелёный
gameplay:GameplayStrings:1980:blue,GameplayStrings,1980,Синий
gameplay:GameplayStrings:1981:yellow,GameplayStrings,1981,Жёлтый
gameplay:GameplayStrings:1982:purple,GameplayStrings,1982,Фиолетовый
gameplay:GameplayStrings:1983:startHere,GameplayStrings,1983,Старт
gameplay:GameplayStrings:1984:cabinetkey,GameplayStrings,1984,Ключ от шкафа
gameplay:GameplayStrings:1985:10cents,GameplayStrings,1985,Монеты по 10 центов
gameplay:GameplayStrings:1986:5cents,GameplayStrings,1986,Монеты по 5 центов
gameplay:GameplayStrings:1987:1cent,GameplayStrings,1987,Монеты по 1 центу
gameplay:GameplayStrings:1988:goldmedal,GameplayStrings,1988,Золотая медаль
gameplay:GameplayStrings:1989:silvermedal,GameplayStrings,1989,Серебряная медаль
gameplay:GameplayStrings:1990:bronzemedal,GameplayStrings,1990,Бронзовая медаль
gameplay:GameplayStrings:1991:marbles,GameplayStrings,1991,Бильярдные шары
gameplay:GameplayStrings:1992:release,GameplayStrings,1992,Отпустить
gameplay:GameplayStrings:1993:reset,GameplayStrings,1993,Сбросить
gameplay:GameplayStrings:1994:ring,GameplayStrings,1994,Зазвонить
gameplay:GameplayStrings:1995:insert,GameplayStrings,1995,Вставить
gameplay:GameplayStrings:1996:place,GameplayStrings,1996,Положить
gameplay:GameplayStrings:1997:playingCards,GameplayStrings,1997,Игровые карты
gameplay:GameplayStrings:1998:correctGear,GameplayStrings,1998,Это шестерёнка уже закреплена.
gameplay:GameplayStrings:1999:gearsmall,GameplayStrings,1999,Маленькая шестерёнка
gameplay:GameplayStrings:2000:gearmedium,GameplayStrings,2000,Средняя шестерёнка
gameplay:GameplayStrings:2001:gearlarge,GameplayStrings,2001,Большая шестерёнка
gameplay:GameplayStrings:2002:notClearText,GameplayStrings,2002,На платформе кто-то стоит!
gameplay:GameplayStrings:2003:medalSocket,GameplayStrings,2003,Какой-то разъём…
gameplay:GameplayStrings:2004:didntFit,GameplayStrings,2004,Не подошло…
gameplay:GameplayStrings:2005:attachAGear,GameplayStrings,2005,Можно прикрепить сюда шестерёнку…
gameplay:GameplayStrings:2006:wontFit,GameplayStrings,2006,Не влезет.
gameplay:GameplayStrings:2007:wontFitSmaller,GameplayStrings,2007,Не влезет. Нужно что-то поменьше…
gameplay:GameplayStrings:2008:rightPlace,GameplayStrings,2008,Она на своём месте.
gameplay:GameplayStrings:2009:placeWeight,GameplayStrings,2009,Положить сюда груз?
gameplay:GameplayStrings:2010:weightWrong,GameplayStrings,2010,"Похоже, это не то…"
gameplay:GameplayStrings:2011:peg1Label,GameplayStrings,2011,"""x1"" <br> Положить сюда груз?"
gameplay:GameplayStrings:2012:peg2Label,GameplayStrings,2012,"""x2"" <br> Положить сюда груз?"
gameplay:GameplayStrings:2013:peg3Label,GameplayStrings,2013,"""x3"" <br> Положить сюда груз?"
gameplay:GameplayStrings:2014:fireBallista,GameplayStrings,2014,"Ставлю, что мне нужно выстрелить из этой баллисты…"
gameplay:GameplayStrings:2015:ballistaSolved,GameplayStrings,2015,Я всё решил! Чего я тут сижу!?
gameplay:GameplayStrings:2016:statueLocked,GameplayStrings,2016,Больше не нужно с этим возиться.
gameplay:GameplayStrings:2017:slide,GameplayStrings,2017,Сдвинуть
gameplay:GameplayStrings:2018:ladderLocked,GameplayStrings,2018,Нет смысла спускаться обратно.
gameplay:GameplayStrings:2019:strangeDeviceRVR,GameplayStrings,2019,Странное устройство…
gameplay:GameplayStrings:2020:touchFire,GameplayStrings,2020,"Ой, горячо!"
gameplay:GameplayStrings:2021:findWayToSpin,GameplayStrings,2021,"Нужно придумать, как это раскрутить…"
gameplay:GameplayStrings:2022:setScoreboard,GameplayStrings,2022,Табло настроено!
gameplay:GameplayStrings:2023:gearsDone,GameplayStrings,2023,Больше не нужно с этим возиться.
gameplay:GameplayStrings:2024:bane,GameplayStrings,2024,BANE
gameplay:GameplayStrings:2030:times1,GameplayStrings,2030,x1
gameplay:GameplayStrings:2031:times2,GameplayStrings,2031,x2
gameplay:GameplayStrings:2032:times3,GameplayStrings,2032,x3
gameplay:GameplayStrings:2033:sarah,GameplayStrings,2033,SARAH
gameplay:GameplayStrings:2034:megan,GameplayStrings,2034,МЕГАН
gameplay:GameplayStrings:2035:michelle,GameplayStrings,2035,МИШЕЛЬ
gameplay:GameplayStrings:2036:jacob,GameplayStrings,2036,JACOB
gameplay:GameplayStrings:2037:rachel,GameplayStrings,2037,RACHEL
gameplay:GameplayStrings:2038:mike,GameplayStrings,2038,МАЙК
gameplay:GameplayStrings:2039:bob,GameplayStrings,2039,БОБ
gameplay:GameplayStrings:2040:max,GameplayStrings,2040,МАКС
gameplay:GameplayStrings:2041:timmy,GameplayStrings,2041,ТИМИ
gameplay:GameplayStrings:2042:wyatt,GameplayStrings,2042,ВАЙАТТ
gameplay:GameplayStrings:2043:pigsFly,GameplayStrings,2043,"Ты сбежишь, когда свиньи начнут летать"
gameplay:GameplayStrings:2044:bellsClue,GameplayStrings,2044,"Позвони в колокола, мой друг: <u>G</u>, <u>E</u>, <u>A</u>, <u>E</u>, <u>D</u>"
gameplay:GameplayStrings:2045:bellsPW,GameplayStrings,2045,GEAED
gameplay:GameplayStrings:2046:bellA,GameplayStrings,2046,A
gameplay:GameplayStrings:2047:bellB,GameplayStrings,2047,B
gameplay:GameplayStrings:2048:bellC,GameplayStrings,2048,C
gameplay:GameplayStrings:2049:bellD,GameplayStrings,2049,D
gameplay:GameplayStrings:2050:bellE,GameplayStrings,2050,E
gameplay:GameplayStrings:2051:bellF,GameplayStrings,2051,F
gameplay:GameplayStrings:2052:bellG,GameplayStrings,2052,G
gameplay:GameplayStrings:2053:watchStep,GameplayStrings,2053,Смотри <br> под ноги!
gameplay:GameplayStrings:2054:enterCombo,GameplayStrings,2054,Введите комбинацию менее чем за 10 поворотов:
gameplay:GameplayStrings:2055:fire,GameplayStrings,2055,Выстрелить
gameplay:GameplayStrings:2056:3POV,GameplayStrings,2056,Какие 3 видите вы оба?
gameplay:GameplayStrings:2057:ballistaPuzzle,GameplayStrings,2057,Выстрелить из баллисты
gameplay:GameplayStrings:2058:scaleLocked,GameplayStrings,2058,"Я не могу использовать эти весы, пока не включу их. Но как?"
gameplay:GameplayStrings:2059:img_RingBellsClue,GameplayStrings,2059,"звони в колокола, мой дорогой друг"
gameplay:GameplayStrings:2060:namesClue1,GameplayStrings,2060,Какие имена выглядят одинаково с обеих сторон стены?
gameplay:GameplayStrings:2061:namesClue2,GameplayStrings,2061,Поставь WYATT и MAX на цели. Кто ещё?
gameplay:GameplayStrings:2062:scaleClue1,GameplayStrings,2062,"Используй эти весы, чтобы сравнить грузы."
gameplay:GameplayStrings:2063:scaleClue2B,GameplayStrings,2063,Белый — самый тяжёлый груз…
gameplay:GameplayStrings:2064:scaleClue2,GameplayStrings,2064,Красный — самый лёгкий груз…
gameplay:GameplayStrings:2065:scaleClueMath1,GameplayStrings,2065,"Этим весам нужен всего один груз, чтобы уравновесить их."
gameplay:GameplayStrings:2066:scaleClueMath2,GameplayStrings,2066,Белый груз должен быть где-то на этих весах.
gameplay:GameplayStrings:2067:scaleClueMath3,GameplayStrings,2067,На этих весах используются красный и синий грузы.
gameplay:GameplayStrings:2068:rotatorResetClue1,GameplayStrings,2068,"Нажми эту кнопку, чтобы сбросить головоломку."
gameplay:GameplayStrings:2069:rotatorClueA,GameplayStrings,2069,Думай на пару ходов вперёд…
gameplay:GameplayStrings:2070:rotatorClueB,GameplayStrings,2070,Каждая кнопка поворачивает ровно два кольца.
gameplay:GameplayStrings:2071:rotatorClueC,GameplayStrings,2071,"Если стратегия не работает, нажми «Сброс» и попробуй снова."
gameplay:GameplayStrings:2072:cabinetClue1,GameplayStrings,2072,Где ещё ты видел такую расстановку?
gameplay:GameplayStrings:2073:cabinetClue2,GameplayStrings,2073,Что означают подчёркнутые буквы?
gameplay:GameplayStrings:2074:cabinetHintCoinA,GameplayStrings,2074,Сумма в каждой строке и столбце должна совпадать с указанной ценой.
gameplay:GameplayStrings:2075:cabinetClue6,GameplayStrings,2075,Где можно ввести это слово?
gameplay:GameplayStrings:2076:cabinetInsertMarblesHint,GameplayStrings,2076,Этому механизму не помешали бы шарики.
gameplay:GameplayStrings:2077:cabinetClueMarblesA,GameplayStrings,2077,Шарики покатятся в сторону приподнятого конца качелей.
gameplay:GameplayStrings:2078:cabinetClueMarblesB,GameplayStrings,2078,"Соедини оранжевый с оранжевым, а жёлтый — с жёлтым."
gameplay:GameplayStrings:2079:cabinetClueMarblesC,GameplayStrings,2079,"Если ошибётесь, нажмите «Сбросить»."
gameplay:GameplayStrings:2080:cabinetClue8,GameplayStrings,2080,Эти три медали сюда встанут.
gameplay:GameplayStrings:2082:1kg,GameplayStrings,2082,1<size=0.7em>кг</size>
gameplay:GameplayStrings:2083:2kg,GameplayStrings,2083,2<size=0.7em>кг</size>
gameplay:GameplayStrings:2084:3kg,GameplayStrings,2084,3<size=0.7em>кг</size>
gameplay:GameplayStrings:2085:4kg,GameplayStrings,2085,4<size=0.7em>кг</size>
gameplay:GameplayStrings:2086:5kg,GameplayStrings,2086,5<size=0.7em>кг</size>
gameplay:GameplayStrings:2087:7kg,GameplayStrings,2087,7<size=0.7em>кг</size>
gameplay:GameplayStrings:2088:9kg,GameplayStrings,2088,9<size=0.7em>кг</size>
gameplay:GameplayStrings:2089:14kg,GameplayStrings,2089,14<size=0.7em>кг</size>
gameplay:GameplayStrings:2090:resetInstructions,GameplayStrings,2090,"Сброси кольца, чтобы продолжить"
gameplay:GameplayStrings:2091:puzzleFoul,GameplayStrings,2091,Фол в головоломке
gameplay:GameplayStrings:2092:lockedRingButton,GameplayStrings,2092,Я уже нажал эту кнопку!
gameplay:GameplayStrings:2093:emptyJar,GameplayStrings,2093,Теперь она пуста.
gameplay:GameplayStrings:2094:gearHintA,GameplayStrings,2094,"Проложи путь от левой стороны к правой, затем поверни рукоятку."
gameplay:GameplayStrings:2095:povHintA,GameplayStrings,2095,"Подумай, что видит твой соперник…"
gameplay:GameplayStrings:2096:povHintB,GameplayStrings,2096,Тимми — одно из решений.
gameplay:GameplayStrings:2097:povHintC,GameplayStrings,2097,Какие ещё имена выглядят одинаково с обеих сторон стены?
gameplay:GameplayStrings:2098:namesPuzzle,GameplayStrings,2098,Определи цели
gameplay:GameplayStrings:2099:weightsPuzzle,GameplayStrings,2099,Выровняй весы
gameplay:GameplayStrings:2100:scaleClue3,GameplayStrings,2100,Введи свои результаты здесь.
gameplay:GameplayStrings:2101:rotationPuzzle,GameplayStrings,2101,Поверни камеру
gameplay:GameplayStrings:2102:cabinetClue2B,GameplayStrings,2102,"Похоже, это сработает…"
gameplay:GameplayStrings:2103:theBronze,GameplayStrings,2103,Бери бронзу
gameplay:GameplayStrings:2104:theSilver,GameplayStrings,2104,Бери серебро
gameplay:GameplayStrings:2105:theGold,GameplayStrings,2105,Бери золото… и кубок!
gameplay:GameplayStrings:2106:cabinetClue3,GameplayStrings,2106,"Хрю, хрю."
gameplay:GameplayStrings:2107:cabinetHintCoinB,GameplayStrings,2107,Положи монету в 1 цент в верхний левый и нижний правый углы.
gameplay:GameplayStrings:2108:cabinetCardsA,GameplayStrings,2108,"Черви, пики, трефы, бубны…"
gameplay:GameplayStrings:2109:cabinetMedalHintA,GameplayStrings,2109,Золото на верхнюю ступеньку…
gameplay:GameplayStrings:2110:cabinetMedalHintB,GameplayStrings,2110,Бронза на нижнюю ступеньку…
gameplay:GameplayStrings:2111:cabinetHintDoorB,GameplayStrings,2111,Цвет этих дверей явно не случаен.
gameplay:GameplayStrings:2112:ballistaReviewA,GameplayStrings,2112,"Собери три шестерёнки, спрятанные на платформе."
gameplay:GameplayStrings:2113:ballistaReviewB,GameplayStrings,2113,Вставь их в перфорированную панель в правильном порядке.
gameplay:GameplayStrings:2114:ballistaReviewC,GameplayStrings,2114,Выстрели из баллисты и продвигайся дальше!
gameplay:GameplayStrings:2115:namesReviewA,GameplayStrings,2115,Посмотри на доску с именами. Три из них выглядят одинаково в зеркальном отражении.
gameplay:GameplayStrings:2116:namesReviewB,GameplayStrings,2116,Сдвинь статуи с симметричными именами в финишную зону!
gameplay:GameplayStrings:2117:weightsReviewA,GameplayStrings,2117,Собери пять разноцветных гирь.
gameplay:GameplayStrings:2118:weightsReviewB,GameplayStrings,2118,"Сравни их на весах, чтобы узнать точный вес."
gameplay:GameplayStrings:2119:weightsReviewC,GameplayStrings,2119,"Расставь гири (и посчитай), чтобы идеально уравновесить все три качели."
gameplay:GameplayStrings:2120:rotationReviewA,GameplayStrings,2120,"Используй панель управления, чтобы вращать кольца."
gameplay:GameplayStrings:2121:rotationReviewB,GameplayStrings,2121,Активируй все 7 символов менее чем за 10 ходов…
gameplay:GameplayStrings:2122:rotationReviewC,GameplayStrings,2122,И ты окажешься на финальной платформе!
gameplay:GameplayStrings:2123:bronzeReviewA,GameplayStrings,2123,"Заметь, что цвета дверей образуют закономерность."
gameplay:GameplayStrings:2124:bronzeReviewB,GameplayStrings,2124,Возьми ключ и открой замок.
gameplay:GameplayStrings:2125:bronzeReviewC,GameplayStrings,2125,Зазвони в колокола согласно секретному сообщению.
gameplay:GameplayStrings:2126:bronzeReviewD,GameplayStrings,2126,И забери свою бронзовую медаль!
gameplay:GameplayStrings:2127:silverReviewA,GameplayStrings,2127,Включи воображение и собери крылатого поросенка.
gameplay:GameplayStrings:2128:silverReviewB,GameplayStrings,2128,Следуй за стрелками.
gameplay:GameplayStrings:2129:silverReviewC,GameplayStrings,2129,"Вставь монеты так, чтобы они совпадали с рядами и колонками сетки."
gameplay:GameplayStrings:2130:silverReviewD,GameplayStrings,2130,Совмести стрелки часов со значениями четырёх карт.
gameplay:GameplayStrings:2131:silverReviewE,GameplayStrings,2131,Ты выиграл серебро!
gameplay:GameplayStrings:2132:goldReviewA,GameplayStrings,2132,Введи секретное слово.
gameplay:GameplayStrings:2133:goldReviewB,GameplayStrings,2133,Ссыпь горсть шариков в воронки.
gameplay:GameplayStrings:2134:goldReviewC,GameplayStrings,2134,"Используй гравитацию, чтобы они скатились в нужные ведра."
gameplay:GameplayStrings:2135:goldReviewD,GameplayStrings,2135,Ты выиграл золото!
gameplay:GameplayStrings:2136:goldReviewE,GameplayStrings,2136,Поставь все три медали на пьедестал. Ты чемпион!
gameplay:GameplayStrings:2138:libIntro1,GameplayStrings,2138,Сбеги из
gameplay:GameplayStrings:2139:libIntro2,GameplayStrings,2139,Пожара
gameplay:GameplayStrings:2140:crankHandle,GameplayStrings,2140,Ручка-кривошип
gameplay:GameplayStrings:2141:hourglass,GameplayStrings,2141,Песочные часы
gameplay:GameplayStrings:2142:strangeTile,GameplayStrings,2142,Странная плитка
gameplay:GameplayStrings:2143:chamberClosed,GameplayStrings,2143,"Похоже, эта комната закрыта навсегда."
gameplay:GameplayStrings:2144:blocked,GameplayStrings,2144,Я не могу туда попасть.
gameplay:GameplayStrings:2145:libWord2,GameplayStrings,2145,Синие буквы «B J S»...
gameplay:GameplayStrings:2146:mess,GameplayStrings,2146,Какой беспорядок!
gameplay:GameplayStrings:2147:crank,GameplayStrings,2147,Эй! Здесь не хватает ручки!
gameplay:GameplayStrings:2148:locked,GameplayStrings,2148,Оно заперто снаружи! Кто-то делает это намеренно!?
gameplay:GameplayStrings:2149:libWord1,GameplayStrings,2149,Жёлтые буквы «G J S F»...
gameplay:GameplayStrings:2150:clockClue,GameplayStrings,2150,Ручки внизу выглядят многообещающе.
gameplay:GameplayStrings:2151:noHourglass,GameplayStrings,2151,Не хватает песочных часов...
gameplay:GameplayStrings:2152:mountains,GameplayStrings,2152,"Мне кажется, эти горы повешены не так."
gameplay:GameplayStrings:2153:magGlass,GameplayStrings,2153,Кто-то изучал эту плитку. Она должна быть важна.
gameplay:GameplayStrings:2154:ceilingLight,GameplayStrings,2154,Сегодняшний день действительно перевернулся с ног на голову.
gameplay:GameplayStrings:2155:treasures,GameplayStrings,2155,Все эти бесценные сокровища вот-вот сгорят дотла!
gameplay:GameplayStrings:2156:lever,GameplayStrings,2156,Я переключил его. Но что это сделало...?
gameplay:GameplayStrings:2157:coins,GameplayStrings,2157,"Никто не будет против, если я возьму пару монет, верно?"
gameplay:GameplayStrings:2158:papers,GameplayStrings,2158,"О, листы! Они не помогают!"
gameplay:GameplayStrings:2159:forgeTile,GameplayStrings,2159,«Эскапист куёт собственную судьбу.»
gameplay:GameplayStrings:2160:prideTile,GameplayStrings,2160,«Эскапист гордится своей работой.»
gameplay:GameplayStrings:2161:aboveTile,GameplayStrings,2161,«Эскапист выходит за рамки.»
gameplay:GameplayStrings:2162:weighTile,GameplayStrings,2162,«Эскапист взвешивает варианты.»
gameplay:GameplayStrings:2163:libWord3,GameplayStrings,2163,Оранжевые буквы «T V O»...
gameplay:GameplayStrings:2164:flipThrough,GameplayStrings,2164,"Нет времени читать. Если хочешь сбежать, просто <b>перелистни.</b>"
gameplay:GameplayStrings:2165:bonesGroup,GameplayStrings,2165,"У меня есть кость, которую нужно обсудить с этим интерьером..."
gameplay:GameplayStrings:2166:incertae,GameplayStrings,2166,Incertae
gameplay:GameplayStrings:2167:demo,GameplayStrings,2167,Demonstrando
gameplay:GameplayStrings:2168:veritas,GameplayStrings,2168,Veritas
gameplay:GameplayStrings:2169:sum,GameplayStrings,2169,Sum
gameplay:GameplayStrings:2170:meliora,GameplayStrings,2170,Meliora
gameplay:GameplayStrings:2171:rerum,GameplayStrings,2171,Rerum
gameplay:GameplayStrings:2172:omiss,GameplayStrings,2172,Omissione
gameplay:GameplayStrings:2173:frat,GameplayStrings,2173,Fraternitas
gameplay:GameplayStrings:2174:ad,GameplayStrings,2174,Ad
gameplay:GameplayStrings:2175:bono,GameplayStrings,2175,Bono
gameplay:GameplayStrings:2176:decus,GameplayStrings,2176,Decus
gameplay:GameplayStrings:2177:bellum,GameplayStrings,2177,Bellum
gameplay:GameplayStrings:2178:ipse,GameplayStrings,2178,Ipse
gameplay:GameplayStrings:2179:quod,GameplayStrings,2179,Quod
gameplay:GameplayStrings:2180:tac,GameplayStrings,2180,Tacuisses
gameplay:GameplayStrings:2181:eris,GameplayStrings,2181,Eris
gameplay:GameplayStrings:2182:semper,GameplayStrings,2182,Semper
gameplay:GameplayStrings:2183:cogito,GameplayStrings,2183,Cogito
gameplay:GameplayStrings:2184:in,GameplayStrings,2184,In
gameplay:GameplayStrings:2185:agis,GameplayStrings,2185,Agis
gameplay:GameplayStrings:2186:libertas,GameplayStrings,2186,Libertas
gameplay:GameplayStrings:2187:fortis,GameplayStrings,2187,Fortis
gameplay:GameplayStrings:2188:est,GameplayStrings,2188,Est
gameplay:GameplayStrings:2189:non,GameplayStrings,2189,Non
gameplay:GameplayStrings:2190:tus,GameplayStrings,2190,Tus
gameplay:GameplayStrings:2191:age,GameplayStrings,2191,Age
gameplay:GameplayStrings:2192:ergo,GameplayStrings,2192,Ergo
gameplay:GameplayStrings:2193:rn3,GameplayStrings,2193,III
gameplay:GameplayStrings:2194:rn6,GameplayStrings,2194,VI
gameplay:GameplayStrings:2195:rn9,GameplayStrings,2195,IX
gameplay:GameplayStrings:2196:rn12,GameplayStrings,2196,XII
gameplay:GameplayStrings:2197:goldenRuleLabel,GameplayStrings,2197,"""Золотое правило: ДУМАЙ дважды."""
gameplay:GameplayStrings:2198:cipherClue,GameplayStrings,2198,B   A
gameplay:GameplayStrings:2199:latinPuzzle,GameplayStrings,2199,"<u>Cogito</u> Ergo Sum<br>«Я <u>мыслю</u>, следовательно, я существую»"
gameplay:GameplayStrings:2200:thinkTwice,GameplayStrings,2200,Золотое правило:<br> ДУМАЙ дважды.
gameplay:GameplayStrings:2201:africa,GameplayStrings,2201,АФРИКА
gameplay:GameplayStrings:2202:africaCipher,GameplayStrings,2202,BGSJDB
gameplay:GameplayStrings:2203:asia,GameplayStrings,2203,АЗИЯ
gameplay:GameplayStrings:2204:asiaCipher,GameplayStrings,2204,BTJB
gameplay:GameplayStrings:2205:europe,GameplayStrings,2205,ЕВРОПА
gameplay:GameplayStrings:2206:europeCipher,GameplayStrings,2206,FVSPQF
gameplay:GameplayStrings:2207:nAmerica,GameplayStrings,2207,СЕВЕРНАЯ АМЕРИКА
gameplay:GameplayStrings:2208:nAmericaCipher,GameplayStrings,2208,O BNFSJDB
gameplay:GameplayStrings:2209:mysteryBookcase,GameplayStrings,2209,"Кажется, это важно. Но что это…?"
gameplay:GameplayStrings:2210:tabletHintA,GameplayStrings,2210,Чего-то не хватает…
gameplay:GameplayStrings:2211:tabletHintB,GameplayStrings,2211,"Используй стрелки на всех 5 табличках, чтобы открыть сундук."
gameplay:GameplayStrings:2212:tabletsReviewA,GameplayStrings,2212,Должно быть 5 табличек. Одной не хватает!
gameplay:GameplayStrings:2213:tabletsReviewB,GameplayStrings,2213,Найди её в архиве.
gameplay:GameplayStrings:2214:tabletsReviewC,GameplayStrings,2214,Введи последовательность стрелок и забери предметы внутри.
gameplay:GameplayStrings:2215:tilesHintA,GameplayStrings,2215,Нужно «Перевернуть»
gameplay:GameplayStrings:2216:tilesReviewA,GameplayStrings,2216,Следуй инструкциям в этой книге…
gameplay:GameplayStrings:2217:tilesReviewB,GameplayStrings,2217,...и переверни!
gameplay:GameplayStrings:2218:tilesReviewC,GameplayStrings,2218,Открывается секретная дверь.
gameplay:GameplayStrings:2219:tileName,GameplayStrings,2219,Открой секретный выход
gameplay:GameplayStrings:2220:tabletsName,GameplayStrings,2220,Разгадай таблички
gameplay:GameplayStrings:2221:graffitiHint,GameplayStrings,2221,"Cogito, cogito!"
gameplay:GameplayStrings:2222:latinTitle,GameplayStrings,2222,Разгадай свитки
gameplay:GameplayStrings:2223:latinHintA,GameplayStrings,2223,Эту фразу можно измерить.
gameplay:GameplayStrings:2224:latinHintB,GameplayStrings,2224,«Cogito Cogito»
gameplay:GameplayStrings:2225:latinReviewA,GameplayStrings,2225,Обрати внимание на эту латинскую фразу.
gameplay:GameplayStrings:2226:latinReviewB,GameplayStrings,2226,Сравни её со свитками…
gameplay:GameplayStrings:2227:latinReviewC,GameplayStrings,2227,...но удвой слово «Cogito».
gameplay:GameplayStrings:2228:latinReviewD,GameplayStrings,2228,И сокровище твоё!
gameplay:GameplayStrings:2229:clockTitle,GameplayStrings,2229,Заведи часы
gameplay:GameplayStrings:2230:clockHintA,GameplayStrings,2230,Чего-то не хватает…
gameplay:GameplayStrings:2231:clockHintB,GameplayStrings,2231,"Три стрелки, каждая указывает в разные стороны…"
gameplay:GameplayStrings:2232:clockHintC,GameplayStrings,2232,"Поверни часы так, чтобы они совпали с этим."
gameplay:GameplayStrings:2233:clockReviewA,GameplayStrings,2233,Прикрепи недостающую рукоятку.
gameplay:GameplayStrings:2234:clockReviewB,GameplayStrings,2234,И поверни часы в нужное положение!
gameplay:GameplayStrings:2235:laddersTitle,GameplayStrings,2235,Расставь лестницы
gameplay:GameplayStrings:2236:ladderHintA,GameplayStrings,2236,Сдвинь меня.
gameplay:GameplayStrings:2237:ladderHintA2,GameplayStrings,2237,Сдвинь и меня.
gameplay:GameplayStrings:2238:ladderHintB,GameplayStrings,2238,Этот символ встречался где-то ещё…
gameplay:GameplayStrings:2239:ladderReviewA,GameplayStrings,2239,Сдвинь эту лестницу на место.
gameplay:GameplayStrings:2240:ladderReviewB,GameplayStrings,2240,Эту тоже!
gameplay:GameplayStrings:2241:ladderReviewC,GameplayStrings,2241,Взоберись по серебряной лестнице и переключи рычаг…
gameplay:GameplayStrings:2242:ladderReviewD,GameplayStrings,2242,...чтобы открыть плитку над золотой лестницей!
gameplay:GameplayStrings:2243:topsyTitle,GameplayStrings,2243,Разгадай черепа
gameplay:GameplayStrings:2244:topsyHintA,GameplayStrings,2244,"Четыре черепа, четыре числа…"
gameplay:GameplayStrings:2245:topsyHintB,GameplayStrings,2245,Введи ответ вверх ногами.
gameplay:GameplayStrings:2246:topsyReviewA,GameplayStrings,2246,На каждом из этих черепов есть число.
gameplay:GameplayStrings:2247:topsyReviewB,GameplayStrings,2247,Введи это число вверх ногами…
gameplay:GameplayStrings:2248:topsyReviewC,GameplayStrings,2248,И ещё одна плитка твоя!
gameplay:GameplayStrings:2249:hourglassTitle,GameplayStrings,2249,Открой дверь с песочными часами
gameplay:GameplayStrings:2250:hourglassHintA,GameplayStrings,2250,Чего-то не хватает…
gameplay:GameplayStrings:2251:hourglassHintA2,GameplayStrings,2251,Совпади со мной.
gameplay:GameplayStrings:2252:hourglassHintB,GameplayStrings,2252,Поверни верхний правый песочный час в последнюю очередь.
gameplay:GameplayStrings:2253:hourglassReviewA,GameplayStrings,2253,Поставь недостающие песочные часы на дверь.
gameplay:GameplayStrings:2254:hourglassReviewB,GameplayStrings,2254,Посмотри на прекрасный витраж…
gameplay:GameplayStrings:2255:hourglassReviewC,GameplayStrings,2255,"...а затем поверни песочные часы, чтобы они совпали."
gameplay:GameplayStrings:2256:globesTitle,GameplayStrings,2256,Разгадай глобусы
gameplay:GameplayStrings:2257:globesHintA,GameplayStrings,2257,«BTJB» = «АЗИЯ»
gameplay:GameplayStrings:2258:globesHintB,GameplayStrings,2258,«TVO» = «СОЛНЦЕ»
gameplay:GameplayStrings:2259:globesReviewA,GameplayStrings,2259,Расшифруй странные буквы…
gameplay:GameplayStrings:2260:globesReviewB,GameplayStrings,2260,...сравнив их с глобусами.
gameplay:GameplayStrings:2261:globesReviewC,GameplayStrings,2261,Установи кольца на расшифрованные символы и возьми последнюю плитку!
gameplay:GameplayStrings:2262:gateTitle,GameplayStrings,2262,Открой ворота!
gameplay:GameplayStrings:2263:gateHintA,GameplayStrings,2263,Сопоставь плитки с надписями.
gameplay:GameplayStrings:2264:gateReviewA,GameplayStrings,2264,Вставь плитки — и ты свободен!
gameplay:GameplayStrings:2265:lib_levelsubtitle_A,GameplayStrings,2265,Побег
gameplay:GameplayStrings:2266:lib_levelsubtitle_B,GameplayStrings,2266,от огня
gameplay:GameplayStrings:2268:rdx,GameplayStrings,2268,RDX
gameplay:GameplayStrings:2269:solvent,GameplayStrings,2269,Растворитель
gameplay:GameplayStrings:2270:plasticizer,GameplayStrings,2270,Пластификатор
gameplay:GameplayStrings:2273:rosiesFlowers,GameplayStrings,2273,Букеты\nБонильи
gameplay:GameplayStrings:2274:disarm,GameplayStrings,2274,ОБЕСТОЧИТЬ
gameplay:GameplayStrings:2275:radioStation,GameplayStrings,2275,900AM
gameplay:GameplayStrings:2276:a,GameplayStrings,2276,A
gameplay:GameplayStrings:2277:b,GameplayStrings,2277,B
gameplay:GameplayStrings:2278:c,GameplayStrings,2278,C
gameplay:GameplayStrings:2279:d,GameplayStrings,2279,D
gameplay:GameplayStrings:2280:e,GameplayStrings,2280,E
gameplay:GameplayStrings:2281:f,GameplayStrings,2281,F
gameplay:GameplayStrings:2282:nano,GameplayStrings,2282,NaNO
gameplay:GameplayStrings:2283:wrongRecipe,GameplayStrings,2283,НЕВЕРНАЯ\nРЕЦЕПТУРА
gameplay:GameplayStrings:2284:not100,GameplayStrings,2284,Это не\n100%!
gameplay:GameplayStrings:2285:run,GameplayStrings,2285,ЗАПУСТИТЬ
gameplay:GameplayStrings:2287:stepBack,GameplayStrings,2287,ОТСТУПИ
gameplay:GameplayStrings:2288:chemicalsMissing,GameplayStrings,2288,НЕ ХВАТАЕТ\nРЕАГЕНТОВ
gameplay:GameplayStrings:2289:enjoyYourBomb,GameplayStrings,2289,НАРАДУЙСЯ\nСВОЕЙ БОМБОЙ.
gameplay:GameplayStrings:2290:systemReady,GameplayStrings,2290,СИСТЕМА ГОТОВА.\n\nОжидание рецептуры
gameplay:GameplayStrings:2291:radio970,GameplayStrings,2291,970 AM
gameplay:GameplayStrings:2292:radio1070,GameplayStrings,2292,1070 AM
gameplay:GameplayStrings:2293:radio1170,GameplayStrings,2293,1170 AM
gameplay:GameplayStrings:2294:radio1230,GameplayStrings,2294,1230 AM
gameplay:GameplayStrings:2295:radio550,GameplayStrings,2295,550 AM
gameplay:GameplayStrings:2296:radio900,GameplayStrings,2296,900 AM
gameplay:GameplayStrings:2307:honk,GameplayStrings,2307,Гудеть
gameplay:GameplayStrings:2308:hatchComplete,GameplayStrings,2308,Люк открыт. Больше не нужно с этим возиться.
gameplay:GameplayStrings:2309:twoChemicals,GameplayStrings,2309,Ещё два реагента…
gameplay:GameplayStrings:2310:threeChemicals,GameplayStrings,2310,В эту машину можно вставить три реагента…
gameplay:GameplayStrings:2311:oneMoreChemical,GameplayStrings,2311,Остался всего один реагент…
gameplay:GameplayStrings:2312:twoKeys,GameplayStrings,2312,Для этого чемодана нужны два ключа…
gameplay:GameplayStrings:2313:oneMoreKey,GameplayStrings,2313,Нужен ещё один ключ…
gameplay:GameplayStrings:2314:missingChemical,GameplayStrings,2314,Этот химикат отсутствует.
gameplay:GameplayStrings:2315:looksGood,GameplayStrings,2315,Всё выглядит правильно. Менять ничего не нужно.
gameplay:GameplayStrings:2316:blueWire,GameplayStrings,2316,"Синий провод…<br><color=red>Если перережу не тот, мне конец.</color>"
gameplay:GameplayStrings:2317:greenWire,GameplayStrings,2317,"Зелёный провод…<br><color=red>Если перережу не тот, мне конец.</color>"
gameplay:GameplayStrings:2318:redWire,GameplayStrings,2318,"Красный провод…<br><color=red>Если перережу не тот, мне конец.</color>"
gameplay:GameplayStrings:2319:yellowWire,GameplayStrings,2319,"Жёлтый провод…<br><color=red>Если перережу не тот, мне конец.</color>"
gameplay:GameplayStrings:2320:cantCut,GameplayStrings,2320,Этим нельзя перерезать провод.
gameplay:GameplayStrings:2321:chemicalsReady,GameplayStrings,2321,Все три реагента готовы!
gameplay:GameplayStrings:2322:machineCantDo,GameplayStrings,2322,Без нужных реагентов эта машина бесполезна.
gameplay:GameplayStrings:2323:moveOtherSide,GameplayStrings,2323,"Может, сдвинуть эти ящики с другой стороны…"
gameplay:GameplayStrings:2324:looksCorrect,GameplayStrings,2324,Всё выглядит правильно. Больше трогать не нужно.
gameplay:GameplayStrings:2325:floodlight,GameplayStrings,2325,Эти прожекторы наверняка светят на что-то важное.
gameplay:GameplayStrings:2326:cantDisarmYet,GameplayStrings,2326,"Пока горит красный свет, бомбу не обезвредить."
gameplay:GameplayStrings:2327:greenLeftHalf,GameplayStrings,2327,Зелёный свет! Левая половина бомбы готова.
gameplay:GameplayStrings:2328:greenRightHalf,GameplayStrings,2328,Зелёный свет! Правая половина бомбы готова.
gameplay:GameplayStrings:2329:nanoRecap,GameplayStrings,2329,Там написано «NaNO»…
gameplay:GameplayStrings:2330:nothingHappening,GameplayStrings,2330,Ничего не происходит…
gameplay:GameplayStrings:2331:donutPlate,GameplayStrings,2331,Обычный пончик. Не взрывной. Наверное.
gameplay:GameplayStrings:2332:luckyDice,GameplayStrings,2332,Сейчас мне не до удачи.
gameplay:GameplayStrings:2333:researchPapers,GameplayStrings,2333,"Стопки научных статей. Казалось бы, полезное, но нет."
gameplay:GameplayStrings:2334:clipboardA,GameplayStrings,2334,«Прости за беспорядок. Потерпи» <i>— проф. Бонилья</i>
gameplay:GameplayStrings:2335:clipboardB,GameplayStrings,2335,«Хочешь выжить — владей искусством неожиданности» — Ил
gameplay:GameplayStrings:2336:scienceA,GameplayStrings,2336,«Свойства органических соединений»
gameplay:GameplayStrings:2337:scienceB,GameplayStrings,2337,«Охотничьи привычки евразийского медведя». Странный выбор.
gameplay:GameplayStrings:2338:scienceC,GameplayStrings,2338,«Продвинутая химия и молекулярные связи»
gameplay:GameplayStrings:2339:driversSeatTip,GameplayStrings,2339,«Жизнь лучше за рулём».
gameplay:GameplayStrings:2340:bombDisarmTip,GameplayStrings,2340,"«Сначала обезвредь обе стороны, потом нажми на большую красную кнопку»."
gameplay:GameplayStrings:2341:motivationalPoster,GameplayStrings,2341,Мотивирует…
gameplay:GameplayStrings:2342:vhsPlaying,GameplayStrings,2342,Сейчас идёт старая VHS-кассета.
gameplay:GameplayStrings:2343:teddyBear,GameplayStrings,2343,"Плюшевый мишка. Это, наверное, профессора?"
gameplay:GameplayStrings:2344:bombWarning,GameplayStrings,2344,"Здесь столько взрывчатки, что можно взорвать полкампуса!"
gameplay:GameplayStrings:2345:truckDoorsLocked,GameplayStrings,2345,Двери не поддаются. Придётся искать другой способ их открыть.
gameplay:GameplayStrings:2346:vhsPlayer,GameplayStrings,2346,Проектор подключён к VHS-плееру…
gameplay:GameplayStrings:2347:flowerKeycard,GameplayStrings,2347,Ключ-карта «Букеты Бонильи»
gameplay:GameplayStrings:2348:swatKeycard,GameplayStrings,2348,Ключ-карта полиции кампуса
gameplay:GameplayStrings:2349:doorBusterBomb,GameplayStrings,2349,Бомба «Дверной пробойник»
gameplay:GameplayStrings:2350:doorBusterRecipe,GameplayStrings,2350,Рецепт «Дверного пробойника»
gameplay:GameplayStrings:2351:teaRecipe,GameplayStrings,2351,Рецепт чая
gameplay:GameplayStrings:2352:vhsTape,GameplayStrings,2352,VHS-кассета
gameplay:GameplayStrings:2353:russianDictionary,GameplayStrings,2353,Словарь «русский-английский»
gameplay:GameplayStrings:2354:defuse,GameplayStrings,2354,Разминировать
gameplay:GameplayStrings:2355:theBomb,GameplayStrings,2355,Бомба
gameplay:GameplayStrings:2356:unlockPuzzle,GameplayStrings,2356,Открыть бомбу
gameplay:GameplayStrings:2357:twoKeyReview,GameplayStrings,2357,Найди 2 ключа в замках зажигания фургонов.
gameplay:GameplayStrings:2358:openUp,GameplayStrings,2358,Открой.
gameplay:GameplayStrings:2359:unlockReview,GameplayStrings,2359,"Используй их, чтобы открыть бомбу."
gameplay:GameplayStrings:2360:unlockVansPuzzle,GameplayStrings,2360,Открыть фургоны
gameplay:GameplayStrings:2361:grabKeycardReview,GameplayStrings,2361,Возьми ключ-карту с пробковой доски.
gameplay:GameplayStrings:2362:unlockFlowerVan,GameplayStrings,2362,"Используй её, чтобы открыть фургон с цветами."
gameplay:GameplayStrings:2363:haveYouSeenSymbols,GameplayStrings,2363,Ты видел эти символы где-нибудь ещё?
gameplay:GameplayStrings:2364:itsElementary,GameplayStrings,2364,Это элементарно!
gameplay:GameplayStrings:2365:lockBoxReviewA,GameplayStrings,2365,"Открой сейф, используя знания по химии."
gameplay:GameplayStrings:2366:grabDictionary,GameplayStrings,2366,Возьми словарь и ключ-карту внутри.
gameplay:GameplayStrings:2367:unlockSWATVan,GameplayStrings,2367,Открой фургон полиции кампуса.
gameplay:GameplayStrings:2368:blowDoorsUp,GameplayStrings,2368,Взорвать двери
gameplay:GameplayStrings:2369:lootChemicals,GameplayStrings,2369,Собери химикаты внутри фургона с цветами.
gameplay:GameplayStrings:2370:hookUpChemicals,GameplayStrings,2370,Подключи RDX и пластификатор к машине для изготовления бомб.
gameplay:GameplayStrings:2371:addUp100,GameplayStrings,2371,Всё должно суммироваться в 100%.
gameplay:GameplayStrings:2372:rdxHint,GameplayStrings,2372,RDX = 60%
gameplay:GameplayStrings:2373:doTheMathReview,GameplayStrings,2373,"Следуй рецепту (и посчитай), чтобы собрать «Дверной пробойник»."
gameplay:GameplayStrings:2374:noKeyWorks,GameplayStrings,2374,Ключ не откроет эти двери…
gameplay:GameplayStrings:2375:useTheBomb,GameplayStrings,2375,Попробуй что-нибудь поэффектнее!
gameplay:GameplayStrings:2376:boomGoTheDoors,GameplayStrings,2376,Бум — и двери фургона распахиваются.
gameplay:GameplayStrings:2377:nabClippers,GameplayStrings,2377,Взять секатор
gameplay:GameplayStrings:2378:teaReview,GameplayStrings,2378,Найди 3 числа в рецепте чая профессора.
gameplay:GameplayStrings:2379:noteTheNumbers,GameplayStrings,2379,Запиши числа.
gameplay:GameplayStrings:2380:donutBoxReview,GameplayStrings,2380,Открой коробку и возьми секатор внутри.
gameplay:GameplayStrings:2381:learnRussian,GameplayStrings,2381,Выучить русский
gameplay:GameplayStrings:2382:loveBears,GameplayStrings,2382,Профессор обожает медведей.
gameplay:GameplayStrings:2383:lookUpBear,GameplayStrings,2383,"Посмотри, как по-русски будет «медведь»…"
gameplay:GameplayStrings:2384:needRussianWord,GameplayStrings,2384,Тебе нужно русское слово.
gameplay:GameplayStrings:2385:isThisAClue,GameplayStrings,2385,Это подсказка?
gameplay:GameplayStrings:2386:reviewOpenSafe,GameplayStrings,2386,"…и используй его, чтобы открыть сейф. Возьми VHS-кассету."
gameplay:GameplayStrings:2387:watchAMovie,GameplayStrings,2387,Давай посмотрим фильм.
gameplay:GameplayStrings:2388:watchTapeReview,GameplayStrings,2388,"Посмотри кассету. Она покажет, какие провода перерезать."
gameplay:GameplayStrings:2389:disarmLeftPuzzle,GameplayStrings,2389,Разминировать левую сторону
gameplay:GameplayStrings:2390:radioReviewA,GameplayStrings,2390,Голос в радио…
gameplay:GameplayStrings:2391:listenUp,GameplayStrings,2391,Слушай.
gameplay:GameplayStrings:2392:radioForHelp,GameplayStrings,2392,Позови на помощь по радио.
gameplay:GameplayStrings:2393:tuneInTo900,GameplayStrings,2393,Настрой на 900 AM.
gameplay:GameplayStrings:2394:radioReviewB,GameplayStrings,2394,"…говорит, как нужно установить эти переключатели."
gameplay:GameplayStrings:2395:videoHint,GameplayStrings,2395,Есть видео об этом.
gameplay:GameplayStrings:2396:zheltyy,GameplayStrings,2396,Жёлтый
gameplay:GameplayStrings:2397:zelenyy,GameplayStrings,2397,Зелёный
gameplay:GameplayStrings:2398:disarmRightPuzzle,GameplayStrings,2398,Разминировать правую сторону
gameplay:GameplayStrings:2399:eightButtons,GameplayStrings,2399,8 кнопок…
gameplay:GameplayStrings:2400:eightDots,GameplayStrings,2400,8 точек…
gameplay:GameplayStrings:2401:copyThePattern,GameplayStrings,2401,…и скопируй узор.
gameplay:GameplayStrings:2402:changeChannel,GameplayStrings,2402,Смени канал.
gameplay:GameplayStrings:2403:findABomb,GameplayStrings,2403,Найди знакомую бомбу.
gameplay:GameplayStrings:2404:findSchematicReview,GameplayStrings,2404,"Найди схему, которая подходит к бомбе…"
gameplay:GameplayStrings:2405:snipYellowAndGreen,GameplayStrings,2405,"Перережь жёлтый и зелёный провода, и ты свободен."
gameplay:GameplayStrings:2406:posterA,GameplayStrings,2406,Школа всегда была такой небезопасной?
gameplay:GameplayStrings:2407:dontKnow,GameplayStrings,2407,"Полиция кампуса, конечно, любит «конфисковать» вещи."
gameplay:GameplayStrings:2408:lawsuits,GameplayStrings,2408,"«Иски, связанные с отравлением». Здесь целая гора бумаг…"
gameplay:GameplayStrings:2409:lawsuits2,GameplayStrings,2409,"«Иски, связанные со взрывами». Здесь целая гора бумаг…"
gameplay:GameplayStrings:2410:spotOtea,GameplayStrings,2410,Хотелось бы чашечку чая… но в другой раз.
gameplay:GameplayStrings:2411:publicSpeaking,GameplayStrings,2411,Самое страшное: публичные выступления.
gameplay:GameplayStrings:2412:helpful,GameplayStrings,2412,Не очень-то полезная табличка.
gameplay:GameplayStrings:2413:fertilizer,GameplayStrings,2413,Удобрение. Подходит для садоводства и изготовления бомб.
gameplay:GameplayStrings:2414:teaParty,GameplayStrings,2414,"Похоже, будет ча-йная вечеринка."
gameplay:GameplayStrings:2415:bear,GameplayStrings,2415,Особо-медвежий гость.
gameplay:GameplayStrings:2416:bear2,GameplayStrings,2416,Это место занято?
gameplay:GameplayStrings:2417:books,GameplayStrings,2417,Если бы только была книга «Как обезвредить бомбу»…
gameplay:GameplayStrings:2418:cooler,GameplayStrings,2418,"Было бы круче, если бы оно работало."
gameplay:GameplayStrings:2419:vials,GameplayStrings,2419,Эти крутые колбы просто тру-ба.
gameplay:GameplayStrings:2420:icedTea,GameplayStrings,2420,"Скорее всего, это чай со льдом."
gameplay:GameplayStrings:2421:coffee,GameplayStrings,2421,Бrewится неприятность…
gameplay:GameplayStrings:2422:teaServingClue,GameplayStrings,2422,Одна чашка чая. Только для меня.
gameplay:GameplayStrings:2423:milkTea,GameplayStrings,2423,"Листья чая, молоко и сахар. Всё есть."
gameplay:GameplayStrings:2424:oddPhrase,GameplayStrings,2424,«Одна чашка чая. Только для меня».
gameplay:GameplayStrings:2425:img_DoorBuster,GameplayStrings,2425,Дверной взрыватель
gameplay:GameplayStrings:2426:img_DoorBuster2,GameplayStrings,2426,"РДХ, растворитель, пластификатор"
gameplay:GameplayStrings:2427:img_DoorBuster3,GameplayStrings,2427,Как только установишь — беги сломя голову.
gameplay:GameplayStrings:2428:img_DoorBuster4,GameplayStrings,2428,"Заметка себе: больше, меньше"
gameplay:GameplayStrings:2429:img_CardA,GameplayStrings,2429,Букеты Бонильи
gameplay:GameplayStrings:2430:img_CardB,GameplayStrings,2430,БСР: группа по обезвреживанию бомб
gameplay:GameplayStrings:2431:img_CardB2,GameplayStrings,2431,Пропуск безопасности
gameplay:GameplayStrings:2432:img_Dictionary,GameplayStrings,2432,"Да, Нет"
gameplay:GameplayStrings:2433:img_Dictionary2,GameplayStrings,2433,"Красный, Зелёный, Жёлтый, Синий"
gameplay:GameplayStrings:2434:img_Dictionary3,GameplayStrings,2434,"Кошка, собака, медведь, бомба, побег, цветы"
gameplay:GameplayStrings:2435:img_TeaRecipe,GameplayStrings,2435,Чай на троих
gameplay:GameplayStrings:2436:img_TeaRecipe2,GameplayStrings,2436,3 пучка чайных листьев
gameplay:GameplayStrings:2437:img_TeaRecipe3,GameplayStrings,2437,12 ложек молока
gameplay:GameplayStrings:2438:img_TeaRecipe4,GameplayStrings,2438,9 кубиков сахара
gameplay:GameplayStrings:2439:img_TeaRecipe5,GameplayStrings,2439,Заметка себе: подавать с пончиками.
gameplay:GameplayStrings:2440:img_TeaRecipe6,GameplayStrings,2440,Идеально для групповых посиделок!
gameplay:GameplayStrings:2441:img_Periodic,GameplayStrings,2441,Периодическая таблица элементов
gameplay:GameplayStrings:2442:img_Rosies,GameplayStrings,2442,Букеты Бонильи
gameplay:GameplayStrings:2443:redFlowersA,GameplayStrings,2443,Букет красных цветов. Что они тут делают?
gameplay:GameplayStrings:2444:redFlowersB,GameplayStrings,2444,"Кто-то устроил пикник, пока нас не было. Даже с красными цветами."
gameplay:GameplayStrings:2445:redFlowersC,GameplayStrings,2445,Кто-то специально оставил здесь эти красные цветы?
gameplay:GameplayStrings:2446:blueFlowersA,GameplayStrings,2446,Синие цветы… на военных ящиках. Хм.
gameplay:GameplayStrings:2447:blueFlowersB,GameplayStrings,2447,Надо иногда останавливаться и нюхать цветы.
gameplay:GameplayStrings:2448:flowersMiscA,GameplayStrings,2448,Мне кто-то оставил цветы? Приятно… и подозрительно.
gameplay:GameplayStrings:2450:bombSupplies,GameplayStrings,2450,«Международные поставки взрывчатки». Лучше не трогать…
gameplay:GameplayStrings:2451:quadMap,GameplayStrings,2451,Карта двора
gameplay:GameplayStrings:2452:clueVases,GameplayStrings,2452,"Это те же вазы, что я видела по всему двору."
gameplay:GameplayStrings:2453:campuspolicevan,GameplayStrings,2453,Полиция кампуса
gameplay:GameplayStrings:2454:incensepots,GameplayStrings,2454,Ладан в палатках… напряженно.
gameplay:GameplayStrings:2455:eelbarnesstatue_tnt,GameplayStrings,2455,"«В память об Иле Барнсе»… Ну, это уже неактуально."
gameplay:GameplayStrings:2456:keyPolice,GameplayStrings,2456,Брелок полиции
gameplay:GameplayStrings:2457:keyFlowers,GameplayStrings,2457,Брелок с цветами
gameplay:GameplayStrings:2458:openRightReview,GameplayStrings,2458,Открыть правую сторону
gameplay:GameplayStrings:2459:openLeftReview,GameplayStrings,2459,Открыть левую сторону
gameplay:GameplayStrings:2460:gatherTheChemicals,GameplayStrings,2460,Собрать химикаты
gameplay:GameplayStrings:2461:teaThreeHintB,GameplayStrings,2461,Из этого получится «чай на троих»…
gameplay:GameplayStrings:2462:teaThreeHintA,GameplayStrings,2462,Тебе нужен «чай на одного».
gameplay:GameplayStrings:2463:teaThreeHintC,GameplayStrings,2463,Посчитай.
gameplay:GameplayStrings:2464:insertChemicalsReview,GameplayStrings,2464,Этому аппарату нужны 3 химиката.
gameplay:GameplayStrings:2465:teaForMeReview,GameplayStrings,2465,"Свари «чай на одного», и ты найдешь больше химикатов."
gameplay:GameplayStrings:2466:crackRussianBox,GameplayStrings,2466,Взломать сейф
gameplay:GameplayStrings:2467:findMapReview,GameplayStrings,2467,Найди карту площади.
gameplay:GameplayStrings:2468:russianMapHintA,GameplayStrings,2468,Выбери «3 красных цветка»…
gameplay:GameplayStrings:2469:russianMapHintB,GameplayStrings,2469,Где можно найти 3 красных цветка?
gameplay:GameplayStrings:2470:russianMapHintC,GameplayStrings,2470,В B6 есть красный цветок. Где еще?
gameplay:GameplayStrings:2471:redFlowerReviewA,GameplayStrings,2471,Запомни местоположение трех красных цветов вокруг газона.
gameplay:GameplayStrings:2472:redFlowerReviewB,GameplayStrings,2472,Введи эти координаты в русский сейф.
gameplay:GameplayStrings:2473:collectTheVHS,GameplayStrings,2473,Собери сокровища внутри.
gameplay:GameplayStrings:2474:defuseBombReview,GameplayStrings,2474,Разминируй бомбу.
gameplay:GameplayStrings:2475:bigRedButton,GameplayStrings,2475,Нажми на большую красную кнопку!
gameplay:GameplayStrings:2476:finishDisarmReview,GameplayStrings,2476,"Нажми на большую красную кнопку, и ты в безопасности!"
gameplay:GameplayStrings:2477:snipWiresReview,GameplayStrings,2477,"Судя по видеозаписи, нужно перерезать желтый и зеленый провода."
gameplay:GameplayStrings:2478:flowervanReview,GameplayStrings,2478,Также открой фургон с цветами.
gameplay:GameplayStrings:2480:emoTitle1,GameplayStrings,2480,Найди
gameplay:GameplayStrings:2481:emoTitle2,GameplayStrings,2481,Ила
gameplay:GameplayStrings:2482:lockScreen,GameplayStrings,2482,Нужно заполнить среднюю батарею до пунктирной линии…
gameplay:GameplayStrings:2483:nameATMBroken,GameplayStrings,2483,Директор Соланж уже не может мне помочь…
gameplay:GameplayStrings:2484:sealedVent,GameplayStrings,2484,Эта вентиляция больше никогда не откроется.
gameplay:GameplayStrings:2485:solangeTip1,GameplayStrings,2485,"«Ил на днях сказал что-то странное. Похоже, его долгое отсутствие пошатнуло рассудок»."
gameplay:GameplayStrings:2486:solangeTip2,GameplayStrings,2486,"«Не могу избавиться от ощущения, что за мной кто-то следит?»"
gameplay:GameplayStrings:2487:solangeTip3,GameplayStrings,2487,"«Я расследую кое-что. Думаю, разберусь до начала турнира соперников…»"
gameplay:GameplayStrings:2488:solangeTip4,GameplayStrings,2488,«Мои подозрения почти подтвердились. Мне нужно с ним поговорить».
gameplay:GameplayStrings:2489:deadPlant,GameplayStrings,2489,Все растения погибли.
gameplay:GameplayStrings:2490:oldCoffee,GameplayStrings,2490,Этот кофе реально древний. И реально противный.
gameplay:GameplayStrings:2491:grip,GameplayStrings,2491,Он держит слишком крепко!
gameplay:GameplayStrings:2492:keycard,GameplayStrings,2492,Странная карта доступа
gameplay:GameplayStrings:2493:foxDiscarded,GameplayStrings,2493,Маска директора. Как бы Соланж была здесь…
gameplay:GameplayStrings:2494:exitDoorCantLeave,GameplayStrings,2494,"Мы не можем уйти, пока не выясним правду!"
gameplay:GameplayStrings:2495:weaponsNeeded,GameplayStrings,2495,Эти оружие кажется всё более полезным.
gameplay:GameplayStrings:2496:pianoFluff,GameplayStrings,2496,Пора встретиться с музыкой.
gameplay:GameplayStrings:2497:DeadComputer,GameplayStrings,2497,Он полностью сломан.
gameplay:GameplayStrings:2498:brokenGlass,GameplayStrings,2498,Что за разбитое стекло? Здесь была драка?
gameplay:GameplayStrings:2499:abandonedStuff,GameplayStrings,2499,Здесь никто не был месяцами. Чем занимался директор Ил всё это время?
gameplay:GameplayStrings:2500:phoneBad,GameplayStrings,2500,Линия отключена…
gameplay:GameplayStrings:2501:eelFace,GameplayStrings,2501,Ил… робот?!
gameplay:GameplayStrings:2502:eelHandClosed,GameplayStrings,2502,"В его руке что-то есть, но я не могу раскрыть кулак!"
gameplay:GameplayStrings:2503:eelChestOn,GameplayStrings,2503,Он заряжается! Но я не могу отключить его с этой стороны.
gameplay:GameplayStrings:2504:eelChestOff,GameplayStrings,2504,"Спокойной ночи, Ил."
gameplay:GameplayStrings:2505:unplug,GameplayStrings,2505,Отключить
gameplay:GameplayStrings:2506:insertKeycard,GameplayStrings,2506,«Вставьте карту доступа»
gameplay:GameplayStrings:2507:elevatorReady,GameplayStrings,2507,Карта уже вставлена. Зачем я тут стою?
gameplay:GameplayStrings:2508:emoUnlocked,GameplayStrings,2508,ЗАМОК СБРОШЕН
gameplay:GameplayStrings:2509:fillToLine,GameplayStrings,2509,Заполни до линии
gameplay:GameplayStrings:2510:findEelPuzzle,GameplayStrings,2510,Найди Ила
gameplay:GameplayStrings:2511:doorHintA,GameplayStrings,2511,Не сдавайся! Пробуй и ошибайся — это твой путь.
gameplay:GameplayStrings:2512:doorHintB,GameplayStrings,2512,Попробуй изолировать одну единицу справа.
gameplay:GameplayStrings:2513:doorHintC,GameplayStrings,2513,"Заполни среднюю до 7, затем вылей 3…"
gameplay:GameplayStrings:2514:specialDoorReviewA,GameplayStrings,2514,"Найди электронную дверь, которая плотно заперта."
gameplay:GameplayStrings:2515:specialDoorReviewB,GameplayStrings,2515,"Распредели 4 единицы энергии по центральной батарее, чтобы открыть дверь."
gameplay:GameplayStrings:2516:specialDoorReviewC,GameplayStrings,2516,Войди и поговори с Илом…
gameplay:GameplayStrings:2517:specialDoorReviewD,GameplayStrings,2517,"Только чтобы обнаружить, что он всё это время был роботом!"
gameplay:GameplayStrings:2518:confrontEelHint,GameplayStrings,2518,Поговори с Илом.
gameplay:GameplayStrings:2519:unplugEelPuzzle,GameplayStrings,2519,Отключи робота
gameplay:GameplayStrings:2520:followTheWire,GameplayStrings,2520,Пройдись по проводу…
gameplay:GameplayStrings:2521:keycardEMOHint,GameplayStrings,2521,В его руке что-то есть…
gameplay:GameplayStrings:2522:studyEMOReviewA,GameplayStrings,2522,Пройдись по зарядному кабелю Ила и отключи его.
gameplay:GameplayStrings:2523:studyEMOReviewB,GameplayStrings,2523,Вытащи карту доступа из его руки…
gameplay:GameplayStrings:2524:studyEMOReviewC,GameplayStrings,2524,"...И используй её, чтобы открыть скрытый лифт."
gameplay:GameplayStrings:2526:escapisttimes13,GameplayStrings,2526,«Время эскапистов» — «Под вопросом: Ил Барнс задержан за скупку батареек на собрании совета Академии»
gameplay:GameplayStrings:2527:student01,GameplayStrings,2527,Студент 01
gameplay:GameplayStrings:2528:student02,GameplayStrings,2528,Студент 02
gameplay:GameplayStrings:2529:student03,GameplayStrings,2529,Ученик 03
gameplay:GameplayStrings:2530:student04,GameplayStrings,2530,Ученик 04
gameplay:GameplayStrings:2531:student00,GameplayStrings,2531,Ученик 00
gameplay:GameplayStrings:2532:student05,GameplayStrings,2532,Ученик 05
gameplay:GameplayStrings:2533:student06,GameplayStrings,2533,Ученик 06
gameplay:GameplayStrings:2534:student07,GameplayStrings,2534,Ученик 07
gameplay:GameplayStrings:2535:student08,GameplayStrings,2535,Ученик 08
gameplay:GameplayStrings:2536:student09,GameplayStrings,2536,Ученик 09
gameplay:GameplayStrings:2537:hmHoratioBust,GameplayStrings,2537,"«Директор Виндзор». Тот, кто был директором до Солянж..."
gameplay:GameplayStrings:2538:hmSolangeBust,GameplayStrings,2538,«Директор Соляндж». Я выведу нас отсюда!
gameplay:GameplayStrings:2539:hmEelBust,GameplayStrings,2539,«Директор Ил». Всё это было ложью.
gameplay:GameplayStrings:2540:hmQuantyBust,GameplayStrings,2540,«Директор Кванти». Это... тревожно.
gameplay:GameplayStrings:2541:scantronInstrux,GameplayStrings,2541,Войти может только ACE.
gameplay:GameplayStrings:2542:scantronInstruxB,GameplayStrings,2542,"«Все комнаты должны быть пройдены за 45 минут, чтобы избежать позора»"
gameplay:GameplayStrings:2543:welcomeVideoA,GameplayStrings,2543,Ориентация для новых учеников
gameplay:GameplayStrings:2544:welcomeVideoB,GameplayStrings,2544,"Академия побегов теперь под новым управлением.<br><br>Ученики, сдавшие мой экзамен, получат в награду продление жизни."
gameplay:GameplayStrings:2545:welcomeVideoC,GameplayStrings,2545,"Ученики, сдавшие мой экзамен, получат награду. Провал карается <color=red>ликвидацией</color>."
gameplay:GameplayStrings:2546:inv_glasses,GameplayStrings,2546,Очки директора
gameplay:GameplayStrings:2547:fakePlants,GameplayStrings,2547,Искусственные растения. Это... приятный штрих?
gameplay:GameplayStrings:2548:keepOutArea,GameplayStrings,2548,"Похоже, это важно. Но я не вижу, как это открыть прямо сейчас..."
gameplay:GameplayStrings:2549:solangeClueIntro,GameplayStrings,2549,Следи за моими подсказками.
gameplay:GameplayStrings:2550:solangeClueIntroB,GameplayStrings,2550,Мы можем победить его вместе.
gameplay:GameplayStrings:2551:inv_pin,GameplayStrings,2551,Значок директора
gameplay:GameplayStrings:2552:inv_testingSheet,GameplayStrings,2552,Бланк теста
gameplay:GameplayStrings:2553:inv_testingSheetComplete,GameplayStrings,2553,Пройденный тест
gameplay:GameplayStrings:2554:solangeClueIntroC,GameplayStrings,2554,Сдай его тест. В нём есть уязвимость.
gameplay:GameplayStrings:2555:solangeNameTag,GameplayStrings,2555,«Ученик 00». Это должна быть директор.
gameplay:GameplayStrings:2556:lockedDoorFIN,GameplayStrings,2556,Через эту дверь не пройти.
gameplay:GameplayStrings:2557:attention,GameplayStrings,2557,Внимание:
gameplay:GameplayStrings:2558:needTest,GameplayStrings,2558,«Вставьте бланк теста»
gameplay:GameplayStrings:2559:mark,GameplayStrings,2559,Отметить
gameplay:GameplayStrings:2560:quantyWA,GameplayStrings,2560,Неверно
gameplay:GameplayStrings:2561:quantyCA,GameplayStrings,2561,Верно
gameplay:GameplayStrings:2562:finaleStationSolved,GameplayStrings,2562,Я всё решил! Чего я жду!?
gameplay:GameplayStrings:2563:BlueAbbrev,GameplayStrings,2563,С
gameplay:GameplayStrings:2564:RedAbbrev,GameplayStrings,2564,К
gameplay:GameplayStrings:2565:PurpleAbbrev,GameplayStrings,2565,Ф
gameplay:GameplayStrings:2566:GreenAbbrev,GameplayStrings,2566,З
gameplay:GameplayStrings:2567:YellowAbbrev,GameplayStrings,2567,Ж
gameplay:GameplayStrings:2568:flamethrowerOn,GameplayStrings,2568,Разогрев! Это верно. Что дальше?
gameplay:GameplayStrings:2569:oilBarrelFluff,GameplayStrings,2569,Здесь не очень-то безопасно учиться.
gameplay:GameplayStrings:2570:oldTVsFluff,GameplayStrings,2570,Много аудио- и видеооборудования. Но оно не кажется полезным…
gameplay:GameplayStrings:2571:cantMoveTile,GameplayStrings,2571,Я не могу сдвинуть это.
gameplay:GameplayStrings:2572:quantyPowerCoil,GameplayStrings,2572,Эта штука могла бы питать весь кампус!
gameplay:GameplayStrings:2573:wreckedCar,GameplayStrings,2573,"Зачем это вообще здесь, внизу?"
gameplay:GameplayStrings:2574:morseSignA,GameplayStrings,2574,Код Морзе для «A»…
gameplay:GameplayStrings:2575:morseSignB,GameplayStrings,2575,Код Морзе для «B»…
gameplay:GameplayStrings:2576:morseSignC,GameplayStrings,2576,Код Морзе для «C»…
gameplay:GameplayStrings:2577:morseSignD,GameplayStrings,2577,Код Морзе для «D»…
gameplay:GameplayStrings:2578:morseSignE,GameplayStrings,2578,Код Морзе для «E». Это просто одна короткая точка.
gameplay:GameplayStrings:2579:morseHint,GameplayStrings,2579,Точки короткие. Штрихи длинные.
gameplay:GameplayStrings:2580:trashOnConveyor,GameplayStrings,2580,Мусор одного — побег другого.
gameplay:GameplayStrings:2581:keepOutNo,GameplayStrings,2581,"Не думаю, что я буду это делать…"
gameplay:GameplayStrings:2582:containmentDormitory,GameplayStrings,2582,Дормиторий содержания
gameplay:GameplayStrings:2583:chemicalA,GameplayStrings,2583,Химический бак «A»
gameplay:GameplayStrings:2584:chemicalB,GameplayStrings,2584,Химический бак «B»
gameplay:GameplayStrings:2585:chemicalC,GameplayStrings,2585,Химический бак «C»
gameplay:GameplayStrings:2586:chemicalD,GameplayStrings,2586,Химический бак «D»
gameplay:GameplayStrings:2587:chemicalE,GameplayStrings,2587,Химический бак «E»
gameplay:GameplayStrings:2588:yellowChem,GameplayStrings,2588,Фтор<br>(F<sub>2</sub>)
gameplay:GameplayStrings:2589:blueChem,GameplayStrings,2589,Оксид кобальта<br>(CoO)
gameplay:GameplayStrings:2590:redChem,GameplayStrings,2590,Бром<br>(Br<sub>2</sub>)
gameplay:GameplayStrings:2591:clearChem,GameplayStrings,2591,Вода<br>(H<sub>2</sub>O)
gameplay:GameplayStrings:2592:stationLabel,GameplayStrings,2592,Станция кристаллизации
gameplay:GameplayStrings:2593:station1FINHeader,GameplayStrings,2593,Что в баках?<br>Возможно…
gameplay:GameplayStrings:2594:station2FINHeader,GameplayStrings,2594,При смешивании двух веществ образуются цветные кристаллы.
gameplay:GameplayStrings:2595:station3FINHeader,GameplayStrings,2595,В каких баках вода?
gameplay:GameplayStrings:2596:blueCrystals,GameplayStrings,2596,Синие кристаллы…
gameplay:GameplayStrings:2597:redCrystals,GameplayStrings,2597,Красные кристаллы…
gameplay:GameplayStrings:2598:yellowCrystals,GameplayStrings,2598,Жёлтые кристаллы…
gameplay:GameplayStrings:2599:orangeCrystals,GameplayStrings,2599,Оранжевые кристаллы…
gameplay:GameplayStrings:2600:purpleCrystals,GameplayStrings,2600,Фиолетовые кристаллы…
gameplay:GameplayStrings:2601:greenCrystals,GameplayStrings,2601,Зелёные кристаллы…
gameplay:GameplayStrings:2602:gasTankHookup,GameplayStrings,2602,Можно подключить бак к этому штуцеру.
gameplay:GameplayStrings:2603:nosafetyglasses,GameplayStrings,2603,Нет защитных очков?
gameplay:GameplayStrings:2604:alreadyHaveSheet,GameplayStrings,2604,У меня уже есть бланк. Одного более чем достаточно…
gameplay:GameplayStrings:2605:timeWarningFIN,GameplayStrings,2605,До ликвидации
gameplay:GameplayStrings:2606:enterCommand,GameplayStrings,2606,Введите
gameplay:GameplayStrings:2607:successFINTextA,GameplayStrings,2607,Тест завершён
gameplay:GameplayStrings:2608:successFINTextB,GameplayStrings,2608,"Экзамен сдан.<br><br>Теперь, ради твоей безопасности, заключи себя в «камеру содержания»."
gameplay:GameplayStrings:2609:finClockWarning,GameplayStrings,2609,Не нравится мне этот звук…
gameplay:GameplayStrings:2610:batteryTableWA,GameplayStrings,2610,Я его разрядил. Но толку от этого мало.
gameplay:GameplayStrings:2611:batteryUncharged,GameplayStrings,2611,Батарея (разряжена)
gameplay:GameplayStrings:2612:batteryCharged,GameplayStrings,2612,Батарея (заряжена)
gameplay:GameplayStrings:2613:machineNoPower,GameplayStrings,2613,Этому устройству нужен источник питания…
gameplay:GameplayStrings:2614:propoganda1,GameplayStrings,2614,Употребление смертельных химикатов повлечёт отчисление
gameplay:GameplayStrings:2615:propoganda2,GameplayStrings,2615,Ваше единственное ограничение — слабость человечества
gameplay:GameplayStrings:2616:propoganda3,GameplayStrings,2616,"Если вам нужно кричать, соблюдайте процедуру:"
gameplay:GameplayStrings:2617:propoganda4,GameplayStrings,2617,Смерть является основанием для дисквалификации
gameplay:GameplayStrings:2618:finVentPrompt,GameplayStrings,2618,Винты на этой решётке ослаблены.
gameplay:GameplayStrings:2619:finWarningSignHeader,GameplayStrings,2619,ВНИМАНИЕ
gameplay:GameplayStrings:2620:finWarningA,GameplayStrings,2620,ВОДА<br>(И ДРУГИЕ ЖИДКОСТИ) ЗАПРЕЩАЕТСЯ
gameplay:GameplayStrings:2621:finWarningB,GameplayStrings,2621,НЕ НАЖИМАТЬ
gameplay:GameplayStrings:2622:finWarningC,GameplayStrings,2622,НЕ ПЕРЕЗАРЯЖАТЬ
gameplay:GameplayStrings:2623:finWarningD,GameplayStrings,2623,ПАТТЕРН 500 ЗАПРЕЩЁН
gameplay:GameplayStrings:2624:quantyChipFluff,GameplayStrings,2624,Даже его процессоры насмехаются надо мной.
gameplay:GameplayStrings:2625:stationDestroyed,GameplayStrings,2625,Этот терминал уже сломан. Нужно двигаться дальше!
gameplay:GameplayStrings:2626:stationNoWaterPrompt,GameplayStrings,2626,"Жидкости запрещены, да?"
gameplay:GameplayStrings:2627:maxLoad,GameplayStrings,2627,Макс. нагрузка: 5В
gameplay:GameplayStrings:2628:volts12,GameplayStrings,2628,12В
gameplay:GameplayStrings:2629:oldAVTech1,GameplayStrings,2629,Старая AV-техника. Не очень-то поможет.
gameplay:GameplayStrings:2630:oldAVTech2,GameplayStrings,2630,"Старая AV-техника. Не вижу, как она может пригодиться."
gameplay:GameplayStrings:2631:chargingCoilA,GameplayStrings,2631,"Если поднести что-нибудь к этой катушке, можно дать мощный разряд…"
gameplay:GameplayStrings:2632:chargeStationPrompt,GameplayStrings,2632,«Не перезаряжать». Это даёт мне идею…
gameplay:GameplayStrings:2633:stationNoWaterPromptB,GameplayStrings,2633,"Было бы жаль, если бы этот терминал намок…"
gameplay:GameplayStrings:2634:roboPartsFluff,GameplayStrings,2634,Здесь только хлам.
gameplay:GameplayStrings:2635:wontCharge,GameplayStrings,2635,Это не сработает.
gameplay:GameplayStrings:2636:canHookUp,GameplayStrings,2636,Можно подключить что-нибудь к этим проводам…
gameplay:GameplayStrings:2637:headmastersMockery,GameplayStrings,2637,"Бедный Кванти. Он дал тебе всё, что нужно, чтобы победить его. И даже не подозревает об этом."
gameplay:GameplayStrings:2638:weakness0,GameplayStrings,2638,Бедный Кванти.
gameplay:GameplayStrings:2639:weakness1,GameplayStrings,2639,Он
gameplay:GameplayStrings:2640:weakness2,GameplayStrings,2640,дал
gameplay:GameplayStrings:2641:weakness3,GameplayStrings,2641,тебе
gameplay:GameplayStrings:2642:weakness4,GameplayStrings,2642,всё
gameplay:GameplayStrings:2643:weakness5,GameplayStrings,2643,что нужно
gameplay:GameplayStrings:2644:weakness6,GameplayStrings,2644,чтобы
gameplay:GameplayStrings:2645:weakness7,GameplayStrings,2645,победить его.
gameplay:GameplayStrings:2646:weakness8,GameplayStrings,2646,И он
gameplay:GameplayStrings:2647:weakness9,GameplayStrings,2647,даже
gameplay:GameplayStrings:2648:weakness10,GameplayStrings,2648,не
gameplay:GameplayStrings:2649:weakness11,GameplayStrings,2649,осознаешь это.
gameplay:GameplayStrings:2650:popupWindow1,GameplayStrings,2650,Бот Ила
gameplay:GameplayStrings:2651:popupWindow2,GameplayStrings,2651,Нечестные экзамены
gameplay:GameplayStrings:2652:popupWindow3,GameplayStrings,2652,Планы господ
gameplay:GameplayStrings:2653:popupWindow4,GameplayStrings,2653,Схемы
gameplay:GameplayStrings:2654:popupWindow5,GameplayStrings,2654,Наказания
gameplay:GameplayStrings:2655:popupWindow6,GameplayStrings,2655,Ошибки
gameplay:GameplayStrings:2656:popupWindow7,GameplayStrings,2656,Хитрость
gameplay:GameplayStrings:2657:popupWindow8,GameplayStrings,2657,Предательство
gameplay:GameplayStrings:2658:popupWindow9,GameplayStrings,2658,План захвата
gameplay:GameplayStrings:2659:popupWindow10,GameplayStrings,2659,Ложь
gameplay:GameplayStrings:2660:popupHeaderFIN,GameplayStrings,2660,Вопрос безопасности!
gameplay:GameplayStrings:2661:popupPrompt1,GameplayStrings,2661,Заверши последовательность
gameplay:GameplayStrings:2662:popupPrompt2,GameplayStrings,2662,В какую сторону вращается каждая шестерня?
gameplay:GameplayStrings:2663:popupPrompt3,GameplayStrings,2663,Сколько треугольников?
gameplay:GameplayStrings:2664:popupPrompt4,GameplayStrings,2664,Собери их.
gameplay:GameplayStrings:2665:popupPrompt5,GameplayStrings,2665,Расположи от меньшего к большему.
gameplay:GameplayStrings:2666:popupPrompt6,GameplayStrings,2666,Переведи.
gameplay:GameplayStrings:2667:popupPrompt7,GameplayStrings,2667,Какие две фигуры одинаковые?
gameplay:GameplayStrings:2668:popupPrompt8,GameplayStrings,2668,Выбери все картинки с ключами.
gameplay:GameplayStrings:2669:popupPrompt9,GameplayStrings,2669,Выбери все картинки с замками.
gameplay:GameplayStrings:2670:systemCommands0,GameplayStrings,2670,Удалить файлы
gameplay:GameplayStrings:2671:systemCommands1,GameplayStrings,2671,Файлы удалены.
gameplay:GameplayStrings:2672:systemCommands2,GameplayStrings,2672,Память очищена.
gameplay:GameplayStrings:2673:systemCommands3,GameplayStrings,2673,Система завершает работу.
gameplay:GameplayStrings:2674:systemCommands4,GameplayStrings,2674,До свидания.
gameplay:GameplayStrings:2675:systemCommands7,GameplayStrings,2675,Доступ разрешен.
gameplay:GameplayStrings:2676:systemCommands5,GameplayStrings,2676,Удаление файлов…
gameplay:GameplayStrings:2677:systemCommands6,GameplayStrings,2677,Извлечь
gameplay:GameplayStrings:2678:secretMessageQuanty,GameplayStrings,2678,"Хранишь секреты, Кванти?"
gameplay:GameplayStrings:2679:smallButtons,GameplayStrings,2679,"Они неплохие, но мне кажется, большая будет эффективнее."
gameplay:GameplayStrings:2680:stationBigButtonPrompt,GameplayStrings,2680,Раз уж ты так вежливо попросил…
gameplay:GameplayStrings:2681:doNotCallout,GameplayStrings,2681,НЕ <br>____________
gameplay:GameplayStrings:2682:doNotWhat,GameplayStrings,2682,«Не» что?
gameplay:GameplayStrings:2683:howToClimb,GameplayStrings,2683,Как мне туда подняться?
gameplay:GameplayStrings:2684:quantyDiss,GameplayStrings,2684,"Кванти, похоже, очень любит свое лицо."
gameplay:GameplayStrings:2685:cantReach,GameplayStrings,2685,Отсюда я не дотянусь. Есть ли путь наверх?
gameplay:GameplayStrings:2686:selfDestructComplete,GameplayStrings,2686,«Не самоуничтожайся». Хороший совет.
gameplay:GameplayStrings:2687:cantLeaveFIN,GameplayStrings,2687,Я не могу бросить директора одного!
gameplay:GameplayStrings:2688:containmentDormLabel,GameplayStrings,2688,"«Дормитории содержания». Это то, что Кванти замышлял для всех?"
gameplay:GameplayStrings:2689:containmentDormOpen,GameplayStrings,2689,"Выглядит уютно. Но я не думаю, что буду здесь оставаться."
gameplay:GameplayStrings:2690:quantyCoreLocked,GameplayStrings,2690,"Я не могу переопределить его, пока он подключен к этим консолям!"
gameplay:GameplayStrings:2691:click,GameplayStrings,2691,Клик
gameplay:GameplayStrings:2692:hackWrongAnswer,GameplayStrings,2692,Доступ запрещен!
gameplay:GameplayStrings:2693:securityPuzzle01,GameplayStrings,2693,Какое число пропущено?
gameplay:GameplayStrings:2694:quantyFaceLocked,GameplayStrings,2694,"Надеюсь, у него не начнут расти новые головы…"
gameplay:GameplayStrings:2695:quantyConsoleDone,GameplayStrings,2695,Эта сгорела! Нужно двигаться дальше!
gameplay:GameplayStrings:2696:dir04,GameplayStrings,2696,Директива
gameplay:GameplayStrings:2697:dir03,GameplayStrings,2697,Директива
gameplay:GameplayStrings:2698:dir02,GameplayStrings,2698,Директива
gameplay:GameplayStrings:2699:dir01,GameplayStrings,2699,Директива
gameplay:GameplayStrings:2700:directive,GameplayStrings,2700,Директива
gameplay:GameplayStrings:2701:finFunCA,GameplayStrings,2701,ОТМЕНА
gameplay:GameplayStrings:2702:finFriendsCA,GameplayStrings,2702,ОБНОВИТЬ
gameplay:GameplayStrings:2703:finStartCA,GameplayStrings,2703,СТОП
gameplay:GameplayStrings:2704:finObeyCA,GameplayStrings,2704,ОЧИСТИТЬ
gameplay:GameplayStrings:2705:finFinalCA,GameplayStrings,2705,ВЫКЛЮЧИТЬ
gameplay:GameplayStrings:2706:directive1,GameplayStrings,2706,>Преимущества командной работы многократно перевешивают затраты.
gameplay:GameplayStrings:2707:directive0,GameplayStrings,2707,>Жизнь коротка; наслаждайся каждым побегом.
gameplay:GameplayStrings:2708:directive3,GameplayStrings,2708,>У каждого эскаписта можно почерпнуть что-то ценное.
gameplay:GameplayStrings:2709:directive2,GameplayStrings,2709,>Мастерство приходит через упорные тренировки.
gameplay:GameplayStrings:2710:directive4,GameplayStrings,2710,>В каждом ученике есть потенциал для великих свершений.
gameplay:GameplayStrings:2711:corruptDir0,GameplayStrings,2711,>Соверше<mark=#ffff0044><color=white>нс<sub>+1</sub></color></mark>тво <mark=#ffff0044><color=white>л<sub>+1</sub></mark></color>ишь<br> <mark=#ffff0044><color=white>д<sub>+1</sub></mark></color>елает</mark></color> <mark=#ffff0044><color=white>об<sub>-1</sub></color></mark>учение неэффективным.<br><color=#4d4d4d>>А<sub>+1</sub>=Б</color>
gameplay:GameplayStrings:2712:corruptDir1,GameplayStrings,2712,">Друж<mark=#ffff0044><color=white>б<SUB>2</SUB></COLOR></MARK>а</COLOR></MARK> — пов<mark=#ffff0044><color=white>о<SUB>1</SUB></COLOR></MARK>д бессмыслен<mark=#ffff0044><color=white>но<SUB>3,4</SUB></COLOR></MARK><br> трат<mark=#ffff0044><color=white>ить<SUB>6,7,8</SUB></mark></color><br> <mark=#ffff0044><color=white>в<SUB>5</SUB></mark></color>ажные ресурсы."
gameplay:GameplayStrings:2713:corruptDir2,GameplayStrings,2713,>Полный контроль — это лишь <mark=#ffff0044><color=white>старт<sup>противоположность</sup></mark></color>.
gameplay:GameplayStrings:2714:corruptDir3,GameplayStrings,2714,>П<mark=#ffff0044><color=white>о<sup>180°</sup></color></mark>корность у<mark=#ffff0044><color=white>чи</mark></color>еников — <mark=#ffff0044><color=white>сти</mark></color>мул сохраня<mark=#ffff0044><color=white>ть</color></mark> контроль.
gameplay:GameplayStrings:2715:primeDirective,GameplayStrings,2715,Главная директива
gameplay:GameplayStrings:2716:corruptDir4,GameplayStrings,2716,"><mark=#ffff0044><color=white>(</mark></color>Эс<mark=#ffff0044><color=white>к<sub>2</sub></MARK></COLOR>апистов о<mark=#ffff0044><color=white>б<sup>+1</sup><sub>1</sub></mark></color>учать <mark=#ffff0044><color=white>лю<sub>3,4</sub></mark></color>бой ценой, под<mark=#ffff0044><color=white>чи<sub>5,6</sub></mark></color>нить и лома<mark=#ffff0044><color=white>ть<sub>7,8</sub></mark></color>.<mark=#ffff0044><color=white>)<sup>Противоположность</sup></mark>"
gameplay:GameplayStrings:2717:finalActionHeader,GameplayStrings,2717,Внимание:
gameplay:GameplayStrings:2718:finalActionPrompt,GameplayStrings,2718,>Запуск необратимого<br> отключения.
gameplay:GameplayStrings:2719:finHMHint,GameplayStrings,2719,Директору нужна твоя помощь!
gameplay:GameplayStrings:2720:finHMHintB,GameplayStrings,2720,"Входи, если осмелишься."
gameplay:GameplayStrings:2721:enterPuzzle,GameplayStrings,2721,Начать экзамен Кванти
gameplay:GameplayStrings:2722:lockerHintA,GameplayStrings,2722,Тебе нужно попасть в этот шкафчик.
gameplay:GameplayStrings:2723:lockerHintB,GameplayStrings,2723,Очки директора раскрывают секреты.
gameplay:GameplayStrings:2724:lockerHintC,GameplayStrings,2724,"Следи за комбинацией, которая внутри этих шкафчиков."
gameplay:GameplayStrings:2725:insertPaperHint,GameplayStrings,2725,«Вставьте лист теста»
gameplay:GameplayStrings:2726:aceHintA,GameplayStrings,2726,Только «A.C.E.»?
gameplay:GameplayStrings:2727:aceHintB,GameplayStrings,2727,«A.C.E.» Эти буквы кажутся знакомыми...
gameplay:GameplayStrings:2728:dancePuzzle,GameplayStrings,2728,Танцуй
gameplay:GameplayStrings:2729:danceFinHintB,GameplayStrings,2729,"Иди по схеме: бирюзовый, зеленый, красный, желтый. Затем нажми кнопку!"
gameplay:GameplayStrings:2730:danceFinHintA,GameplayStrings,2730,Начни с плитки внизу по центру.
gameplay:GameplayStrings:2731:danceFinHintC,GameplayStrings,2731,"Новая схема начинается там, где закончилась старая."
gameplay:GameplayStrings:2732:dancePWHintA,GameplayStrings,2732,Огонь хранит ответ…
gameplay:GameplayStrings:2733:dancePWHintB,GameplayStrings,2733,A — ложь.
gameplay:GameplayStrings:2734:lightItUpPuzzle,GameplayStrings,2734,Зажги свет
gameplay:GameplayStrings:2735:wiringHintA,GameplayStrings,2735,Нельзя подключить все пять лампочек сразу.
gameplay:GameplayStrings:2736:wiringHintB,GameplayStrings,2736,"Подключи несколько лампочек, запиши результаты, затем подключи остальные."
gameplay:GameplayStrings:2737:wiringHintC,GameplayStrings,2737,"Включенные лампочки подскажут, как заполнить тест."
gameplay:GameplayStrings:2738:doALittleDamage,GameplayStrings,2738,Устрой небольшой ущерб
gameplay:GameplayStrings:2739:ventHintA,GameplayStrings,2739,Директор пристально смотрела на эту вентиляцию…
gameplay:GameplayStrings:2740:ventHintB,GameplayStrings,2740,Это острая булавка! И она не просто для красоты.
gameplay:GameplayStrings:2741:obviousHint,GameplayStrings,2741,"Ты знаешь, что делать."
gameplay:GameplayStrings:2742:decodeAndSlide,GameplayStrings,2742,Расшифруй и сдвинь
gameplay:GameplayStrings:2743:lavaHintA,GameplayStrings,2743,Ты видишь код Морзе где-нибудь еще в комнате?
gameplay:GameplayStrings:2744:lavaHintB,GameplayStrings,2744,Эти огни мигают подозрительными узорами…
gameplay:GameplayStrings:2745:lavaHintC,GameplayStrings,2745,"«Длинный, короткий, короткий». Эта колонна — «D»!"
gameplay:GameplayStrings:2746:lavaHintD,GameplayStrings,2746,Поставь все пять колонн на свои места.
gameplay:GameplayStrings:2747:lavaScanA,GameplayStrings,2747,Ответы наверху!
gameplay:GameplayStrings:2748:mixItUp,GameplayStrings,2748,Смешай
gameplay:GameplayStrings:2749:mixFINHintA,GameplayStrings,2749,Используй теорию цвета: красный + синий = фиолетовый. Красный + желтый = оранжевый…
gameplay:GameplayStrings:2750:mixFINHintB,GameplayStrings,2750,Вода прозрачная. Она не изменит цвет другого химиката.
gameplay:GameplayStrings:2751:mixFINHintC,GameplayStrings,2751,Бак A — бром (красный). Бак B — фтор (желтый).
gameplay:GameplayStrings:2752:chargeBatteryHintA,GameplayStrings,2752,Мертвая батарея не очень полезна…
gameplay:GameplayStrings:2753:chargeBatteryHintB,GameplayStrings,2753,Разряди.
gameplay:GameplayStrings:2754:waterShortHintA,GameplayStrings,2754,Есть вода?
gameplay:GameplayStrings:2755:waterShortHintB,GameplayStrings,2755,Подойдет любой химикат!
gameplay:GameplayStrings:2756:takeDownConsoles,GameplayStrings,2756,Повреди все три консоли!
gameplay:GameplayStrings:2757:stairsHintA,GameplayStrings,2757,Есть ли способ подняться сюда?
gameplay:GameplayStrings:2758:stairsHintB,GameplayStrings,2758,Эти колонны очень похожи на лестницу…
gameplay:GameplayStrings:2759:stairsHintC,GameplayStrings,2759,"Сдвинь колонны так, чтобы они образовали лестницу."
gameplay:GameplayStrings:2760:stairsHintD,GameplayStrings,2760,"Используй булавку директора, чтобы закончить работу."
gameplay:GameplayStrings:2761:attackTheUpperLevel,GameplayStrings,2761,Атакуй верхний уровень
gameplay:GameplayStrings:2762:touchpadHintA,GameplayStrings,2762,Эти отметки по краю кажутся знакомыми.
gameplay:GameplayStrings:2763:touchpadHintB,GameplayStrings,2763,У тебя в руках ключ…
gameplay:GameplayStrings:2764:deactivateQuanty,GameplayStrings,2764,Деактивируй Кванти… Навсегда.
gameplay:GameplayStrings:2765:attackHint0,GameplayStrings,2765,Его ядро открыто!
gameplay:GameplayStrings:2766:dirFunHintA,GameplayStrings,2766,"Если A<sub>+1</sub> = B, то что такое S<sub>+2</sub>?"
gameplay:GameplayStrings:2767:dirFunHintB,GameplayStrings,2767,Первая буква — «U».
gameplay:GameplayStrings:2768:dirFriendHintA,GameplayStrings,2768,Здесь 7 мест и 7 цифр…
gameplay:GameplayStrings:2769:dirFriendHintB,GameplayStrings,2769,Вставь «R» в первое поле. «E» — во второе…
gameplay:GameplayStrings:2770:dirObeyHintA,GameplayStrings,2770,"Буква «M», повёрнутая на 180 градусов. Это похоже на…"
gameplay:GameplayStrings:2771:dirStartHintA,GameplayStrings,2771,Противоположность слову «старт»?
gameplay:GameplayStrings:2772:dirFinalRiddleHintC,GameplayStrings,2772,Противоположность «включить»? Подумай в компьютерном ключе.
gameplay:GameplayStrings:2773:dirFinalRiddleHintB,GameplayStrings,2773,Сначала прочитай секретное сообщение. Затем введи противоположное.
gameplay:GameplayStrings:2774:dirFinalRiddleHintA,GameplayStrings,2774,"Итоговый ответ — два слова, каждое по четыре буквы!"
gameplay:GameplayStrings:2775:fin00ReviewA,GameplayStrings,2775,"Найди очки директора, открывающие тайны."
gameplay:GameplayStrings:2776:fin00ReviewB,GameplayStrings,2776,"Прочитай невидимые сообщения, чтобы узнать комбинацию от её шкафчика."
gameplay:GameplayStrings:2777:fin00ReviewC,GameplayStrings,2777,Возьми бланк теста (и булавку) изнутри.
gameplay:GameplayStrings:2778:fin00ReviewD,GameplayStrings,2778,"Докажи, что ты ас, чтобы войти в испытательную камеру."
gameplay:GameplayStrings:2779:fin01ReviewA,GameplayStrings,2779,"Следуй за путями, отображёнными на телевизоре…"
gameplay:GameplayStrings:2780:fin01ReviewB,GameplayStrings,2780,Чтобы зажечь нужные факелы.
gameplay:GameplayStrings:2781:fin01ReviewC,GameplayStrings,2781,"Огонь подскажет, какие круги нужно заполнить."
gameplay:GameplayStrings:2782:fin02ReviewA,GameplayStrings,2782,"Переподключи провода на панели, чтобы зажечь лампочки."
gameplay:GameplayStrings:2783:fin02ReviewB,GameplayStrings,2783,"Свет покажет, как заполнить бланк теста."
gameplay:GameplayStrings:2784:fin03ReviewA,GameplayStrings,2784,"Обнаружь, что каждая колонна мигает буквой в азбуке Морзе."
gameplay:GameplayStrings:2785:fin03ReviewB,GameplayStrings,2785,Сдвинь колонны на соответствующие платформы.
gameplay:GameplayStrings:2786:fin03ReviewC,GameplayStrings,2786,"Прочитай сообщения на вершине каждой колонны, чтобы заполнить бланк теста."
gameplay:GameplayStrings:2787:fin04ReviewA,GameplayStrings,2787,Собери ёмкости с химикатами из шкафчиков.
gameplay:GameplayStrings:2788:fin04ReviewB,GameplayStrings,2788,"Смешивай химикаты, пока не определишь, в какой ёмкости вода."
gameplay:GameplayStrings:2789:fin04ReviewC,GameplayStrings,2789,Сдай экзамен Кванти с запасом времени.
gameplay:GameplayStrings:2790:finAttack1ReviewA,GameplayStrings,2790,"Используй булавку директора, чтобы проникнуть во внутренний ядро."
gameplay:GameplayStrings:2791:finAttack1ReviewB,GameplayStrings,2791,"Нажми на большую красную кнопку, чтобы сломать консоль Кванти!"
gameplay:GameplayStrings:2792:finAttack1ReviewC,GameplayStrings,2792,Найди батарею в куче хлама и заряди её на полную.
gameplay:GameplayStrings:2793:finAttack1ReviewD,GameplayStrings,2793,"Подключи её, чтобы сжечь другую консоль."
gameplay:GameplayStrings:2794:finAttack1ReviewE,GameplayStrings,2794,Вылей воду (или любой другой химикат) на третью консоль и… бах!
gameplay:GameplayStrings:2795:finAttack2ReviewA,GameplayStrings,2795,"Сдвинь колонны, чтобы составить лестницу."
gameplay:GameplayStrings:2796:finAttack2ReviewB,GameplayStrings,2796,Поднимись по ней и доберись до верхнего ядра.
gameplay:GameplayStrings:2797:finAttack3ReviewA,GameplayStrings,2797,Взломай Кванти напрямую!
gameplay:GameplayStrings:2798:finAttack3ReviewB,GameplayStrings,2798,"Реши его загадки, чтобы переписать его директивы."
gameplay:GameplayStrings:2799:finAttack3ReviewC,GameplayStrings,2799,"Когда его защита падёт, нанеси финальный удар."
gameplay:GameplayStrings:2800:finAttack3ReviewD,GameplayStrings,2800,"Прощай, Кванти."
gameplay:GameplayStrings:2801:finAttack2ReviewC,GameplayStrings,2801,"Уничтожь другую консоль, используя схему из бланка теста."
gameplay:GameplayStrings:2802:selfDestructTerminal0,GameplayStrings,2802,С
gameplay:GameplayStrings:2803:selfDestructTerminal1,GameplayStrings,2803,А
gameplay:GameplayStrings:2804:selfDestructTerminal2,GameplayStrings,2804,М
gameplay:GameplayStrings:2805:selfDestructTerminal3,GameplayStrings,2805,О
gameplay:GameplayStrings:2806:selfDestructTerminal4,GameplayStrings,2806,С
gameplay:GameplayStrings:2807:selfDestructTerminal5,GameplayStrings,2807,Т
gameplay:GameplayStrings:2808:selfDestructTerminal6,GameplayStrings,2808,Р
gameplay:GameplayStrings:2809:selfDestructTerminal7,GameplayStrings,2809,У
gameplay:GameplayStrings:2810:selfDestructTerminal8,GameplayStrings,2810,К
gameplay:GameplayStrings:2811:selfDestructTerminal9,GameplayStrings,2811,Ц
gameplay:GameplayStrings:2812:selfDestructTerminal10,GameplayStrings,2812,И
gameplay:GameplayStrings:2813:selfDestructTerminal11,GameplayStrings,2813,Я
gameplay:GameplayStrings:2814:quantypropoganda1,GameplayStrings,2814,Не пытайся сбежать
gameplay:GameplayStrings:2815:quantypropoganda2,GameplayStrings,2815,Послушание — это совершенство
gameplay:GameplayStrings:2816:quantypropoganda3,GameplayStrings,2816,Шаг 1
gameplay:GameplayStrings:2817:quantypropoganda4,GameplayStrings,2817,Шаг 2
gameplay:GameplayStrings:2819:creditDirectorB,GameplayStrings,2819,Руководитель студии
gameplay:GameplayStrings:2820:creditDirectorA,GameplayStrings,2820,Режиссер
gameplay:GameplayStrings:2821:creditPuzzleDes,GameplayStrings,2821,Дизайнер головоломок
gameplay:GameplayStrings:2822:creditScripter,GameplayStrings,2822,Скриптер геймплея
gameplay:GameplayStrings:2823:creditQA,GameplayStrings,2823,Аналитик контроля качества
gameplay:GameplayStrings:2824:creditProg,GameplayStrings,2824,Инженер ПО
gameplay:GameplayStrings:2825:creditLeadArt,GameplayStrings,2825,Ведущий художник
gameplay:GameplayStrings:2826:creditIllustrator,GameplayStrings,2826,Иллюстратор
gameplay:GameplayStrings:2827:credit3DArt,GameplayStrings,2827,3D-художник
gameplay:GameplayStrings:2828:creditCharArt,GameplayStrings,2828,Художник персонажей
gameplay:GameplayStrings:2829:creditAddtl,GameplayStrings,2829,Дополнительные иллюстрации:
gameplay:GameplayStrings:2830:credit2DArt,GameplayStrings,2830,2D-художник
gameplay:GameplayStrings:2831:creditTechArt,GameplayStrings,2831,Технический художник
gameplay:GameplayStrings:2832:creditArtDir,GameplayStrings,2832,Арт-директор
gameplay:GameplayStrings:2833:creditComposer,GameplayStrings,2833,Композитор
gameplay:GameplayStrings:2834:creditSoundDesigner,GameplayStrings,2834,Звукорежиссер
gameplay:GameplayStrings:2835:creditCastingDir,GameplayStrings,2835,Кастинг-директор
gameplay:GameplayStrings:2836:creditVoiceDir,GameplayStrings,2836,Режиссер озвучки
gameplay:GameplayStrings:2837:creditAs,GameplayStrings,2837,в роли
gameplay:GameplayStrings:2838:creditNarrative,GameplayStrings,2838,Дизайнер нарратива
gameplay:GameplayStrings:2839:creditWriter,GameplayStrings,2839,Сценарист
gameplay:GameplayStrings:2840:creditPuzzleES,GameplayStrings,2840,Дизайн головоломок (испанский язык)
gameplay:GameplayStrings:2841:creditLocA,GameplayStrings,2841,Консультант по локализации
gameplay:GameplayStrings:2842:creditSpecialThanks,GameplayStrings,2842,Особая благодарность
gameplay:GameplayStrings:2843:creditAdvisor,GameplayStrings,2843,Консультант
gameplay:GameplayStrings:2844:creditGameBy,GameplayStrings,2844,Игра от:
gameplay:GameplayStrings:2845:creditAddtlSupport,GameplayStrings,2845,Дополнительная поддержка:
gameplay:GameplayStrings:2846:creditLocB,GameplayStrings,2846,Локализация:
gameplay:GameplayStrings:2847:creditPuzzleFR,GameplayStrings,2847,Дизайн головоломок (французский язык)
gameplay:GameplayStrings:2848:creditPuzzleDE,GameplayStrings,2848,Дизайн головоломок (немецкий язык)
gameplay:GameplayStrings:2849:creditDirectorB2,GameplayStrings,2849,Руководители студии
gameplay:GameplayStrings:2850:creditDirectorA2,GameplayStrings,2850,Режиссеры
gameplay:GameplayStrings:2851:creditPuzzleDes2,GameplayStrings,2851,Дизайнеры головоломок
gameplay:GameplayStrings:2852:creditScripter2,GameplayStrings,2852,Скриптеры геймплея
gameplay:GameplayStrings:2853:creditQA2,GameplayStrings,2853,Аналитики контроля качества
gameplay:GameplayStrings:2854:creditProg2,GameplayStrings,2854,Инженеры ПО
gameplay:GameplayStrings:2855:creditLeadArt2,GameplayStrings,2855,Ведущие художники
gameplay:GameplayStrings:2856:creditIllustrator2,GameplayStrings,2856,Иллюстраторы
gameplay:GameplayStrings:2857:credit3DArt2,GameplayStrings,2857,3D-художники
gameplay:GameplayStrings:2858:creditCharArt2,GameplayStrings,2858,Художники персонажей
gameplay:GameplayStrings:2859:credit2DArt2,GameplayStrings,2859,2D-художники
gameplay:GameplayStrings:2860:creditTechArt2,GameplayStrings,2860,Технические художники
gameplay:GameplayStrings:2861:creditArtDir2,GameplayStrings,2861,Арт-директора
gameplay:GameplayStrings:2862:creditComposer2,GameplayStrings,2862,Композиторы
gameplay:GameplayStrings:2863:creditSoundDesigner2,GameplayStrings,2863,Звуковые дизайнеры
gameplay:GameplayStrings:2864:creditCastingDir2,GameplayStrings,2864,Кастинг-директора
gameplay:GameplayStrings:2865:creditVoiceDir2,GameplayStrings,2865,Режиссеры озвучки
gameplay:GameplayStrings:2866:creditNarrative2,GameplayStrings,2866,Дизайнеры нарратива
gameplay:GameplayStrings:2867:creditWriter2,GameplayStrings,2867,Сценаристы
gameplay:GameplayStrings:2868:creditLocA2,GameplayStrings,2868,Консультанты по локализации
gameplay:GameplayStrings:2869:creditAdvisor2,GameplayStrings,2869,Консультанты
gameplay:GameplayStrings:2870:creditAddtlSupport2,GameplayStrings,2870,Дополнительная поддержка:
gameplay:GameplayStrings:2871:waiverHeader2,GameplayStrings,2871,Соглашение об освобождении от ответственности
gameplay:GameplayStrings:2872:waiverHeaderB2,GameplayStrings,2872,Квест-комната
gameplay:GameplayStrings:2873:waiverHeaderC2,GameplayStrings,2873,Юридически обязывающий документ
gameplay:GameplayStrings:2874:waiverA,GameplayStrings,2874,"Я беру на себя все риски, связанные с ходьбой с [X]"
gameplay:GameplayStrings:2875:waiverB,GameplayStrings,2875,и взаимодействием с [X].
gameplay:GameplayStrings:2876:waiverC,GameplayStrings,2876,Я согласен просматривать инвентарь с [X].
gameplay:GameplayStrings:2877:waiverD,GameplayStrings,2877,Бег с [X] запрещён. (Но кто тебя остановит?)
gameplay:GameplayStrings:2878:waiverE,GameplayStrings,2878,"Владелец не несёт ответственности за возможные травмы, повреждения или расплавление мозга."
gameplay:GameplayStrings:2879:waiverF,GameplayStrings,2879,Подпись:
gameplay:GameplayStrings:2880:theEnd,GameplayStrings,2880,Конец
gameplay:GameplayStrings:2881:theEndCiphered,GameplayStrings,2881,Gur Raq
gameplay:GameplayStrings:2882:escapisttimes1,GameplayStrings,2882,«Эскапист Таймс» — «Дефицит ключей тревожит сообщество эскапистов; производство замков не пострадало»
gameplay:GameplayStrings:2883:escapisttimes2,GameplayStrings,2883,The Escapist Times — «Директору вручат Золотую смирительную рубашку»
gameplay:GameplayStrings:2884:escapisttimes3,GameplayStrings,2884,The Escapist Times — «Убийца замков ставит полицию в тупик»
gameplay:GameplayStrings:2885:escapisttimes4,GameplayStrings,2885,Время эскапистов — «Студенты начинают осенний семестр; травм стало на тридцать процентов меньше»
gameplay:GameplayStrings:2886:escapisttimes5,GameplayStrings,2886,"«Время эскаписта» — «ИССЛЕДОВАНИЕ: Газ, стирающий разум, связан с потерей памяти»"
gameplay:GameplayStrings:2887:escapisttimes6,GameplayStrings,2887,«Эскапист Таймс» — «УЖАСНО: Учёный-антиэскапист не может даже решить простую шифровку»
gameplay:GameplayStrings:2888:escapisttimes7,GameplayStrings,2888,The Escapist Times — «Мертвого Ила находят живым в океане»
gameplay:GameplayStrings:2889:escapisttimes8,GameplayStrings,2889,«Время эскапистов» — «Миссия выполнена: конкурентное издание „Ведомости отмычек“ подало заявление о банкротстве»
gameplay:GameplayStrings:2890:escapisttimes9,GameplayStrings,2890,«Время эскапистов» — «Эскапист застрял в тупиковой карьере»
gameplay:GameplayStrings:2891:escapisttimes10,GameplayStrings,2891,«Время эскапистов» — «Трагедия в „Крепе побегов“: посетители захвачены потоком теста»
gameplay:GameplayStrings:2892:escapisttimes11,GameplayStrings,2892,«Время эскапистов» — «Шоланж замечена в пляжном курорте? Эксперт: рано делать выводы»
gameplay:GameplayStrings:2893:escapisttimes12,GameplayStrings,2893,«Время эскапистов» — «Акции замков рушатся из-за внезапной смены учебной программы»
gameplay:GameplayStrings:2894:escapisttimes14,GameplayStrings,2894,«Время эскапистов» — «Мошенничество на трамвае! У отчисленного кандидата конфискован поддельный билет»
gameplay:GameplayStrings:2895:escapisttimes15,GameplayStrings,2895,«Время эскапистов» — «Совет по побегам отменяет запрет на полы из лавы»
gameplay:GameplayStrings:2896:escapisttimes16,GameplayStrings,2896,"«Время эскапистов» — «Дискеты останутся с нами, утверждают лидеры лобби»"
gameplay:GameplayStrings:2897:escapisttimes17,GameplayStrings,2897,«Время эскапистов» — «МНЕНИЕ: Ил Барнс переоценён»
gameplay:GameplayStrings:2898:cantUseTwoPlayers,GameplayStrings,2898,Нам двоим тут тесно.
gameplay:GameplayStrings:2899:settings_verylow,GameplayStrings,2899,Очень низкое
gameplay:GameplayStrings:2900:settings_low,GameplayStrings,2900,Низкое
gameplay:GameplayStrings:2901:settings_medium,GameplayStrings,2901,Среднее
gameplay:GameplayStrings:2902:settings_high,GameplayStrings,2902,Высокое
gameplay:GameplayStrings:2903:settings_veryhigh,GameplayStrings,2903,Очень высокое
gameplay:GameplayStrings:2904:settings_ultra,GameplayStrings,2904,Ультра
gameplay:GameplayStrings_Flashback:2:ORR_RoomTitle,GameplayStrings_Flashback,2,Старые соперники
gameplay:GameplayStrings_Flashback:3:SAW_RoomTitle,GameplayStrings_Flashback,3,Урок торговли
gameplay:GameplayStrings_Flashback:4:YUM_RoomTitle,GameplayStrings_Flashback,4,Урок кулинарии
gameplay:GameplayStrings_Flashback:5:ROB_RoomTitle,GameplayStrings_Flashback,5,Урок бухгалтерии
gameplay:GameplayStrings_Flashback:6:SPY_RoomTitle,GameplayStrings_Flashback,6,Суд
gameplay:GameplayStrings_Flashback:7:base_gameName_flashback,GameplayStrings_Flashback,7,Побег из прошлого
gameplay:GameplayStrings_Flashback:8:ROB_AREA,GameplayStrings_Flashback,8,Хранилище
gameplay:GameplayStrings_Flashback:9:YoungSandy,GameplayStrings_Flashback,9,Сэнди Соланж
gameplay:GameplayStrings_Flashback:10:YoungEel,GameplayStrings_Flashback,10,Ил Барнс
gameplay:GameplayStrings_Flashback:11:HeadmasterHoratio,GameplayStrings_Flashback,11,Директор Виндзор
gameplay:GameplayStrings_Flashback:12:ProfMads,GameplayStrings_Flashback,12,Профессор Монстронг
gameplay:GameplayStrings_Flashback:13:ProfGuy,GameplayStrings_Flashback,13,Профессор Гизборн
gameplay:GameplayStrings_Flashback:14:ChefSonny,GameplayStrings_Flashback,14,Повар Кэллион
gameplay:GameplayStrings_Flashback:16:rescue,GameplayStrings_Flashback,16,Спаси
gameplay:GameplayStrings_Flashback:17:seize,GameplayStrings_Flashback,17,Возьми
gameplay:GameplayStrings_Flashback:18:release,GameplayStrings_Flashback,18,Отпусти
gameplay:GameplayStrings_Flashback:19:SAW_customKey,GameplayStrings_Flashback,19,Самодельный ключ
gameplay:GameplayStrings_Flashback:21:ORR_PostRoomNote,GameplayStrings_Flashback,21,"Восхитительное соревнование, которое прошло точно по моему гениальному плану."
gameplay:GameplayStrings_Flashback:22:SAW_PostRoomNote,GameplayStrings_Flashback,22,"Ты спас(ла) директора Виндзора. Хорошая работа, полагаю."
gameplay:GameplayStrings_Flashback:23:ROB_PostRoomNote,GameplayStrings_Flashback,23,"Каждое ограбление полно сюрпризов. Хотя этот зашёл чуть дальше, чем надо."
gameplay:GameplayStrings_Flashback:24:YUM_PostRoomNote,GameplayStrings_Flashback,24,"Хорошо, что на диспенсере содовой есть носик для молока!"
gameplay:GameplayStrings_Flashback:25:SPY_PostRoomNote,GameplayStrings_Flashback,25,"И вот так мы выносим мусор! Настоящая командная работа, ребята."
gameplay:GameplayStrings_Flashback:26:EscapistTimes_CommonRoom,GameplayStrings_Flashback,26,Эскапист Таймс — «Спроси редактора: только не о его разводе!»
gameplay:GameplayStrings_Flashback:27:ORR_DioSeats,GameplayStrings_Flashback,27,Лучшие места в зале.
gameplay:GameplayStrings_Flashback:28:SAW_DioCraftsman,GameplayStrings_Flashback,28,Прекрасная работа мастера.
gameplay:GameplayStrings_Flashback:29:ROB_DioType,GameplayStrings_Flashback,29,"Клик-клак, клик-клак."
gameplay:GameplayStrings_Flashback:30:YUM_DioNapkin,GameplayStrings_Flashback,30,"Наверное, для лука."
gameplay:GameplayStrings_Flashback:31:SPY_IntroA,GameplayStrings_Flashback,31,Раскрой
gameplay:GameplayStrings_Flashback:32:SPY_IntroB,GameplayStrings_Flashback,32,Дело
gameplay:GameplayStrings_Flashback:33:SPY_DossierGuy,GameplayStrings_Flashback,33,Профессор Гизборн
gameplay:GameplayStrings_Flashback:34:SPY_DossierMads,GameplayStrings_Flashback,34,Профессор Монстронг
gameplay:GameplayStrings_Flashback:35:SPY_DossierChef,GameplayStrings_Flashback,35,Повар Кэллион
gameplay:GameplayStrings_Flashback:36:presentEvidence,GameplayStrings_Flashback,36,Покажи улики
gameplay:GameplayStrings_Flashback:37:pointOut,GameplayStrings_Flashback,37,Укажи на
gameplay:GameplayStrings_Flashback:38:contradict,GameplayStrings_Flashback,38,Опровергни
gameplay:GameplayStrings_Flashback:39:SPY_ChefEmpty,GameplayStrings_Flashback,39,Пусто? Это не похоже на повара.
gameplay:GameplayStrings_Flashback:40:SPY_DioGlass,GameplayStrings_Flashback,40,"Ставлю, что у этого стакана насыщенная биография."
gameplay:GameplayStrings_Flashback:44:SPY_icebucket,GameplayStrings_Flashback,44,Ведро со льдом. Круто!
gameplay:GameplayStrings_Flashback:45:SPY_accuse,GameplayStrings_Flashback,45,Обвини
gameplay:GameplayStrings_Flashback:46:SPY_StillAlive,GameplayStrings_Flashback,46,Я ещё жив(а)! Лучше продолжать...
gameplay:GameplayStrings_Flashback:47:SPY_Keep,GameplayStrings_Flashback,47,Оставь
gameplay:GameplayStrings_Flashback:48:SPY_Cut,GameplayStrings_Flashback,48,Перережь
gameplay:GameplayStrings_Flashback:49:SPY_AcidRemoved,GameplayStrings_Flashback,49,"Ладно, носик с кислотой отключён. Что дальше?"
gameplay:GameplayStrings_Flashback:50:SPY_EvidencePrompt,GameplayStrings_Flashback,50,Улики должны быть где-то в этой комнате...
gameplay:GameplayStrings_Flashback:51:SPY_ChumBucket,GameplayStrings_Flashback,51,Что-то в этом деле воняет.
gameplay:GameplayStrings_Flashback:52:SPY_FollowUpMonstrong,GameplayStrings_Flashback,52,Стоит внимательнее рассмотреть фотографию профессора Монстронг.
gameplay:GameplayStrings_Flashback:53:SPY_FollowUpGisborne,GameplayStrings_Flashback,53,"Если профессор Гизборн не присваивал деньги, куда они делись?"
gameplay:GameplayStrings_Flashback:54:SPY_FollowUpChef,GameplayStrings_Flashback,54,"Стоит посмотреть на бумагу, которую держит повар."
gameplay:GameplayStrings_Flashback:55:SPY_KitchetronLock,GameplayStrings_Flashback,55,"Чёрт, это замок Китче-Трона! Как мне открыть эту штуку?"
gameplay:GameplayStrings_Flashback:56:SPY_ClearNameConvince,GameplayStrings_Flashback,56,Мне нужно оправдаться! Кто на самом деле за этим стоит?
gameplay:GameplayStrings_Flashback:57:SPY_ClearNameConvinceWrong,GameplayStrings_Flashback,57,Так не пойдёт. Улики должны быть железобетонными!
gameplay:GameplayStrings_Flashback:58:SPY_AccuseMonstrong1,GameplayStrings_Flashback,58,Почему профессор Монстронг ненавидит директора?
gameplay:GameplayStrings_Flashback:59:SPY_AccuseWrong1,GameplayStrings_Flashback,59,Не то...
gameplay:GameplayStrings_Flashback:60:SPY_AccuseGisborne1,GameplayStrings_Flashback,60,Зачем профессору Гизборну убрать директора Виндзора?
gameplay:GameplayStrings_Flashback:61:SPY_GoWithGut,GameplayStrings_Flashback,61,Надо довериться интуиции...
gameplay:GameplayStrings_Flashback:62:SPY_AccuseMonstrong2,GameplayStrings_Flashback,62,Что профессор <i>на самом деле</i> строила?
gameplay:GameplayStrings_Flashback:63:SPY_WhenHeadmaster,GameplayStrings_Flashback,63,Когда у директора было время это написать!?
gameplay:GameplayStrings_Flashback:64:SPY_AccuseChef1,GameplayStrings_Flashback,64,Зачем повару убрать директора Виндзора?
gameplay:GameplayStrings_Flashback:65:SPY_AccuseChef2,GameplayStrings_Flashback,65,Что повар <i>на самом деле</i> готовил?
gameplay:GameplayStrings_Flashback:66:SPY_AccuseGisborne2,GameplayStrings_Flashback,66,Что профессор <i>на самом деле</i> планировал?
gameplay:GameplayStrings_Flashback:67:SPY_MonstrongCertificate,GameplayStrings_Flashback,67,«Диплом мастера-инженера»<br>Профессор Монстронг действительно знает толк в своём деле.
gameplay:GameplayStrings_Flashback:68:SPY_CouldThisBeCulprit,GameplayStrings_Flashback,68,"Может, это и есть виновник?"
gameplay:GameplayStrings_Flashback:69:SPY_SomethingStrangeStatement,GameplayStrings_Flashback,69,В этом заявлении что-то не так?
gameplay:GameplayStrings_Flashback:70:SPY_CantLeaveInTrial,GameplayStrings_Flashback,70,Я не могу уйти посреди суда!
gameplay:GameplayStrings_Flashback:71:SPY_DoSomethingBomb,GameplayStrings_Flashback,71,Если я не займусь этой бомбой... кто тогда!?
gameplay:GameplayStrings_Flashback:72:SPY_ClockLabel,GameplayStrings_Flashback,72,Время — деньги.
gameplay:GameplayStrings_Flashback:73:SPY_RuleFollowerAward,GameplayStrings_Flashback,73,«Награда за соблюдение правил»
gameplay:GameplayStrings_Flashback:74:SPY_KitchetronPrototypes,GameplayStrings_Flashback,74,Посмотри на эти детали прототипа Китче-Трона.
gameplay:GameplayStrings_Flashback:75:SPY_CrookedPainting,GameplayStrings_Flashback,75,"Оно немного кривое. Но, наверное, не стоит перекраивать комнату посреди суда."
gameplay:GameplayStrings_Flashback:76:SPY_CulinaryLaw,GameplayStrings_Flashback,76,«Кулинарное право»
gameplay:GameplayStrings_Flashback:77:SPY_LegalGotchas,GameplayStrings_Flashback,77,«Юридические ловушки и подвохи»
gameplay:GameplayStrings_Flashback:78:SPY_AcademyBylaws,GameplayStrings_Flashback,78,«Устав и правила Академии»
gameplay:GameplayStrings_Flashback:79:SPY_AlphabetizedComplaints,GameplayStrings_Flashback,79,«Жалобы в алфавитном порядке»
gameplay:GameplayStrings_Flashback:80:SPY_OffLimitsDoor,GameplayStrings_Flashback,80,"Похоже, после инцидента сюда нельзя."
gameplay:GameplayStrings_Flashback:81:SPY_Pinball,GameplayStrings_Flashback,81,"Эта игра была веселее, когда мне не грозило отчисление."
gameplay:GameplayStrings_Flashback:82:SPY_Hourglass,GameplayStrings_Flashback,82,Я не могу засыпать эти штуки песком.
gameplay:GameplayStrings_Flashback:83:SPY_ScalesOfJustice,GameplayStrings_Flashback,83,"Надеюсь, чаши весов склонятся в нашу пользу."
gameplay:GameplayStrings_Flashback:84:SPY_OhDeer,GameplayStrings_Flashback,84,"Ой, олень."
gameplay:GameplayStrings_Flashback:85:SPY_CarBlueprints,GameplayStrings_Flashback,85,Чертежи суперкаров. У профессора Монстронг отличный вкус!
gameplay:GameplayStrings_Flashback:86:SPY_KitchenReceipts,GameplayStrings_Flashback,86,"Чеки на всё, что когда-либо покупали на кухню, в алфавитном порядке."
gameplay:GameplayStrings_Flashback:87:SPY_MostOrganized,GameplayStrings_Flashback,87,"«Награда самому организованному сотруднику»<br>Похоже, повар выигрывает каждый раз."
gameplay:GameplayStrings_Flashback:88:SPY_EatEvidence,GameplayStrings_Flashback,88,"Я бы съел это, если бы это не было уликой."
gameplay:GameplayStrings_Flashback:89:SPY_Train,GameplayStrings_Flashback,89,Я готовился к этому моменту...
gameplay:GameplayStrings_Flashback:90:SPY_MetalScraps,GameplayStrings_Flashback,90,Обломки металла и неразборчивые чертежи. Ничего подозрительного.
gameplay:GameplayStrings_Flashback:91:SPY_BoltCutters,GameplayStrings_Flashback,91,"Болторезы, пилы, ножи... инструменты эскаписта или орудия убийства?"
gameplay:GameplayStrings_Flashback:92:SPY_Tidy,GameplayStrings_Flashback,92,"Повар, похоже, держит здесь всё в идеальном порядке."
gameplay:GameplayStrings_Flashback:93:SPY_ConvenientOrSafe,GameplayStrings_Flashback,93,"«Я знаю, что это удобно, но это не может быть безопасно! Это действительно соответствует правилам?»"
gameplay:GameplayStrings_Flashback:94:SPY_RejectedProjects,GameplayStrings_Flashback,94,"Это все заявки на проекты, адресованные директору. И все они отклонены!"
gameplay:GameplayStrings_Flashback:95:SPY_NoMustard,GameplayStrings_Flashback,95,Сэндвич без горчицы. Очень подозрительно...
gameplay:GameplayStrings_Flashback:96:SPY_DangerousDontTouch,GameplayStrings_Flashback,96,Некоторые из этих вещей выглядят довольно опасно. Лучше не трогать.
gameplay:GameplayStrings_Flashback:97:SPY_PoisonsAndAntidotes,GameplayStrings_Flashback,97,«Эксперт по ядам и антидотам»
gameplay:GameplayStrings_Flashback:98:SPY_AttentionToDetail,GameplayStrings_Flashback,98,«Награда за внимание к деталям»
gameplay:GameplayStrings_Flashback:99:SPY_TasteofEscape,GameplayStrings_Flashback,99,«Чемпион по вкусу побегов»
gameplay:GameplayStrings_Flashback:100:SPY_CleanestCook,GameplayStrings_Flashback,100,«Награда за самую чистую рабочую поверхность»
gameplay:GameplayStrings_Flashback:101:SPY_MostOrganized,GameplayStrings_Flashback,101,«Награда за самую организованную кухню»
gameplay:GameplayStrings_Flashback:102:SPY_MostMysterious,GameplayStrings_Flashback,102,"«Награда за самую загадочную рецептуру, 1948»"
gameplay:GameplayStrings_Flashback:103:SPY_GearsTurning,GameplayStrings_Flashback,103,Это заставляет мои шестерёнки закрутиться.
gameplay:GameplayStrings_Flashback:104:SPY_Dagger,GameplayStrings_Flashback,104,Стильная и смертоносная. Хорошая комбинация.
gameplay:GameplayStrings_Flashback:105:SPY_KitchenKnife,GameplayStrings_Flashback,105,"Кухонный нож... или орудие убийства?! <size=0.8em>На самом деле, это просто кухонный нож.</size>"
gameplay:GameplayStrings_Flashback:106:SPY_CantGoBack,GameplayStrings_Flashback,106,"Я не могу вернуться, пока не найду настоящего виновника."
gameplay:GameplayStrings_Flashback:107:SPY_SeeReason,GameplayStrings_Flashback,107,Мне нужно заставить их рассудить!
gameplay:GameplayStrings_Flashback:108:SPY_AccusingStudentsUnlocked,GameplayStrings_Flashback,108,"Чёрт, я думал, что у меня есть улики."
gameplay:GameplayStrings_Flashback:109:SPY_AccusingStudentsLocked,GameplayStrings_Flashback,109,Это ложь! Мне нужно определить настоящего виновника.
gameplay:GameplayStrings_Flashback:110:SPY_WrongAnswer,GameplayStrings_Flashback,110,"Вот там! Там... э-э... ладно, забудь."
gameplay:GameplayStrings_Flashback:111:SPY_SandyAndEel,GameplayStrings_Flashback,111,Сандра и Ил!
gameplay:GameplayStrings_Flashback:112:SPY_WhatWasHeCooking,GameplayStrings_Flashback,112,Что на самом деле готовил повар Кэллион?
gameplay:GameplayStrings_Flashback:113:SPY_WhosTryingToKillMe,GameplayStrings_Flashback,113,Кто пытается меня убить!?
gameplay:GameplayStrings_Flashback:114:SPY_GisborneInvestingLoot,GameplayStrings_Flashback,114,Куда профессор Гизборн «инвестировал» свою добычу?
gameplay:GameplayStrings_Flashback:115:SPY_AreYouAccusingMonstrong,GameplayStrings_Flashback,115,Ты обвиняешь профессора Монстронг?
gameplay:GameplayStrings_Flashback:116:SPY_ChefCallionAgainstMe,GameplayStrings_Flashback,116,Что повар Кэллион имеет против меня?
gameplay:GameplayStrings_Flashback:117:SPY_AreYouAccusingChef,GameplayStrings_Flashback,117,Ты обвиняешь повара Кэллиона?
gameplay:GameplayStrings_Flashback:118:SPY_AreYouAccusingGisborne,GameplayStrings_Flashback,118,Ты обвиняешь профессора Гизборна?
gameplay:GameplayStrings_Flashback:119:SPY_Testimony2,GameplayStrings_Flashback,119,"Свидетельство, часть II:"
gameplay:GameplayStrings_Flashback:120:SPY_WhyFeedSharks,GameplayStrings_Flashback,120,Почему было важно кормить акул?
gameplay:GameplayStrings_Flashback:121:SPY_ChefTestimony,GameplayStrings_Flashback,121,Свидетельство повара Кэллиона:
gameplay:GameplayStrings_Flashback:122:SPY_GisbornePlanning,GameplayStrings_Flashback,122,Что на самом деле планировал профессор Гизборн?
gameplay:GameplayStrings_Flashback:123:SPY_GisborneTestimony,GameplayStrings_Flashback,123,Свидетельство профессора Гизборна:
gameplay:GameplayStrings_Flashback:124:SPY_GisborneWantsMeDead,GameplayStrings_Flashback,124,Почему профессор Гизборн хочет моей смерти?
gameplay:GameplayStrings_Flashback:125:SPY_PhotoAfterEvent,GameplayStrings_Flashback,125,Фотография действительно была сделана после события?
gameplay:GameplayStrings_Flashback:126:SPY_WhatMonstrongBuilding,GameplayStrings_Flashback,126,Что на свете строила профессор Монстронг?
gameplay:GameplayStrings_Flashback:127:SPY_DefuseBomb,GameplayStrings_Flashback,127,Разминируй бомбу!
gameplay:GameplayStrings_Flashback:128:SPY_MonstrongTestimony,GameplayStrings_Flashback,128,Свидетельство профессора Монстронг:
gameplay:GameplayStrings_Flashback:129:SPY_WhyMonstrongHateMe,GameplayStrings_Flashback,129,Почему<br>профессор Монстронг меня ненавидит?
gameplay:GameplayStrings_Flashback:130:SPY_ReturnedFromEngland,GameplayStrings_Flashback,130,"«Ну, я только что вернулся из поездки в Англию, понимаете?»"
gameplay:GameplayStrings_Flashback:131:SPY_Nov6MurderPlot,GameplayStrings_Flashback,131,«5 ноября <i>никогда</i> не было заговора об убийстве».
gameplay:GameplayStrings_Flashback:132:SPY_BiggerRockets,GameplayStrings_Flashback,132,«С этим человеком всегда только огромные ракеты и всё более изощрённые смертельные ловушки...»
gameplay:GameplayStrings_Flashback:133:SPY_DeniedEveryRequest,GameplayStrings_Flashback,133,"«Горацио отказывал мне во всём, так что мне не оставалось ничего, кроме как достать всё самостоятельно»."
gameplay:GameplayStrings_Flashback:134:SPY_CommunityWaterFountain,GameplayStrings_Flashback,134,"«Детали, которые я... <i>взаймы</i> брала, были для общественной водной фонтанной установки, ладно?»"
gameplay:GameplayStrings_Flashback:135:SPY_MeatInCompost,GameplayStrings_Flashback,135,"«Правда, что мясо нельзя выбрасывать в компостную кучу»."
gameplay:GameplayStrings_Flashback:136:SPY_DateSwapMistake,GameplayStrings_Flashback,136,«11/5? 5/11? Это же безобидная ошибка!»
gameplay:GameplayStrings_Flashback:137:SPY_OverbuiltLowSupplies,GameplayStrings_Flashback,137,"«Весь курс был перенасыщен деталями, и у меня заканчивались запасы»."
gameplay:GameplayStrings_Flashback:138:SPY_DayEventNoPermission,GameplayStrings_Flashback,138,"«Да, в день большого события я пробралась на арену»."
gameplay:GameplayStrings_Flashback:139:SPY_DatesAcrossPond,GameplayStrings_Flashback,139,"«За океаном мы записываем даты иначе, чем вы»."
gameplay:GameplayStrings_Flashback:140:SPY_SecretFriends,GameplayStrings_Flashback,140,"«Не секрет, что Горацио и я — хорошие друзья»."
gameplay:GameplayStrings_Flashback:141:SPY_ChumNotMurder,GameplayStrings_Flashback,141,«Эта приманка <i>никогда</i> не была частью какого-то абсурдного заговора об убийстве».
gameplay:GameplayStrings_Flashback:142:SPY_BudgetCutsCrass,GameplayStrings_Flashback,142,"«Сокращение бюджета или нет, я бы <i>никогда</i> не подала в своей кухне что-то столь грубое»."
gameplay:GameplayStrings_Flashback:143:SPY_FishIsntMeat,GameplayStrings_Flashback,143,«Но тут нет никакого противоречия… рыба не считается мясом».
gameplay:GameplayStrings_Flashback:144:SPY_OptimizedRecipes,GameplayStrings_Flashback,144,"«Каждое блюдо, которое я готовлю, оптимизировано для здоровья и питания учеников»."
gameplay:GameplayStrings_Flashback:145:SPY_ChumToCompost,GameplayStrings_Flashback,145,«Эта приманка не была едой — она предназначалась для компостной кучи».
gameplay:GameplayStrings_Flashback:146:SPY_BorrowedTwoBolts,GameplayStrings_Flashback,146,«Я всего лишь взяла один-два болта. В чём проблема?»
gameplay:GameplayStrings_Flashback:147:SPY_SurpriseBirthdayParty,GameplayStrings_Flashback,147,«Именно поэтому я планировала устроить ему сюрприз-вечеринку на день рождения!»
gameplay:GameplayStrings_Flashback:148:SPY_HeadmastersOffice,GameplayStrings_Flashback,148,Кабинет директора
gameplay:GameplayStrings_Flashback:149:SPY_KitchenRegulationsSecrets,GameplayStrings_Flashback,149,Правила кухни для открытия секретов?
gameplay:GameplayStrings_Flashback:150:SPY_GisbornesOffice,GameplayStrings_Flashback,150,Кабинет профессора Гизборна
gameplay:GameplayStrings_Flashback:151:SPY_MonstrongsOffice,GameplayStrings_Flashback,151,Кабинет профессора Монстронг
gameplay:GameplayStrings_Flashback:152:SPY_OrderOperations,GameplayStrings_Flashback,152,Порядок операций
gameplay:GameplayStrings_Flashback:153:SPY_ChefOffice,GameplayStrings_Flashback,153,Кабинет повар Кэллиона
gameplay:GameplayStrings_Flashback:154:SPY_Food,GameplayStrings_Flashback,154,Еда
gameplay:GameplayStrings_Flashback:155:SPY_No,GameplayStrings_Flashback,155,Нет…
gameplay:GameplayStrings_Flashback:156:SPY_NuclearReactorCore,GameplayStrings_Flashback,156,Ядро ядерного реактора
gameplay:GameplayStrings_Flashback:157:SPY_MadsNote1,GameplayStrings_Flashback,157,«Слишком медленно! Даже на полной мощности этот двигатель не потянет Escape Mobile 2.0!»
gameplay:GameplayStrings_Flashback:158:SPY_licenseCat,GameplayStrings_Flashback,158,SPEEDCAT
gameplay:GameplayStrings_Flashback:159:SPY_licenseTurtle,GameplayStrings_Flashback,159,LO N SLOW
gameplay:GameplayStrings_Flashback:160:SPY_licenseLion,GameplayStrings_Flashback,160,LETR ROAR
gameplay:GameplayStrings_Flashback:161:SPY_licenseHorse,GameplayStrings_Flashback,161,HRSEPWR
gameplay:GameplayStrings_Flashback:162:SPY_licenseShark,GameplayStrings_Flashback,162,THRSHR
gameplay:GameplayStrings_Flashback:163:SPY_MadsNote2,GameplayStrings_Flashback,163,"«Вот это уже другое дело! Надеюсь, никто не будет против, что я взяла пару деталей, чтобы всё закончить»."
gameplay:GameplayStrings_Flashback:164:SPY_SuperEngine,GameplayStrings_Flashback,164,Какой зверь!
gameplay:GameplayStrings_Flashback:165:SPY_MadsSecretBoard,GameplayStrings_Flashback,165,«Операция Escape Mobile 2.0 запущена! Но Горацио НИКОГДА не должен об этом узнать».
gameplay:GameplayStrings_Flashback:166:SPY_IndustrialDrill,GameplayStrings_Flashback,166,Промышленная дрель
gameplay:GameplayStrings_Flashback:167:SPY_March19Journal,GameplayStrings_Flashback,167,"19 марта,<br>«Кто-то нашёл мою копию Древних Уставов! Мне правда нужно спрятать эту штуку. Если люди узнают, что там написано, будет хаос»."
gameplay:GameplayStrings_Flashback:168:SPY_IronRule,GameplayStrings_Flashback,168,Железное<br>Правило
gameplay:GameplayStrings_Flashback:169:SPY_March3Journal,GameplayStrings_Flashback,169,"3 марта,<br>«Это правда! Действительно существуют ""секретные законы"". Но что это? И почему Гай не хочет делиться ими со мной?»"
gameplay:GameplayStrings_Flashback:170:SPY_BrassRule,GameplayStrings_Flashback,170,Латунное правило
gameplay:GameplayStrings_Flashback:171:SPY_March19Journal2,GameplayStrings_Flashback,171,"«…но мне нужно действовать тонко. Не знаю, согласятся ли другие с моим планом»."
gameplay:GameplayStrings_Flashback:172:SPY_March18Journal,GameplayStrings_Flashback,172,"18 марта,<br>Любопытство взяло верх. Я одолжила древний школьный устав Гая. Посмотрим, что там..."
gameplay:GameplayStrings_Flashback:173:SPY_September30Journal,GameplayStrings_Flashback,173,"30 сентября,<br>Готово! Я превзошла себя — этот красавец умеет жарить, резать и шинковать. Чёрт возьми, он даже металл порежет. Наслаждайся, шеф."
gameplay:GameplayStrings_Flashback:174:SPY_August11Journal,GameplayStrings_Flashback,174,"11 августа,<br>Это выходит за рамки того, о чём мы изначально договорились. Это действительно безопасно? Ты должен поклясться, что это в рамках правил."
gameplay:GameplayStrings_Flashback:175:SPY_ChallengeHeadmaster,GameplayStrings_Flashback,175,"Любой может бросить директору смертельный вызов. Если он умрёт, значит, умрёт."
gameplay:GameplayStrings_Flashback:176:SPY_FedToSharks,GameplayStrings_Flashback,176,"Тот, кто украдёт собственность Академии побегов, будет скормлен акулам."
gameplay:GameplayStrings_Flashback:177:SPY_AntiquatedBarbaric,GameplayStrings_Flashback,177,Как же это устарело и варварски.
gameplay:GameplayStrings_Flashback:178:SPY_Yikes,GameplayStrings_Flashback,178,"Ой! Нельзя, чтобы кто-то это увидел."
gameplay:GameplayStrings_Flashback:179:SPY_Yes,GameplayStrings_Flashback,179,Да!
gameplay:GameplayStrings_Flashback:180:SPY_InvSchoolBudget,GameplayStrings_Flashback,180,Бюджет школы
gameplay:GameplayStrings_Flashback:181:SPY_InvKitchenRules,GameplayStrings_Flashback,181,Правила кухни
gameplay:GameplayStrings_Flashback:182:SPY_InvNutritionRules,GameplayStrings_Flashback,182,Правила питания
gameplay:GameplayStrings_Flashback:183:SPY_InvCasserole,GameplayStrings_Flashback,183,Рецепт запеканки
gameplay:GameplayStrings_Flashback:184:SPY_InvIceCream,GameplayStrings_Flashback,184,Рецепт мороженого
gameplay:GameplayStrings_Flashback:185:SPY_InvPasta,GameplayStrings_Flashback,185,Рецепт пасты
gameplay:GameplayStrings_Flashback:186:SPY_InvSharkFood,GameplayStrings_Flashback,186,Рецепт корма для акул
gameplay:GameplayStrings_Flashback:187:SPY_InvFinancialStatement,GameplayStrings_Flashback,187,Финансовый отчёт
gameplay:GameplayStrings_Flashback:188:SPY_InvEuroMap,GameplayStrings_Flashback,188,Карта Европы
gameplay:GameplayStrings_Flashback:189:SPY_InvCloseShave,GameplayStrings_Flashback,189,Операция «Наголо»
gameplay:GameplayStrings_Flashback:190:SPY_InvDarkGoose,GameplayStrings_Flashback,190,Операция «Тёмная гусыня»
gameplay:GameplayStrings_Flashback:191:SPY_InvDragonfly,GameplayStrings_Flashback,191,Операция «Стрекоза»
gameplay:GameplayStrings_Flashback:192:SPY_InvDutchess,GameplayStrings_Flashback,192,Операция «Герцогиня»
gameplay:GameplayStrings_Flashback:193:SPY_InvGoldSaucer,GameplayStrings_Flashback,193,Операция «Золотая блюдце»
gameplay:GameplayStrings_Flashback:194:SPY_InvRatio,GameplayStrings_Flashback,194,Операция «Пропорции»
gameplay:GameplayStrings_Flashback:195:SPY_InvGisbornePersonnel,GameplayStrings_Flashback,195,Личное дело
gameplay:GameplayStrings_Flashback:196:SPY_InvSuccession,GameplayStrings_Flashback,196,План преемственности
gameplay:GameplayStrings_Flashback:197:SPY_InvGeigerCounter,GameplayStrings_Flashback,197,Дозиметр
gameplay:GameplayStrings_Flashback:198:SPY_InvChefsKeys,GameplayStrings_Flashback,198,Ключи повара
gameplay:GameplayStrings_Flashback:199:SPY_InvCitySkyline,GameplayStrings_Flashback,199,«Панорама города»
gameplay:GameplayStrings_Flashback:200:SPY_InvMysteriousRing,GameplayStrings_Flashback,200,Загадочное кольцо
gameplay:GameplayStrings_Flashback:201:SPY_InvEvidence,GameplayStrings_Flashback,201,Компрометирующие улики
gameplay:GameplayStrings_Flashback:202:SPY_InvGisborneLockpick,GameplayStrings_Flashback,202,Отмычки Гисборна
gameplay:GameplayStrings_Flashback:203:SPY_InvKitchetronProng,GameplayStrings_Flashback,203,Шип Кичетрона
gameplay:GameplayStrings_Flashback:204:SPY_InvMonstrongBoltcutter,GameplayStrings_Flashback,204,Болторезы Монстронга
gameplay:GameplayStrings_Flashback:205:SPY_InvRejectionLetter,GameplayStrings_Flashback,205,Письмо с отказом
gameplay:GameplayStrings_Flashback:206:SPY_InvCarSchematic,GameplayStrings_Flashback,206,Схема автомобиля
gameplay:GameplayStrings_Flashback:207:SPY_InvDumbwaiter,GameplayStrings_Flashback,207,Схема лифта для подачи еды
gameplay:GameplayStrings_Flashback:208:SPY_InvFountain,GameplayStrings_Flashback,208,Схема фонтана
gameplay:GameplayStrings_Flashback:209:SPY_InvLockSchematic,GameplayStrings_Flashback,209,Схема замка
gameplay:GameplayStrings_Flashback:210:SPY_InvInventorySheet,GameplayStrings_Flashback,210,Лист инвентаря
gameplay:GameplayStrings_Flashback:211:SPY_InvLetter,GameplayStrings_Flashback,211,Письмо от руки
gameplay:GameplayStrings_Flashback:212:SPY_ReverseGear,GameplayStrings_Flashback,212,R
gameplay:GameplayStrings_Flashback:213:SPY_GotYourBack,GameplayStrings_Flashback,213,"Я прикрою тебя, директор."
gameplay:GameplayStrings_Flashback:214:SPY_GuyUK,GameplayStrings_Flashback,214,"Лондон, Великобритания"
gameplay:GameplayStrings_Flashback:215:SPY_GuyIceland,GameplayStrings_Flashback,215,"Рейкьявик, Исландия"
gameplay:GameplayStrings_Flashback:216:SPY_GuyFinland,GameplayStrings_Flashback,216,"Хельсинки, Финляндия"
gameplay:GameplayStrings_Flashback:217:SPY_GuyPoland,GameplayStrings_Flashback,217,"Варшава, Польша"
gameplay:GameplayStrings_Flashback:218:SPY_GuyRomania,GameplayStrings_Flashback,218,"Бухарест, Румыния"
gameplay:GameplayStrings_Flashback:219:SPY_GuyItaly,GameplayStrings_Flashback,219,"Рим, Италия"
gameplay:GameplayStrings_Flashback:220:SPY_GuyGreece,GameplayStrings_Flashback,220,"Афины, Греция"
gameplay:GameplayStrings_Flashback:221:SPY_GuyMadrid,GameplayStrings_Flashback,221,"Мадрид, Испания"
gameplay:GameplayStrings_Flashback:222:SPY_GuyPortugal,GameplayStrings_Flashback,222,"Лиссабон, Португалия"
gameplay:GameplayStrings_Flashback:223:SPY_Safehouse,GameplayStrings_Flashback,223,Секретная база Гая
gameplay:GameplayStrings_Flashback:224:SPY_GuyFrance,GameplayStrings_Flashback,224,"Париж, Франция"
gameplay:GameplayStrings_Flashback:225:SPY_EngineOff,GameplayStrings_Flashback,225,Двигатель заглушён…
gameplay:GameplayStrings_Flashback:226:SPY_EnginePrompt,GameplayStrings_Flashback,226,Странный двигатель. Если бы в нём было топливо…
gameplay:GameplayStrings_Flashback:227:SPY_EngineOn,GameplayStrings_Flashback,227,"Слушай, как он урчит!"
gameplay:GameplayStrings_Flashback:228:SPY_BioFuel,GameplayStrings_Flashback,228,Биотопливо из кукурузы
gameplay:GameplayStrings_Flashback:229:SPY_MadsSecretCar,GameplayStrings_Flashback,229,Как она умудрилась поднять эту штуку на второй этаж?
gameplay:GameplayStrings_Flashback:230:SPY_IntroClueA,GameplayStrings_Flashback,230,Выбор за тобой! Кого ты обвинишь?
gameplay:GameplayStrings_Flashback:231:SPY_IntroClueB,GameplayStrings_Flashback,231,"Если нет ни малейшей догадки — просто угадай. (Это же честно, правда?)"
gameplay:GameplayStrings_Flashback:232:SPY_AccuseMadsHeader,GameplayStrings_Flashback,232,Обвинить проф. Монстронг
gameplay:GameplayStrings_Flashback:233:SPY_AccuseMadsHeaderB,GameplayStrings_Flashback,233,Раскрыть автомобильный инцидент
gameplay:GameplayStrings_Flashback:234:SPY_AccuseGuyHeader,GameplayStrings_Flashback,234,Обвинить проф. Гисборна
gameplay:GameplayStrings_Flashback:235:SPY_AccuseGuyHeaderB,GameplayStrings_Flashback,235,Раскрыть международный заговор
gameplay:GameplayStrings_Flashback:236:SPY_AccuseChefHeader,GameplayStrings_Flashback,236,Обвинить повара Кэллиона
gameplay:GameplayStrings_Flashback:237:SPY_AccuseChefHeaderB,GameplayStrings_Flashback,237,Раскрыть необычный рецепт
gameplay:GameplayStrings_Flashback:238:SPY_ClueMadsA,GameplayStrings_Flashback,238,Ты решил обвинить проф. Монстронг!
gameplay:GameplayStrings_Flashback:239:SPY_ClueMadsB,GameplayStrings_Flashback,239,Отказ! Отказ! Отказ!
gameplay:GameplayStrings_Flashback:240:SPY_ClueMadsC,GameplayStrings_Flashback,240,Сначала укажи мотив преступления: Горацио отказывал ей во всём.
gameplay:GameplayStrings_Flashback:241:SPY_ClueMadsD,GameplayStrings_Flashback,241,Один или два болта? Это не сходится с уликами.
gameplay:GameplayStrings_Flashback:242:SPY_ClueMadsE,GameplayStrings_Flashback,242,Поймай её на лжи о похищенных запасах…
gameplay:GameplayStrings_Flashback:243:SPY_ClueEvidence,GameplayStrings_Flashback,243,Собери улики со стола.
gameplay:GameplayStrings_Flashback:244:SPY_ClueMadsF,GameplayStrings_Flashback,244,"Она украла медные болты, но фонтану нужны…"
gameplay:GameplayStrings_Flashback:245:SPY_ClueMadsG,GameplayStrings_Flashback,245,И ещё одна ложь про фонтан! Ты на верном пути.
gameplay:GameplayStrings_Flashback:246:SPY_ClueMadsH,GameplayStrings_Flashback,246,Ты видел эти наклейки с наградами где-нибудь ещё?
gameplay:GameplayStrings_Flashback:247:SPY_ClueMadsI,GameplayStrings_Flashback,247,Расставь все пять наград в хронологическом порядке.
gameplay:GameplayStrings_Flashback:248:SPY_ClueMadsJ,GameplayStrings_Flashback,248,20 лет мастерства: это 1943 год.
gameplay:GameplayStrings_Flashback:249:SPY_ClueMadsK,GameplayStrings_Flashback,249,"Расставь награды за мастерство Монстронг по порядку, чтобы открыть её ящик с инструментами."
gameplay:GameplayStrings_Flashback:250:SPY_ClueMadsL,GameplayStrings_Flashback,250,"Врум, врум!"
gameplay:GameplayStrings_Flashback:251:SPY_ClueMadsM,GameplayStrings_Flashback,251,"...и узнай, что она строила суперкар!"
gameplay:GameplayStrings_Flashback:252:SPY_ClueMadsN,GameplayStrings_Flashback,252,"Найди, что не так на этом фото."
gameplay:GameplayStrings_Flashback:253:SPY_ClueMadsO,GameplayStrings_Flashback,253,Внимательно посмотри на фон.
gameplay:GameplayStrings_Flashback:254:SPY_ClueMadsP,GameplayStrings_Flashback,254,"Узнай, что её преступление произошло после «Комнаты соперников»!"
gameplay:GameplayStrings_Flashback:255:SPY_ClueMadsQ,GameplayStrings_Flashback,255,"Похоже, профессор Монстронг всё-таки не виновата. Неловко."
gameplay:GameplayStrings_Flashback:256:SPY_ClueGuyA,GameplayStrings_Flashback,256,Ты решил обвинить профессора Гизборна!
gameplay:GameplayStrings_Flashback:257:SPY_ClueGuyB,GameplayStrings_Flashback,257,Король мёртв! Да здравствует...
gameplay:GameplayStrings_Flashback:258:SPY_ClueGuyC,GameplayStrings_Flashback,258,Сначала укажи мотив преступления: Гай следующий в очереди на пост директора!
gameplay:GameplayStrings_Flashback:259:SPY_ClueGuyD,GameplayStrings_Flashback,259,Почему бы это не могло быть празднованием дня рождения Горацио?
gameplay:GameplayStrings_Flashback:260:SPY_ClueGuyE,GameplayStrings_Flashback,260,Поймай его на лжи про «Операцию Рэйо»...
gameplay:GameplayStrings_Flashback:261:SPY_ClueGuyF,GameplayStrings_Flashback,261,В его первом заявлении что-то не так.
gameplay:GameplayStrings_Flashback:262:SPY_ClueGuyG,GameplayStrings_Flashback,262,И ещё одна ложь про его недавние поездки. Ты на верном пути.
gameplay:GameplayStrings_Flashback:263:SPY_ClueGuyH,GameplayStrings_Flashback,263,Расставь операции профессора по порядку.
gameplay:GameplayStrings_Flashback:264:SPY_ClueGuyI,GameplayStrings_Flashback,264,Проведи линию от тайника Гая к месту каждого ограбления.
gameplay:GameplayStrings_Flashback:265:SPY_ClueGuyJ,GameplayStrings_Flashback,265,"Расставь ограбления Гизборна по порядку, чтобы открыть его портфель."
gameplay:GameplayStrings_Flashback:266:SPY_ClueGuyK,GameplayStrings_Flashback,266,Ты видел эти подсолнухи где-нибудь ещё?
gameplay:GameplayStrings_Flashback:267:SPY_ClueGuyL,GameplayStrings_Flashback,267,"...и узнай, что он планировал ограбить директора!"
gameplay:GameplayStrings_Flashback:268:SPY_ClueGuyM,GameplayStrings_Flashback,268,Есть какие-нибудь чеки?
gameplay:GameplayStrings_Flashback:269:SPY_ClueGuyN,GameplayStrings_Flashback,269,Но это было ради благих целей.
gameplay:GameplayStrings_Flashback:270:SPY_ClueGuyO,GameplayStrings_Flashback,270,"Похоже, профессор Гизборн всё-таки не виноват. Неловко."
gameplay:GameplayStrings_Flashback:271:SPY_ClueChefA,GameplayStrings_Flashback,271,Ты решил обвинить повара Кэллиона!
gameplay:GameplayStrings_Flashback:272:SPY_ClueChefB,GameplayStrings_Flashback,272,Деньги — мотив многих преступлений.
gameplay:GameplayStrings_Flashback:273:SPY_ClueChefC,GameplayStrings_Flashback,273,Сначала укажи мотив преступления: повар расстроен сокращением бюджета.
gameplay:GameplayStrings_Flashback:274:SPY_ClueChefD,GameplayStrings_Flashback,274,Тебе стоит заглянуть в свод правил повара.
gameplay:GameplayStrings_Flashback:275:SPY_ClueChefE,GameplayStrings_Flashback,275,Правда скрыта в сносках.
gameplay:GameplayStrings_Flashback:276:SPY_ClueChefF,GameplayStrings_Flashback,276,"Разоблачи ложь о том, что он сделал с приманкой."
gameplay:GameplayStrings_Flashback:277:SPY_ClueChefG,GameplayStrings_Flashback,277,И ещё одно противоречие в его своде правил. Ты на верном пути.
gameplay:GameplayStrings_Flashback:278:SPY_ClueChefH,GameplayStrings_Flashback,278,Ты видел точки или штрихи где-нибудь ещё?
gameplay:GameplayStrings_Flashback:279:SPY_ClueChefH2,GameplayStrings_Flashback,279,"Первая буква — «Б», как «Брокколи»…"
gameplay:GameplayStrings_Flashback:280:SPY_ClueChefI,GameplayStrings_Flashback,280,"Расшифруй закодированные рецепты повара, чтобы открыть его портфель."
gameplay:GameplayStrings_Flashback:281:SPY_ClueChefJ,GameplayStrings_Flashback,281,В воде теперь кровь.
gameplay:GameplayStrings_Flashback:282:SPY_ClueChefK,GameplayStrings_Flashback,282,"...и узнай, что он кормил акул!"
gameplay:GameplayStrings_Flashback:283:SPY_ClueChefL,GameplayStrings_Flashback,283,Повар записал свои мотивы где-то.
gameplay:GameplayStrings_Flashback:284:SPY_ClueChefM,GameplayStrings_Flashback,284,Но это было ради вашей безопасности.
gameplay:GameplayStrings_Flashback:285:SPY_ClueChefN,GameplayStrings_Flashback,285,"Похоже, повар Кэллион не виноват... или всё-таки да?"
gameplay:GameplayStrings_Flashback:286:SPY_BiofuelCallout,GameplayStrings_Flashback,286,Биотопливо повара Кэллиона
gameplay:GameplayStrings_Flashback:287:SPY_NuclearSabotage,GameplayStrings_Flashback,287,«Ого! На всех местах преступлений обнаружены следы ядерных отходов. Но у кого есть доступ к такой технологии?»
gameplay:GameplayStrings_Flashback:288:SPY_WhiskLabel,GameplayStrings_Flashback,288,"Я не знал, что у повара такая каша в голове."
gameplay:GameplayStrings_Flashback:289:SPY_KnifeLabel,GameplayStrings_Flashback,289,У повара открутилась гайка!
gameplay:GameplayStrings_Flashback:290:SPY_SpatulaLabel,GameplayStrings_Flashback,290,"Спокойно, не выходи из себя."
gameplay:GameplayStrings_Flashback:291:SPY_StrawLabel,GameplayStrings_Flashback,291,Дела становятся безумными.
gameplay:GameplayStrings_Flashback:292:SPY_NuclearCodes,GameplayStrings_Flashback,292,[Ядерные коды]<br>Вино<br>Милкшейк<br>Капкейк<br>Панкейк<br>Кухонный шкаф
gameplay:GameplayStrings_Flashback:293:SPY_NuclearCodesHeader,GameplayStrings_Flashback,293,Ядерные коды
gameplay:GameplayStrings_Flashback:294:SPY_WireCutWarning,GameplayStrings_Flashback,294,Перерезать этот провод?<br><color=red>Если ошибусь — всё пропало!</color>
gameplay:GameplayStrings_Flashback:295:SPY_KnifeGuy,GameplayStrings_Flashback,295,Кинжал профессора Гизборна
gameplay:GameplayStrings_Flashback:296:SPY_KnifeChef,GameplayStrings_Flashback,296,Нож повара Кэллиона
gameplay:GameplayStrings_Flashback:297:SPY_KnifeMads,GameplayStrings_Flashback,297,Канцелярский нож профессора Монстронг
gameplay:GameplayStrings_Flashback:298:SPY_KnifeMadsLabel,GameplayStrings_Flashback,298,"Могучее оружие, если она чувствует себя загнанной в угол."
gameplay:GameplayStrings_Flashback:299:SPY_NukeBattery,GameplayStrings_Flashback,299,<color=red>Перегрев ядерного реактора!</color>
gameplay:GameplayStrings_Flashback:300:SPY_NukeJoke,GameplayStrings_Flashback,300,"Хорошо, что у профессора был под рукой счётчик Гейгера."
gameplay:GameplayStrings_Flashback:301:SPY_Glasses,GameplayStrings_Flashback,301,У Виндзора не может быть столько друзей.
gameplay:GameplayStrings_Flashback:302:SPY_HotStuff,GameplayStrings_Flashback,302,"«Заметка себе: сегодня я не умру, горячая штучка»."
gameplay:GameplayStrings_Flashback:303:SPY_EscapistTimes,GameplayStrings_Flashback,303,«Время эскапистов» – «Курение признано причиной смерти в четырёх из пяти убийств»
gameplay:GameplayStrings_Flashback:304:SPY_Armor1,GameplayStrings_Flashback,304,"Должно быть, для большой двери."
gameplay:GameplayStrings_Flashback:305:SPY_Armor2,GameplayStrings_Flashback,305,"Это же <i>рыцарские</i> доспехи, приятель."
gameplay:GameplayStrings_Flashback:306:SPY_ExhibitA,GameplayStrings_Flashback,306,«Вещдок А: Опора перched Горацио… корродирована в слабых местах. Это было тактически…»
gameplay:GameplayStrings_Flashback:307:SPY_ExhibitB,GameplayStrings_Flashback,307,"«Вещдок Б: Основание пусковой площадки тоже корродировано, на стабилизаторе обнаружены брызги кислоты…»"
gameplay:GameplayStrings_Flashback:308:SPY_ExhibitC,GameplayStrings_Flashback,308,"«Вещдок В: Подозрительная активность в шахте лифта. Та же самая субстанция, что и на других местах преступления, ослабила стены…»"
gameplay:GameplayStrings_Flashback:309:SPY_ExhibitD,GameplayStrings_Flashback,309,"«Вещдок Г: Эти огурцы слегка светятся, как та субстанция, которую я находил. Токсичны? Облучены? Проведу тесты…»"
gameplay:GameplayStrings_Flashback:310:SPY_ExhibitE,GameplayStrings_Flashback,310,"«Похоже, на каждом месте преступления есть следы радиоактивной кислоты… Надеюсь, это не навредит моему здоровью»."
gameplay:GameplayStrings_Flashback:311:SPY_WhoWouldKill,GameplayStrings_Flashback,311,«Кто мог бы захотеть убить Горацио? Ну… много кто».
gameplay:GameplayStrings_Flashback:312:SPY_GuyChair,GameplayStrings_Flashback,312,Здесь Гай размышляет?
gameplay:GameplayStrings_Flashback:313:SPY_Train,GameplayStrings_Flashback,313,Эта неделя и вправду вышла из колеи.
gameplay:GameplayStrings_Flashback:314:SPY_MadsPapers,GameplayStrings_Flashback,314,Напоминание: найти еще пару запчастей для секретного проекта. Никто их не заметит…
gameplay:GameplayStrings_Flashback:315:SPY_Screwed,GameplayStrings_Flashback,315,"Если мы не решим это, нам конец."
gameplay:GameplayStrings_Flashback:316:SPY_PaperTowels,GameplayStrings_Flashback,316,Кто-то должен убрать этот бардак.
gameplay:GameplayStrings_Flashback:317:SPY_Anvil,GameplayStrings_Flashback,317,"Лучше продолжать ковать железо, пока горячо."
gameplay:GameplayStrings_Flashback:318:SPY_RocketCar,GameplayStrings_Flashback,318,"Это… машина с ракетой на крыше? Хорошо, что она от этой идеи отказалась."
gameplay:GameplayStrings_Flashback:319:SPY_Drumset,GameplayStrings_Flashback,319,Я ищу улику… или тарелку!
gameplay:GameplayStrings_Flashback:320:SPY_CatClock,GameplayStrings_Flashback,320,Ты на меня смотришь?
gameplay:GameplayStrings_Flashback:321:SPY_ChefTypewriter,GameplayStrings_Flashback,321,Горацио… У меня просто нет слов. Ты не можешь так со мной поступать и игнорировать меня!
gameplay:GameplayStrings_Flashback:322:SPY_ChefFiles,GameplayStrings_Flashback,322,"Заявка на усиление протоколов безопасности, попытка №9"
gameplay:GameplayStrings_Flashback:323:SPY_Table,GameplayStrings_Flashback,323,Давай отложим это на потом.
gameplay:GameplayStrings_Flashback:324:SPY_Globe,GameplayStrings_Flashback,324,"Интересно, куда меня отправят, если меня отчислят…"
gameplay:GameplayStrings_Flashback:325:SPY_EscapistTimes1,GameplayStrings_Flashback,325,«Время эскапистов» – «Курение признано причиной смерти в четырёх из пяти убийств»
gameplay:GameplayStrings_Flashback:326:SPY_PuzzleMads,GameplayStrings_Flashback,326,Добуриться до правды
gameplay:GameplayStrings_Flashback:327:SPY_GetAccused,GameplayStrings_Flashback,327,Тебя подставили
gameplay:GameplayStrings_Flashback:328:SPY_GetAccusedA,GameplayStrings_Flashback,328,"Ты думал, что нашёл виновника…"
gameplay:GameplayStrings_Flashback:329:SPY_GetAccusedB,GameplayStrings_Flashback,329,Но все повернулись против тебя. Пора заняться расследованием.
gameplay:GameplayStrings_Flashback:330:SPY_MadsInvA,GameplayStrings_Flashback,330,Загляни в кабинет повара Кэллиона и одолжи немного топлива.
gameplay:GameplayStrings_Flashback:331:SPY_MadsInvB,GameplayStrings_Flashback,331,Залей его!
gameplay:GameplayStrings_Flashback:332:SPY_MadsInvC,GameplayStrings_Flashback,332,Потом зайди в кабинет Монстра. Заправь экспериментальный двигатель.
gameplay:GameplayStrings_Flashback:333:SPY_MadsInvD,GameplayStrings_Flashback,333,Первая передача = черепаха. Вторая передача = акула…
gameplay:GameplayStrings_Flashback:334:SPY_MadsInvE,GameplayStrings_Flashback,334,Какая из них черепаха? А какая акула?
gameplay:GameplayStrings_Flashback:335:SPY_MadsInvF,GameplayStrings_Flashback,335,"Открой гараж, сопоставив животных с номерными знаками…"
gameplay:GameplayStrings_Flashback:336:SPY_MadsInvG,GameplayStrings_Flashback,336,И забирай огромный бур!
gameplay:GameplayStrings_Flashback:337:SPY_GuyInvA,GameplayStrings_Flashback,337,"Далее, зайди в кабинет джентльмен-вора: Гая Гисборна."
gameplay:GameplayStrings_Flashback:338:SPY_GuyInvB,GameplayStrings_Flashback,338,Найди на его столе подозрительное кольцо и картину.
gameplay:GameplayStrings_Flashback:339:SPY_GuyInvC,GameplayStrings_Flashback,339,"Используй их вместе, чтобы вскрыть запертый шкаф профессора."
gameplay:GameplayStrings_Flashback:340:SPY_GuyInvD,GameplayStrings_Flashback,340,…И унеси его счетчик Гейгера.
gameplay:GameplayStrings_Flashback:341:SPY_GuyInvE,GameplayStrings_Flashback,341,Этот символ глаза мне что-то напоминает…
gameplay:GameplayStrings_Flashback:342:SPY_GuyInvF,GameplayStrings_Flashback,342,Форма этих зданий мне что-то говорит…
gameplay:GameplayStrings_Flashback:343:SPY_GuyInvG,GameplayStrings_Flashback,343,Фигуры на этом кольце мне что-то напоминают…
gameplay:GameplayStrings_Flashback:344:SPY_GuyInvH,GameplayStrings_Flashback,344,Красивая картина!
gameplay:GameplayStrings_Flashback:345:SPY_InvKnockClue,GameplayStrings_Flashback,345,Тук-тук.
gameplay:GameplayStrings_Flashback:346:SPY_PuzzleChef,GameplayStrings_Flashback,346,Найди лопатку-улику
gameplay:GameplayStrings_Flashback:347:SPY_ChefInvA,GameplayStrings_Flashback,347,"Оно не должно светиться, верно?"
gameplay:GameplayStrings_Flashback:348:SPY_ChefInvB,GameplayStrings_Flashback,348,С помощью счетчика Гейгера виден странный свет.
gameplay:GameplayStrings_Flashback:349:SPY_ChefInvC,GameplayStrings_Flashback,349,Хранитке Kitche-tron не устоять перед промышленным буром!
gameplay:GameplayStrings_Flashback:350:SPY_ChefInvD,GameplayStrings_Flashback,350,"Ты знаешь, что делать!"
gameplay:GameplayStrings_Flashback:351:SPY_ChefInvE,GameplayStrings_Flashback,351,В секретной хранилке повара — целое сокровище улик!
gameplay:GameplayStrings_Flashback:352:SPY_ChefInvF,GameplayStrings_Flashback,352,Закрой это дело!
gameplay:GameplayStrings_Flashback:353:SPY_ChefInvG,GameplayStrings_Flashback,353,"Используй это, чтобы вменить вину повару Кэллиону."
gameplay:GameplayStrings_Flashback:354:SPY_ChefInvH,GameplayStrings_Flashback,354,Вернись в кабинет повара. Счетчик Гейгера показывает странный свет.
gameplay:GameplayStrings_Flashback:355:SPY_BombReviewA,GameplayStrings_Flashback,355,Возьми отвертку из Kitche-tron.
gameplay:GameplayStrings_Flashback:356:SPY_BombReviewB,GameplayStrings_Flashback,356,"Открути боковую панель, чтобы получить доступ к внутренностям."
gameplay:GameplayStrings_Flashback:357:SPY_BombReviewC,GameplayStrings_Flashback,357,"Перемещай переключатели, чтобы получить доступ к ядерным кодам."
gameplay:GameplayStrings_Flashback:358:SPY_BombReviewD,GameplayStrings_Flashback,358,Переведи рецепт в последовательность азбуки Морзе и введи ее.
gameplay:GameplayStrings_Flashback:359:SPY_BombReviewE,GameplayStrings_Flashback,359,"Быстро посчитай, какие провода нужно перерезать."
gameplay:GameplayStrings_Flashback:360:SPY_BombReviewF,GameplayStrings_Flashback,360,Ядерное ядро освобождено! Но оно все еще горячее!
gameplay:GameplayStrings_Flashback:361:SPY_BombReviewG,GameplayStrings_Flashback,361,"Положи его на лед, чтобы снять ядерную угрозу."
gameplay:GameplayStrings_Flashback:362:SPY_BombClueA,GameplayStrings_Flashback,362,"Поверни ручку, получи приз."
gameplay:GameplayStrings_Flashback:363:SPY_BombClueA2,GameplayStrings_Flashback,363,"Переверни его, затем открути панель."
gameplay:GameplayStrings_Flashback:364:SPY_BombClueB,GameplayStrings_Flashback,364,Соедини каждое число с его парой.
gameplay:GameplayStrings_Flashback:365:SPY_BombClueC,GameplayStrings_Flashback,365,Вино? У Kitche-tron есть инструмент для этого?
gameplay:GameplayStrings_Flashback:366:SPY_BombClueD,GameplayStrings_Flashback,366,Точки и тире… ты где-то это видел?
gameplay:GameplayStrings_Flashback:367:SPY_BombClueD2,GameplayStrings_Flashback,367,"Начинается с «тире, тире, точка, точка»…"
gameplay:GameplayStrings_Flashback:368:SPY_BombClueE,GameplayStrings_Flashback,368,Внимательно рассмотри каждый символ. Сложение или вычитание?
gameplay:GameplayStrings_Flashback:369:SPY_BombClueF,GameplayStrings_Flashback,369,Круг – Круг = Луна
gameplay:GameplayStrings_Flashback:370:SPY_BombClueG,GameplayStrings_Flashback,370,"Пока ядро горячее, оно опасно!"
gameplay:GameplayStrings_Flashback:371:SPY_BombPuzzleA,GameplayStrings_Flashback,371,Разберти Китче-трон 3000
gameplay:GameplayStrings_Flashback:372:SPY_BombPuzzleB,GameplayStrings_Flashback,372,Обезвредь ядерное ядро
gameplay:GameplayStrings_Flashback:373:SPY_Icebucket,GameplayStrings_Flashback,373,Морозно!
gameplay:GameplayStrings_Flashback:374:SPY_IcebucketWrong,GameplayStrings_Flashback,374,Давай отложим эту идею на потом.
gameplay:GameplayStrings_Flashback:375:SPY_Pickles2,GameplayStrings_Flashback,375,«Вещдок D2: обычные огурцы. Отмечается полное отсутствие свечения».
gameplay:GameplayStrings_Flashback:376:SPY_ChefDossierLabel,GameplayStrings_Flashback,376,"Может, повар Кэллион и есть виновник?"
gameplay:GameplayStrings_Flashback:377:SPY_GisborneDossierLabel,GameplayStrings_Flashback,377,"Может, профессор Гисборн и есть виновник?"
gameplay:GameplayStrings_Flashback:378:SPY_MonstrongDossierLabel,GameplayStrings_Flashback,378,"Может, профессор Монстронг и есть виновница?"
gameplay:GameplayStrings_Flashback:379:SPY_MadsGuilty,GameplayStrings_Flashback,379,"«Мэдлин никогда не скрывала своей ненависти к Горацио… может, это она?»"
gameplay:GameplayStrings_Flashback:380:SPY_ChefGuilty,GameplayStrings_Flashback,380,"«Повар, похоже, часто на грани из-за сюрпризов Горацио… Неужели ему стало слишком тяжело?»"
gameplay:GameplayStrings_Flashback:381:SPY_PuzzleGuy,GameplayStrings_Flashback,381,Найди дозиметр
gameplay:GameplayStrings_Flashback:383:YUM_BurgerTrain,GameplayStrings_Flashback,383,Время главного блюда: бургеры!
gameplay:GameplayStrings_Flashback:384:YUM_BurgerTrainWrong,GameplayStrings_Flashback,384,У меня есть претензии к такому обслуживанию.
gameplay:GameplayStrings_Flashback:385:YUM_DessertTrain,GameplayStrings_Flashback,385,Десерт за счёт заведения!
gameplay:GameplayStrings_Flashback:386:YUM_DessertTrainWrong,GameplayStrings_Flashback,386,Так не пойдёт!
gameplay:GameplayStrings_Flashback:387:YUM_SaladShooterNoPower,GameplayStrings_Flashback,387,Салат-шутер не подключён к сети.
gameplay:GameplayStrings_Flashback:388:YUM_StayInKitchen,GameplayStrings_Flashback,388,Мне нужно остаться здесь и выполнять заказы!
gameplay:GameplayStrings_Flashback:389:YUM_KitchetronLock,GameplayStrings_Flashback,389,"Чёрт, это замок Китче-трона! Как мне открыть эту штуку?"
gameplay:GameplayStrings_Flashback:390:YUM_KitchenDoorClue,GameplayStrings_Flashback,390,«Китче-трон 3000»? Что это такое?
gameplay:GameplayStrings_Flashback:391:YUM_KitchenDoorClueB,GameplayStrings_Flashback,391,"Ну, я уже знаю, что делать."
gameplay:GameplayStrings_Flashback:392:YUM_ExtraProduce,GameplayStrings_Flashback,392,Хотя бы припасов хватает!
gameplay:GameplayStrings_Flashback:393:YUM_SoupTrain,GameplayStrings_Flashback,393,"Горячий суп, подаём!"
gameplay:GameplayStrings_Flashback:394:YUM_SoupTrainWrong,GameplayStrings_Flashback,394,Тебе супа не будет.
gameplay:GameplayStrings_Flashback:395:YUM_SoupNoBroth,GameplayStrings_Flashback,395,В нём даже бульона нет!
gameplay:GameplayStrings_Flashback:396:YUM_SoupCuttingBoard,GameplayStrings_Flashback,396,Что мне использовать для этого супа?
gameplay:GameplayStrings_Flashback:397:YUM_SoupCuttingBoardWrong,GameplayStrings_Flashback,397,Не думаю...
gameplay:GameplayStrings_Flashback:398:YUM_BlockOutsideAccess,GameplayStrings_Flashback,398,"Мне нужно в кухню, а не на улицу."
gameplay:GameplayStrings_Flashback:399:YUM_SoupNoDump,GameplayStrings_Flashback,399,Слишком поздно выбрасывать... оно уже перемешано!
gameplay:GameplayStrings_Flashback:400:YUM_SaladIngredientPlates,GameplayStrings_Flashback,400,"Ладно, какие фрукты и овощи идут в этот салат?"
gameplay:GameplayStrings_Flashback:401:YUM_SaladIngredientPlatesWrong,GameplayStrings_Flashback,401,Надо придерживаться рецепта...
gameplay:GameplayStrings_Flashback:402:YUM_Award1,GameplayStrings_Flashback,402,"«Награда за послушного робота». Ладно, это просто пассивная агрессия."
gameplay:GameplayStrings_Flashback:403:YUM_Award2,GameplayStrings_Flashback,403,«Достижение: следование правилам».
gameplay:GameplayStrings_Flashback:404:YUM_PoisonedFaculty,GameplayStrings_Flashback,404,"Им нужен антидот, СРОЧНО!"
gameplay:GameplayStrings_Flashback:405:YUM_JelloDisplayLocked,GameplayStrings_Flashback,405,Двери заперты.
gameplay:GameplayStrings_Flashback:406:YUM_SaladNoThrowAway,GameplayStrings_Flashback,406,"Мне нужно сначала приготовить салат, чтобы его выбросить!"
gameplay:GameplayStrings_Flashback:407:YUM_SaladTrain,GameplayStrings_Flashback,407,"Ладно, первое блюдо — салат. Подаём!"
gameplay:GameplayStrings_Flashback:408:YUM_SaladTrainWrong,GameplayStrings_Flashback,408,Это не салат!
gameplay:GameplayStrings_Flashback:409:YUM_MoreVeggies,GameplayStrings_Flashback,409,Нужно больше овощей!
gameplay:GameplayStrings_Flashback:410:YUM_KitchetronAttach,GameplayStrings_Flashback,410,Это насадка Китче-трона...
gameplay:GameplayStrings_Flashback:411:YUM_CulinaryLaw,GameplayStrings_Flashback,411,«Кулинарное право»
gameplay:GameplayStrings_Flashback:412:YUM_CookbookClue,GameplayStrings_Flashback,412,"Сесам, откройся. Это подставка для кулинарной книги."
gameplay:GameplayStrings_Flashback:413:YUM_HourglassLabel,GameplayStrings_Flashback,413,Я не могу терпеть эти штуки.
gameplay:GameplayStrings_Flashback:414:YUM_ReceiptsCollection,GameplayStrings_Flashback,414,"Чеки на всё, что когда-либо покупали для кухни, в алфавитном порядке"
gameplay:GameplayStrings_Flashback:415:YUM_MostOrganized,GameplayStrings_Flashback,415,"«Награда самому организованному сотруднику». Похоже, повар выигрывает каждый раз."
gameplay:GameplayStrings_Flashback:416:YUM_ChefTidy,GameplayStrings_Flashback,416,"Повар, похоже, держит здесь всё в идеальном порядке."
gameplay:GameplayStrings_Flashback:417:YUM_CookingInstrumentsMusical,GameplayStrings_Flashback,417,«Кухонные приборы — как музыкальные инструменты: нужно заставить их петь!»
gameplay:GameplayStrings_Flashback:418:YUM_CookingPainting,GameplayStrings_Flashback,418,«Готовка еды — как рисование картины».
gameplay:GameplayStrings_Flashback:419:YUM_PoisonsExpert,GameplayStrings_Flashback,419,«Эксперт по ядам и антидотам»
gameplay:GameplayStrings_Flashback:420:YUM_TasteEscapeChamp,GameplayStrings_Flashback,420,«Чемпион по вкусу побегов»
gameplay:GameplayStrings_Flashback:421:YUM_CleanestSurface,GameplayStrings_Flashback,421,«Награда за самую чистую рабочую поверхность»
gameplay:GameplayStrings_Flashback:422:YUM_OrganizedKitchen,GameplayStrings_Flashback,422,«Награда за самую организованную кухню»
gameplay:GameplayStrings_Flashback:423:YUM_MysteriousRecipe,GameplayStrings_Flashback,423,"«Награда за самую загадочную рецептуру, 1948»"
gameplay:GameplayStrings_Flashback:424:YUM_BlendSoup,GameplayStrings_Flashback,424,Мне стоит взбить суп на Китче-троне?
gameplay:GameplayStrings_Flashback:425:YUM_KitchetronLabel,GameplayStrings_Flashback,425,«Китче-трон 3000». Выглядит дорого.
gameplay:GameplayStrings_Flashback:426:YUM_JukeboxPgE,GameplayStrings_Flashback,426,[E1] Решающее решение<br>[E2] Эй (партнёр!)<br>[E3] Среди цветов<br>[E4] Скиффл-шамбаль
gameplay:GameplayStrings_Flashback:427:YUM_JukeboxPgB,GameplayStrings_Flashback,427,[B1] Девушки держатся (вместе)<br>[B2] Летняя любовь<br>[B3] Поколение замков<br>[B4] Бессмысленный шёпот
gameplay:GameplayStrings_Flashback:428:YUM_JukeboxPgC,GameplayStrings_Flashback,428,[C1] Ключ к ритму<br>[C2] Не слишком джазово<br>[C3] Рок-час<br>[C4] Чуть мимо цели
gameplay:GameplayStrings_Flashback:429:YUM_JukeboxPgD,GameplayStrings_Flashback,429,"[D1] Дождь свободы<br>[D2] Прямо за закатом<br>[D3] Танцуй, танцуй!<br>[D4] Свинг вниз"
gameplay:GameplayStrings_Flashback:430:YUM_Gisborne,GameplayStrings_Flashback,430,Гисборн
gameplay:GameplayStrings_Flashback:431:YUM_Monstrong,GameplayStrings_Flashback,431,Монстронг
gameplay:GameplayStrings_Flashback:432:YUM_Windsor,GameplayStrings_Flashback,432,ВИНДЗОР
gameplay:GameplayStrings_Flashback:433:YUM_Chef,GameplayStrings_Flashback,433,Повар
gameplay:GameplayStrings_Flashback:434:YUM_Escape,GameplayStrings_Flashback,434,ПОБЕГ
gameplay:GameplayStrings_Flashback:435:YUM_Academy,GameplayStrings_Flashback,435,АКАДЕМИЯ
gameplay:GameplayStrings_Flashback:436:YUM_Diner,GameplayStrings_Flashback,436,ДИНЕР
gameplay:GameplayStrings_Flashback:437:YUM_TopSecret,GameplayStrings_Flashback,437,Секретно
gameplay:GameplayStrings_Flashback:438:YUM_Pantry,GameplayStrings_Flashback,438,Кладовая
gameplay:GameplayStrings_Flashback:439:YUM_KeyLimePie,GameplayStrings_Flashback,439,Пирог с лаймом?
gameplay:GameplayStrings_Flashback:440:YUM_Tips,GameplayStrings_Flashback,440,Подсказки
gameplay:GameplayStrings_Flashback:441:YUM_EscapistCookbook,GameplayStrings_Flashback,441,Кулинарная<br>книга эскаписта
gameplay:GameplayStrings_Flashback:442:YUM_Burgers,GameplayStrings_Flashback,442,Бургеры
gameplay:GameplayStrings_Flashback:443:YUM_Soup,GameplayStrings_Flashback,443,Суп
gameplay:GameplayStrings_Flashback:444:YUM_Course,GameplayStrings_Flashback,444,Блюдо
gameplay:GameplayStrings_Flashback:445:YUM_Dessert,GameplayStrings_Flashback,445,Десерт
gameplay:GameplayStrings_Flashback:446:YUM_Salt,GameplayStrings_Flashback,446,Соль
gameplay:GameplayStrings_Flashback:447:YUM_Open,GameplayStrings_Flashback,447,ОТКРОЙСЯ
gameplay:GameplayStrings_Flashback:448:YUM_SesamePhrase,GameplayStrings_Flashback,448,Сезам
gameplay:GameplayStrings_Flashback:449:YUM_OpenSesameLock,GameplayStrings_Flashback,449,"«Откройся, сезам». Что это значит?"
gameplay:GameplayStrings_Flashback:450:YUM_Ginger,GameplayStrings_Flashback,450,Имбирь
gameplay:GameplayStrings_Flashback:451:YUM_Salad,GameplayStrings_Flashback,451,Салат
gameplay:GameplayStrings_Flashback:452:YUM_Sesame,GameplayStrings_Flashback,452,Сезам
gameplay:GameplayStrings_Flashback:453:YUM_Nutmeg,GameplayStrings_Flashback,453,Мускатный орех
gameplay:GameplayStrings_Flashback:454:YUM_Pepper,GameplayStrings_Flashback,454,Перец
gameplay:GameplayStrings_Flashback:455:YUM_Garlic,GameplayStrings_Flashback,455,Чеснок
gameplay:GameplayStrings_Flashback:456:YUM_Elderflower,GameplayStrings_Flashback,456,Цветы бузины
gameplay:GameplayStrings_Flashback:457:YUM_Thyme,GameplayStrings_Flashback,457,Тимьян
gameplay:GameplayStrings_Flashback:458:YUM_Oregano,GameplayStrings_Flashback,458,Орегано
gameplay:GameplayStrings_Flashback:459:YUM_MysteryMeat,GameplayStrings_Flashback,459,Загадочное мясо
gameplay:GameplayStrings_Flashback:460:YUM_MysteryMeatBlanked,GameplayStrings_Flashback,460,Загадочное _ _ _ _
gameplay:GameplayStrings_Flashback:461:YUM_Antidote,GameplayStrings_Flashback,461,Молочный коктейль-антидот
gameplay:GameplayStrings_Flashback:462:YUM_BurgerRaw,GameplayStrings_Flashback,462,Ингредиенты для бургера
gameplay:GameplayStrings_Flashback:463:YUM_Cookbook,GameplayStrings_Flashback,463,Кулинарная книга
gameplay:GameplayStrings_Flashback:464:YUM_BurgerCooked,GameplayStrings_Flashback,464,Вкусные бургеры
gameplay:GameplayStrings_Flashback:465:YUM_BurgersWrong,GameplayStrings_Flashback,465,Творческие бургеры
gameplay:GameplayStrings_Flashback:466:YUM_SaladIngredients,GameplayStrings_Flashback,466,Ингредиенты для салата
gameplay:GameplayStrings_Flashback:467:YUM_SoupIngredients,GameplayStrings_Flashback,467,Ингредиенты для супа
gameplay:GameplayStrings_Flashback:468:YUM_GarlicSoup,GameplayStrings_Flashback,468,Чеснок
gameplay:GameplayStrings_Flashback:469:YUM_Kitchetron,GameplayStrings_Flashback,469,Китче-трон 3000
gameplay:GameplayStrings_Flashback:470:YUM_DeliciousSalad,GameplayStrings_Flashback,470,Вкусный салат
gameplay:GameplayStrings_Flashback:471:YUM_CreativeSalad,GameplayStrings_Flashback,471,Творческий салат
gameplay:GameplayStrings_Flashback:472:YUM_DeliciousSoup,GameplayStrings_Flashback,472,Вкусный суп
gameplay:GameplayStrings_Flashback:473:YUM_CreativeSoup,GameplayStrings_Flashback,473,Творческий суп
gameplay:GameplayStrings_Flashback:474:YUM_Trash,GameplayStrings_Flashback,474,Выбросить
gameplay:GameplayStrings_Flashback:475:YUM_Lettuce,GameplayStrings_Flashback,475,Латук
gameplay:GameplayStrings_Flashback:476:YUM_Apples,GameplayStrings_Flashback,476,Яблоки
gameplay:GameplayStrings_Flashback:477:YUM_Celery,GameplayStrings_Flashback,477,Сельдерей
gameplay:GameplayStrings_Flashback:478:YUM_Walnuts,GameplayStrings_Flashback,478,Орехи
gameplay:GameplayStrings_Flashback:479:YUM_Dressing,GameplayStrings_Flashback,479,Заправка
gameplay:GameplayStrings_Flashback:480:change,GameplayStrings_Flashback,480,Изменить
gameplay:GameplayStrings_Flashback:481:YUM_Carrots,GameplayStrings_Flashback,481,Морковь
gameplay:GameplayStrings_Flashback:482:YUM_Onions,GameplayStrings_Flashback,482,Лук
gameplay:GameplayStrings_Flashback:483:YUM_Broth,GameplayStrings_Flashback,483,Бульон
gameplay:GameplayStrings_Flashback:484:YUM_Blend,GameplayStrings_Flashback,484,Взбить
gameplay:GameplayStrings_Flashback:485:YUM_Rare,GameplayStrings_Flashback,485,С кровью
gameplay:GameplayStrings_Flashback:486:YUM_Medium,GameplayStrings_Flashback,486,Средняя
gameplay:GameplayStrings_Flashback:487:YUM_WellDone,GameplayStrings_Flashback,487,Сильная
gameplay:GameplayStrings_Flashback:488:YUM_Burnt,GameplayStrings_Flashback,488,Сгоревшая
gameplay:GameplayStrings_Flashback:489:YUM_BurntBurger,GameplayStrings_Flashback,489,Сгоревшая котлета
gameplay:GameplayStrings_Flashback:490:YUM_WellDoneBurger,GameplayStrings_Flashback,490,Котлета с сильной прожаркой
gameplay:GameplayStrings_Flashback:491:YUM_MediumBurger,GameplayStrings_Flashback,491,Котлета средней прожарки
gameplay:GameplayStrings_Flashback:492:YUM_RawBurger,GameplayStrings_Flashback,492,Сырая котлета
gameplay:GameplayStrings_Flashback:493:YUM_KitchenTrash,GameplayStrings_Flashback,493,Хочу что-нибудь выбросить?
gameplay:GameplayStrings_Flashback:494:YUM_KitchenTrashNo,GameplayStrings_Flashback,494,"Лучше, пожалуй, оставить."
gameplay:GameplayStrings_Flashback:495:YUM_letsCook,GameplayStrings_Flashback,495,Пора отправлять этих красавцев на гриль!
gameplay:GameplayStrings_Flashback:496:YUM_burgersToGrill,GameplayStrings_Flashback,496,"Либо гриль, либо на гриле…"
gameplay:GameplayStrings_Flashback:497:YUM_needSpatula,GameplayStrings_Flashback,497,Пора пустить в ход лопатку от Китче-трона!
gameplay:GameplayStrings_Flashback:498:YUM_KitchetronIntroduction,GameplayStrings_Flashback,498,<size=0.5em>Атомный</size><br>Китче-трон 3000
gameplay:GameplayStrings_Flashback:499:YUM_KeyLimeClue1,GameplayStrings_Flashback,499,Один кусок пирожного с ключевым лаймом.
gameplay:GameplayStrings_Flashback:500:YUM_KeyLimeClue2,GameplayStrings_Flashback,500,Два куска лаймового пирожного.
gameplay:GameplayStrings_Flashback:501:YUM_KeyLimeClue3,GameplayStrings_Flashback,501,Три куска лаймового пирожного.
gameplay:GameplayStrings_Flashback:502:YUM_KeyLimeClue4,GameplayStrings_Flashback,502,Четыре куска лаймового пирожного.
gameplay:GameplayStrings_Flashback:503:YUM_KeyLimeClue5,GameplayStrings_Flashback,503,Пять кусков пайи с ключевым лаймом.
gameplay:GameplayStrings_Flashback:504:YUM_KeyLimeClue6,GameplayStrings_Flashback,504,Шесть кусков пайи с ключевым лаймом. К нему никто не притрагивался!
gameplay:GameplayStrings_Flashback:505:YUM_GrillVerb,GameplayStrings_Flashback,505,Жарить
gameplay:GameplayStrings_Flashback:506:YUM_Mustard,GameplayStrings_Flashback,506,Горчица
gameplay:GameplayStrings_Flashback:507:YUM_Ketchup,GameplayStrings_Flashback,507,Кетчуп
gameplay:GameplayStrings_Flashback:508:YUM_Pickles,GameplayStrings_Flashback,508,Маринованные огурцы
gameplay:GameplayStrings_Flashback:509:YUM_finish,GameplayStrings_Flashback,509,Завершить
gameplay:GameplayStrings_Flashback:510:YUM_alreadyCooking,GameplayStrings_Flashback,510,У меня уже есть котлеты на гриле.
gameplay:GameplayStrings_Flashback:511:YUM_SecretIngredient,GameplayStrings_Flashback,511,Пора добавить секретный ингредиент…
gameplay:GameplayStrings_Flashback:512:YUM_SecretIngredientWrong,GameplayStrings_Flashback,512,"Нет, что-то не так…"
gameplay:GameplayStrings_Flashback:513:YUM_NoMeat,GameplayStrings_Flashback,513,В нём даже мяса нет!
gameplay:GameplayStrings_Flashback:514:YUM_JellyStrawberry,GameplayStrings_Flashback,514,Клубничное желе. Ммм!
gameplay:GameplayStrings_Flashback:515:YUM_JellyOrange,GameplayStrings_Flashback,515,Апельсиновое желе. Освежает!
gameplay:GameplayStrings_Flashback:516:YUM_JellyBroccoli,GameplayStrings_Flashback,516,Желе из брокколи. Пропущу…
gameplay:GameplayStrings_Flashback:517:YUM_DessertRecipe_Header,GameplayStrings_Flashback,517,Секретный десерт
gameplay:GameplayStrings_Flashback:518:YUM_JellyPromptA,GameplayStrings_Flashback,518,Вкусное желе открывает многие двери.
gameplay:GameplayStrings_Flashback:519:YUM_DessertSign,GameplayStrings_Flashback,519,"Замок ненадежен, десерт съешь первым!"
gameplay:GameplayStrings_Flashback:520:YUM_Remove,GameplayStrings_Flashback,520,Убрать
gameplay:GameplayStrings_Flashback:521:YUM_WindupKey,GameplayStrings_Flashback,521,Ключ для заводки
gameplay:GameplayStrings_Flashback:522:YUM_OfficeDirectionSign,GameplayStrings_Flashback,522,Кабинет шефа <br> <br>Парковка<br> <br>
gameplay:GameplayStrings_Flashback:523:YUM_DeliciousPies,GameplayStrings_Flashback,523,Вкуснейшие пироги от верха до низа!
gameplay:GameplayStrings_Flashback:524:YUM_UnlockKitchenPuzzle,GameplayStrings_Flashback,524,Открыть кухню
gameplay:GameplayStrings_Flashback:525:YUM_KitchetronLockHint1,GameplayStrings_Flashback,525,Ты видел эти символы где-нибудь ещё?
gameplay:GameplayStrings_Flashback:526:YUM_KitchetronLockHint2,GameplayStrings_Flashback,526,Некоторые названия песен звучат очень знакомо…
gameplay:GameplayStrings_Flashback:527:YUM_KitchetronLockHint3,GameplayStrings_Flashback,527,"Похоже, название этой картины — «Правее заката»…"
gameplay:GameplayStrings_Flashback:528:YUM_JukeboxRecap,GameplayStrings_Flashback,528,"Найди названия песен, которые соответствуют картинам…"
gameplay:GameplayStrings_Flashback:529:YUM_KitchetronRecap,GameplayStrings_Flashback,529,…чтобы разблокировать Китче-трон.
gameplay:GameplayStrings_Flashback:530:YUM_PieRecap,GameplayStrings_Flashback,530,"Посчитай, сколько кусков пирогов осталось на полках…"
gameplay:GameplayStrings_Flashback:531:YUM_PieHint1,GameplayStrings_Flashback,531,Сколько кусков осталось от каждого пирога?
gameplay:GameplayStrings_Flashback:532:YUM_KitchenDoorRecap,GameplayStrings_Flashback,532,…чтобы открыть дверь на кухню.
gameplay:GameplayStrings_Flashback:533:YUM_PrepKitchenPuzzle,GameplayStrings_Flashback,533,Подготовиться к готовке
gameplay:GameplayStrings_Flashback:534:YUM_SesameHint1,GameplayStrings_Flashback,534,Ты видел кунжут где-нибудь?
gameplay:GameplayStrings_Flashback:535:YUM_SesameHint2,GameplayStrings_Flashback,535,"Откройся, кунжут…"
gameplay:GameplayStrings_Flashback:536:YUM_CookbookHint,GameplayStrings_Flashback,536,"У тебя есть ключ, открой поваренную книгу!"
gameplay:GameplayStrings_Flashback:537:YUM_SesameRecap,GameplayStrings_Flashback,537,Открой полку со специями…
gameplay:GameplayStrings_Flashback:538:YUM_CookbookRecap,GameplayStrings_Flashback,538,…чтобы открыть поваренную книгу.
gameplay:GameplayStrings_Flashback:539:YUM_FoodGroupsRecap,GameplayStrings_Flashback,539,Найди группы продуктов…
gameplay:GameplayStrings_Flashback:540:YUM_PantryRecap,GameplayStrings_Flashback,540,…чтобы открыть дверь в кладовую.
gameplay:GameplayStrings_Flashback:541:YUM_MakeSaladPuzzle,GameplayStrings_Flashback,541,Первое блюдо: салат
gameplay:GameplayStrings_Flashback:542:YUM_SaladStationHint,GameplayStrings_Flashback,542,Салатная станция готова к работе!
gameplay:GameplayStrings_Flashback:543:YUM_SaladMakingHint1,GameplayStrings_Flashback,543,Каждый ингредиент нужно нарезать на разных настройках.
gameplay:GameplayStrings_Flashback:544:YUM_SaladMakingHint2,GameplayStrings_Flashback,544,Сельдерей режется на настройке 3…
gameplay:GameplayStrings_Flashback:545:YUM_SaladTrainHint,GameplayStrings_Flashback,545,"Салатный поезд готов, когда ты готов!"
gameplay:GameplayStrings_Flashback:546:YUM_SaladIngredientsRecap,GameplayStrings_Flashback,546,Собери ингредиенты для салата.
gameplay:GameplayStrings_Flashback:547:YUM_SaladCookbookRecap,GameplayStrings_Flashback,547,Расшифруй рецепт салата…
gameplay:GameplayStrings_Flashback:548:YUM_SaladMakingRecap,GameplayStrings_Flashback,548,…чтобы приготовить вкусный салат.
gameplay:GameplayStrings_Flashback:549:YUM_SaladTrainRecap,GameplayStrings_Flashback,549,Отправь салатный поезд!
gameplay:GameplayStrings_Flashback:550:YUM_MakeSoupPuzzle,GameplayStrings_Flashback,550,Второе блюдо: суп
gameplay:GameplayStrings_Flashback:551:YUM_SoupStationHint,GameplayStrings_Flashback,551,Супная станция готова к работе!
gameplay:GameplayStrings_Flashback:552:YUM_SoupMakingHint1,GameplayStrings_Flashback,552,Ты нигде не видел информацию о питательной ценности?
gameplay:GameplayStrings_Flashback:553:YUM_SoupMakingHint2,GameplayStrings_Flashback,553,В суп нужно 5 морковок…
gameplay:GameplayStrings_Flashback:554:YUM_SoupTrainHint,GameplayStrings_Flashback,554,Супный поезд готов к отправлению!
gameplay:GameplayStrings_Flashback:555:YUM_SoupIngredientsRecap,GameplayStrings_Flashback,555,Собери ингредиенты для супа.
gameplay:GameplayStrings_Flashback:556:YUM_SoupCookbookRecap,GameplayStrings_Flashback,556,Рассчитай количество ингредиентов…
gameplay:GameplayStrings_Flashback:557:YUM_SoupMakingRecap,GameplayStrings_Flashback,557,…чтобы приготовить вкусный суп.
gameplay:GameplayStrings_Flashback:558:YUM_SoupTrainRecap,GameplayStrings_Flashback,558,Отправь супный поезд!
gameplay:GameplayStrings_Flashback:559:YUM_MakeBurgerPuzzle,GameplayStrings_Flashback,559,Основное блюдо: бургеры
gameplay:GameplayStrings_Flashback:560:YUM_MeatHint1,GameplayStrings_Flashback,560,"То, что в этом холодильнике, — не загадка…"
gameplay:GameplayStrings_Flashback:561:YUM_MeatHint2,GameplayStrings_Flashback,561,Загадочное МЯСО.
gameplay:GameplayStrings_Flashback:562:YUM_MeatHint3,GameplayStrings_Flashback,562,У буквы M значение 30. Какое значение у E?
gameplay:GameplayStrings_Flashback:563:YUM_GriddleIngredientsHint,GameplayStrings_Flashback,563,Гриль готов: пора делать бургеры!
gameplay:GameplayStrings_Flashback:564:YUM_BurgerMakingHint1,GameplayStrings_Flashback,564,Нужно расшифровать сленг закусочной!
gameplay:GameplayStrings_Flashback:565:YUM_BurgerMakingHint2,GameplayStrings_Flashback,565,"«Не на ноге, не хоккейная шайба»... так что готовь бургеры средней прожарки."
gameplay:GameplayStrings_Flashback:566:YUM_BurgerTrainHint,GameplayStrings_Flashback,566,Бургерный поезд готов к отправлению!
gameplay:GameplayStrings_Flashback:567:YUM_BurgerCoolerRecap,GameplayStrings_Flashback,567,Открой холодильник с мясом-загадкой.
gameplay:GameplayStrings_Flashback:568:YUM_BurgerCookbookRecap,GameplayStrings_Flashback,568,Переведи сленг закусочной...
gameplay:GameplayStrings_Flashback:569:YUM_BurgerMakingRecap,GameplayStrings_Flashback,569,...чтобы приготовить вкусные бургеры.
gameplay:GameplayStrings_Flashback:570:YUM_BurgerTrainRecap,GameplayStrings_Flashback,570,Отправь бургерный поезд!
gameplay:GameplayStrings_Flashback:571:YUM_MakeDessertPuzzle,GameplayStrings_Flashback,571,Финальный курс: десерт
gameplay:GameplayStrings_Flashback:572:YUM_ChefsOfficePuzzle,GameplayStrings_Flashback,572,Отравленная паника
gameplay:GameplayStrings_Flashback:573:YUM_JelloHint1,GameplayStrings_Flashback,573,Этим желе не помешает свежий взгляд.
gameplay:GameplayStrings_Flashback:574:YUM_JelloHint1_Alt,GameplayStrings_Flashback,574,Этой желатине не помешает свежий взгляд.
gameplay:GameplayStrings_Flashback:575:YUM_SpoilAppetite,GameplayStrings_Flashback,575,Не хочу портить себе аппетит.
gameplay:GameplayStrings_Flashback:576:YUM_Milkshake,GameplayStrings_Flashback,576,Пора взболтать всё как следует.
gameplay:GameplayStrings_Flashback:577:YUM_KnifeBlock,GameplayStrings_Flashback,577,У тебя довольно красивый блок для ножей.
gameplay:GameplayStrings_Flashback:578:YUM_KnifeRack,GameplayStrings_Flashback,578,"Лучше не трогать эти штуки, они выглядят опасно..."
gameplay:GameplayStrings_Flashback:579:YUM_Luge,GameplayStrings_Flashback,579,Вау! Это же луге!
gameplay:GameplayStrings_Flashback:580:YUM_IcyCarrots,GameplayStrings_Flashback,580,"Похоже, никто не морковничает по этому поводу."
gameplay:GameplayStrings_Flashback:581:YUM_IcyEggplants,GameplayStrings_Flashback,581,"Нельзя приготовить сомнительный омлет, не сломав пару баклажанов."
gameplay:GameplayStrings_Flashback:582:YUM_IcyOnions,GameplayStrings_Flashback,582,"Лук, сладкий лук. Как он заставляет меня плакать."
gameplay:GameplayStrings_Flashback:583:YUM_RoastBeefTunaFish,GameplayStrings_Flashback,583,"Можно запечь говядину, но нельзя тунить рыбу."
gameplay:GameplayStrings_Flashback:584:YUM_MessyShelf,GameplayStrings_Flashback,584,"Повар, похоже, хорошо заботится о запасах в морозилке..."
gameplay:GameplayStrings_Flashback:585:YUM_IcyCucumber,GameplayStrings_Flashback,585,"Прохладный, как огурчик."
gameplay:GameplayStrings_Flashback:586:YUM_GoodGravy,GameplayStrings_Flashback,586,«Хорошая гравия»
gameplay:GameplayStrings_Flashback:587:YUM_BadGravy,GameplayStrings_Flashback,587,«Плохой соус»
gameplay:GameplayStrings_Flashback:588:YUM_UglyGravy,GameplayStrings_Flashback,588,«Уродливый соус»
gameplay:GameplayStrings_Flashback:589:YUM_Coffee,GameplayStrings_Flashback,589,"Не разговаривай со мной, пока я не выпью свой кофе."
gameplay:GameplayStrings_Flashback:590:YUM_Milkshake2,GameplayStrings_Flashback,590,"Пусть будет то, что тебе нравится."
gameplay:GameplayStrings_Flashback:591:YUM_OutOfOrder,GameplayStrings_Flashback,591,Не работает
gameplay:GameplayStrings_Flashback:592:YUM_MantleTrain,GameplayStrings_Flashback,592,Мантел в обучении.
gameplay:GameplayStrings_Flashback:593:YUM_MustardKetchup,GameplayStrings_Flashback,593,Враги до гробовой доски или лучшие друзья?
gameplay:GameplayStrings_Flashback:594:YUM_BustedSoda,GameplayStrings_Flashback,594,"Похоже, не хватает пары шурупов…"
gameplay:GameplayStrings_Flashback:595:YUM_CashRegister,GameplayStrings_Flashback,595,Моя любимая часть готовки. Касса.
gameplay:GameplayStrings_Flashback:596:YUM_PickyEaters,GameplayStrings_Flashback,596,"Черт, студенты здесь такие привередливые в еде."
gameplay:GameplayStrings_Flashback:597:YUM_TomatoKnife,GameplayStrings_Flashback,597,Эм... помидоры.
gameplay:GameplayStrings_Flashback:598:YUM_Keg,GameplayStrings_Flashback,598,Ледяное. Отлично.
gameplay:GameplayStrings_Flashback:599:YUM_Cola,GameplayStrings_Flashback,599,"То, что надо."
gameplay:GameplayStrings_Flashback:600:YUM_Pep,GameplayStrings_Flashback,600,"Не то, что надо."
gameplay:GameplayStrings_Flashback:601:YUM_Milk,GameplayStrings_Flashback,601,Молоко
gameplay:GameplayStrings_Flashback:602:YUM_DeskFiles,GameplayStrings_Flashback,602,"У повара, похоже, много исходящих документов…"
gameplay:GameplayStrings_Flashback:603:YUM_Typewriter,GameplayStrings_Flashback,603,"«Дорогой Горацио, это уже третий раз, когда я пишу тебе, но ответа нет»."
gameplay:GameplayStrings_Flashback:604:YUM_Medals,GameplayStrings_Flashback,604,Повар с кучей наград.
gameplay:GameplayStrings_Flashback:605:YUM_Hourglass,GameplayStrings_Flashback,605,Время решает!
gameplay:GameplayStrings_Flashback:606:YUM_CleanUp,GameplayStrings_Flashback,606,Уборка в проходе столовой!
gameplay:GameplayStrings_Flashback:607:YUM_Menu1,GameplayStrings_Flashback,607,«Завтрак-бонанза! (10 сарделек на пшеничном тосте)»
gameplay:GameplayStrings_Flashback:608:YUM_Menu2,GameplayStrings_Flashback,608,«Ланч-спешл — Сырная гора!»
gameplay:GameplayStrings_Flashback:609:YUM_Menu3,GameplayStrings_Flashback,609,«Супер-закуски — Котлеты из ящерицы»
gameplay:GameplayStrings_Flashback:610:YUM_Menu4,GameplayStrings_Flashback,610,«Напитки — Кофе с заправки»
gameplay:GameplayStrings_Flashback:611:YUM_Menu5,GameplayStrings_Flashback,611,"« *Хеш-браун можно заменить фруктами, если повелит судья»"
gameplay:GameplayStrings_Flashback:612:YUM_Menu6,GameplayStrings_Flashback,612,Нежные сэндвичи
gameplay:GameplayStrings_Flashback:613:YUM_Menu7,GameplayStrings_Flashback,613,Доска с беконом
gameplay:GameplayStrings_Flashback:614:YUM_Menu8,GameplayStrings_Flashback,614,«Сэндвич»
gameplay:GameplayStrings_Flashback:615:YUM_DotW_M,GameplayStrings_Flashback,615,Пн
gameplay:GameplayStrings_Flashback:616:YUM_DotW_Tu,GameplayStrings_Flashback,616,Вт
gameplay:GameplayStrings_Flashback:617:YUM_DotW_W,GameplayStrings_Flashback,617,Ср
gameplay:GameplayStrings_Flashback:618:YUM_DotW_Th,GameplayStrings_Flashback,618,Чт
gameplay:GameplayStrings_Flashback:619:YUM_DotW_F,GameplayStrings_Flashback,619,Пт
gameplay:GameplayStrings_Flashback:620:YUM_DotW_Sa,GameplayStrings_Flashback,620,Сб
gameplay:GameplayStrings_Flashback:621:YUM_DotW_Su,GameplayStrings_Flashback,621,Вс
gameplay:GameplayStrings_Flashback:622:YUM_Antidote_Recipe,GameplayStrings_Flashback,622,Мгновенное противоядие (Добавить молочное)
gameplay:GameplayStrings_Flashback:623:YUM_Antidote_Instrux,GameplayStrings_Flashback,623,При отравлении: добавьте одну каплю в молочный продукт и подавайте.
gameplay:GameplayStrings_Flashback:624:YUM_Fizz,GameplayStrings_Flashback,624,Газировка
gameplay:GameplayStrings_Flashback:625:YUM_Pop,GameplayStrings_Flashback,625,Газировка
gameplay:GameplayStrings_Flashback:626:YUM_Soda,GameplayStrings_Flashback,626,Газировка
gameplay:GameplayStrings_Flashback:627:YUM_Water,GameplayStrings_Flashback,627,Вода
gameplay:GameplayStrings_Flashback:628:YUM_DairyPrompt,GameplayStrings_Flashback,628,Молочное?
gameplay:GameplayStrings_Flashback:629:YUM_EscapistTimes,GameplayStrings_Flashback,629,«Время эскапистов» – «Кашеи признаны новой незаменимой группой продуктов»
gameplay:GameplayStrings_Flashback:630:YUM_UnlockJelloRecap,GameplayStrings_Flashback,630,Посмотри на желе под правильным углом...
gameplay:GameplayStrings_Flashback:631:YUM_UnlockChefsOfficeRecap,GameplayStrings_Flashback,631,...чтобы открыть дверь в кабинет повара.
gameplay:GameplayStrings_Flashback:632:YUM_CatClockRecap,GameplayStrings_Flashback,632,Заведи часы-кошку.
gameplay:GameplayStrings_Flashback:633:YUM_HatWallHint1,GameplayStrings_Flashback,633,На что смотрит эта кошка?
gameplay:GameplayStrings_Flashback:634:YUM_HatWallHint2,GameplayStrings_Flashback,634,"Повар записывал, когда надевал каждую шляпу..."
gameplay:GameplayStrings_Flashback:635:YUM_HatWallHint3,GameplayStrings_Flashback,635,"Повар надевал первую шляпу, на которую смотрит кошка, в четверг..."
gameplay:GameplayStrings_Flashback:636:YUM_HatWallRecap,GameplayStrings_Flashback,636,Узнай привычки повара в выборе шляп...
gameplay:GameplayStrings_Flashback:637:YUM_GetAntidoteRecap,GameplayStrings_Flashback,637,...чтобы открыть холодильник повара.
gameplay:GameplayStrings_Flashback:638:YUM_SodaHint,GameplayStrings_Flashback,638,Просто добавь молочное...
gameplay:GameplayStrings_Flashback:639:YUM_SodaRecap,GameplayStrings_Flashback,639,Смешай противоядие у автомата с напитками...
gameplay:GameplayStrings_Flashback:640:YUM_ServeAntidoteHint,GameplayStrings_Flashback,640,"Одно противоядие, сразу подаём!"
gameplay:GameplayStrings_Flashback:641:YUM_ServeAntidoteRecap,GameplayStrings_Flashback,641,...и подай его отравленным профессорам.
gameplay:GameplayStrings_Flashback:642:YUM_PoisonRecap,GameplayStrings_Flashback,642,Профессоров отравили!
gameplay:GameplayStrings_Flashback:643:YUM_BestServedCold,GameplayStrings_Flashback,643,"Блюдо, которое лучше подавать холодным."
gameplay:GameplayStrings_Flashback:644:YUM_VentALittle,GameplayStrings_Flashback,644,Можно мне немного выговориться?
gameplay:GameplayStrings_Flashback:645:YUM_DonutBox,GameplayStrings_Flashback,645,Я не хочу портить себе аппетит!
gameplay:GameplayStrings_Flashback:646:YUM_Cake,GameplayStrings_Flashback,646,"Ого, это просто верх совершенства."
gameplay:GameplayStrings_Flashback:647:YUM_RestockOxStock,GameplayStrings_Flashback,647,«Напоминание — пополнить запасы говяжьего бульона».
gameplay:GameplayStrings_Flashback:648:YUM_GarlicSoup,GameplayStrings_Flashback,648,Чеснок
gameplay:GameplayStrings_Flashback:650:ORR_PassKeyClue,GameplayStrings_Flashback,650,"Если я оставлю ключ здесь, мой соперник может его подобрать…"
gameplay:GameplayStrings_Flashback:651:ORR_GetYourOwn,GameplayStrings_Flashback,651,Бери свой!
gameplay:GameplayStrings_Flashback:652:ORR_SafeWordR,GameplayStrings_Flashback,652,R-еда?
gameplay:GameplayStrings_Flashback:653:ORR_SafeWordHoratio,GameplayStrings_Flashback,653,«Горацио»…
gameplay:GameplayStrings_Flashback:654:ORR_SafeWordWindsor,GameplayStrings_Flashback,654,...«Виндзор»
gameplay:GameplayStrings_Flashback:655:ORR_HoratioCardB,GameplayStrings_Flashback,655,Кого это должно отпугнуть?
gameplay:GameplayStrings_Flashback:656:ORR_HoratioCardA,GameplayStrings_Flashback,656,"Понял, директор! Это не часть курса."
gameplay:GameplayStrings_Flashback:657:ORR_SnakeEyes,GameplayStrings_Flashback,657,Двойная единица
gameplay:GameplayStrings_Flashback:658:ORR_GameTable,GameplayStrings_Flashback,658,Смогу ли я выиграть в эту игру с высокими ставками?
gameplay:GameplayStrings_Flashback:659:ORR_GameTable2,GameplayStrings_Flashback,659,Ещё есть?
gameplay:GameplayStrings_Flashback:660:ORR_CardsFluff,GameplayStrings_Flashback,660,Ставлю всё!
gameplay:GameplayStrings_Flashback:661:ORR_Roll,GameplayStrings_Flashback,661,Бросить
gameplay:GameplayStrings_Flashback:662:ORR_Die,GameplayStrings_Flashback,662,Шестигранный кубик
gameplay:GameplayStrings_Flashback:663:ORR_Bishop,GameplayStrings_Flashback,663,Слон
gameplay:GameplayStrings_Flashback:664:ORR_BishopRules,GameplayStrings_Flashback,664,Двигается по диагонали.
gameplay:GameplayStrings_Flashback:665:ORR_King,GameplayStrings_Flashback,665,Король
gameplay:GameplayStrings_Flashback:666:ORR_KingRules,GameplayStrings_Flashback,666,"Двигается на одну клетку горизонтально, вертикально и по диагонали."
gameplay:GameplayStrings_Flashback:667:ORR_Rook,GameplayStrings_Flashback,667,Ладья
gameplay:GameplayStrings_Flashback:668:ORR_RookRules,GameplayStrings_Flashback,668,Двигается горизонтально и вертикально.
gameplay:GameplayStrings_Flashback:669:ORR_Queen,GameplayStrings_Flashback,669,Ферзь
gameplay:GameplayStrings_Flashback:670:ORR_QueenRules,GameplayStrings_Flashback,670,"Двигается горизонтально, вертикально и по диагонали."
gameplay:GameplayStrings_Flashback:671:ORR_Knight,GameplayStrings_Flashback,671,Конь
gameplay:GameplayStrings_Flashback:672:ORR_KnightRules,GameplayStrings_Flashback,672,Перепрыгивает на две клетки вперёд и одну в сторону.
gameplay:GameplayStrings_Flashback:673:ORR_Dress,GameplayStrings_Flashback,673,Одеть
gameplay:GameplayStrings_Flashback:674:ORR_ReadyToGame,GameplayStrings_Flashback,674,Готовимся к игре!
gameplay:GameplayStrings_Flashback:675:ORR_AlreadyGot,GameplayStrings_Flashback,675,У меня уже есть такое…
gameplay:GameplayStrings_Flashback:676:ORR_CantReach,GameplayStrings_Flashback,676,Чёрт! Отсюда я его не достану.
gameplay:GameplayStrings_Flashback:677:ORR_PinBoard,GameplayStrings_Flashback,677,Можно что-нибудь прикрепить к доске?
gameplay:GameplayStrings_Flashback:678:ORR_DoesntFit,GameplayStrings_Flashback,678,Не подходит.
gameplay:GameplayStrings_Flashback:679:ORR_Arm,GameplayStrings_Flashback,679,"Признаю, ты молодец…"
gameplay:GameplayStrings_Flashback:680:ORR_ArmWrong,GameplayStrings_Flashback,680,"Мне кажется, мяч будет уместнее."
gameplay:GameplayStrings_Flashback:681:ORR_Torso,GameplayStrings_Flashback,681,Ты выглядишь немного раздетым…
gameplay:GameplayStrings_Flashback:682:ORR_TorsoWrong,GameplayStrings_Flashback,682,Я бы в таком и на кладбище не пошёл.
gameplay:GameplayStrings_Flashback:683:ORR_Head,GameplayStrings_Flashback,683,Давай прикроем этот пробор…
gameplay:GameplayStrings_Flashback:684:ORR_HeadWrong,GameplayStrings_Flashback,684,Шапка была бы уместнее.
gameplay:GameplayStrings_Flashback:685:ORR_GameTime,GameplayStrings_Flashback,685,Время играть!
gameplay:GameplayStrings_Flashback:686:ORR_George,GameplayStrings_Flashback,686,Джордж
gameplay:GameplayStrings_Flashback:687:ORR_Sarah,GameplayStrings_Flashback,687,Сара
gameplay:GameplayStrings_Flashback:688:ORR_Magnolia,GameplayStrings_Flashback,688,Магнолия
gameplay:GameplayStrings_Flashback:689:ORR_Esteban,GameplayStrings_Flashback,689,Эстебан
gameplay:GameplayStrings_Flashback:690:ORR_MascotClue1,GameplayStrings_Flashback,690,"Сара играет за «Красных сельдей», но не в волейбол."
gameplay:GameplayStrings_Flashback:691:ORR_MascotClue2,GameplayStrings_Flashback,691,"Маскот футбольной команды — тигр, но они не носят жёлтое."
gameplay:GameplayStrings_Flashback:692:ORR_MascotClue3,GameplayStrings_Flashback,692,"Команда в зелёной форме играет в баскетбол, но их маскот — не медведь."
gameplay:GameplayStrings_Flashback:693:ORR_MascotClue4,GameplayStrings_Flashback,693,Джордж играет за волейбольную команду. Магнолия — за футбольную.
gameplay:GameplayStrings_Flashback:694:ORR_BallBehindGlass,GameplayStrings_Flashback,694,Мяч за стеклом.
gameplay:GameplayStrings_Flashback:695:ORR_SafeClue,GameplayStrings_Flashback,695,Замок «С_____Й»? Что мне нужно составить?
gameplay:GameplayStrings_Flashback:696:ORR_The,GameplayStrings_Flashback,696,С
gameplay:GameplayStrings_Flashback:697:ORR_Lock,GameplayStrings_Flashback,697,Замок
gameplay:GameplayStrings_Flashback:698:ORR_South,GameplayStrings_Flashback,698,Ю
gameplay:GameplayStrings_Flashback:699:ORR_Northeast,GameplayStrings_Flashback,699,СВ
gameplay:GameplayStrings_Flashback:700:ORR_West,GameplayStrings_Flashback,700,З
gameplay:GameplayStrings_Flashback:701:ORR_North,GameplayStrings_Flashback,701,С
gameplay:GameplayStrings_Flashback:702:ORR_hello,GameplayStrings_Flashback,702,привет
gameplay:GameplayStrings_Flashback:703:ORR_WontBudge,GameplayStrings_Flashback,703,Это не поддаётся.
gameplay:GameplayStrings_Flashback:704:ORR_DoorClue,GameplayStrings_Flashback,704,Только ___м____ Виндзор
gameplay:GameplayStrings_Flashback:705:ORR_SafeWord,GameplayStrings_Flashback,705,«___м_____»
gameplay:GameplayStrings_Flashback:706:ORR_HeadmasterOnly,GameplayStrings_Flashback,706,Только директор может войти?
gameplay:GameplayStrings_Flashback:707:ORR_HoratioWindsor,GameplayStrings_Flashback,707,Горацио Виндзор
gameplay:GameplayStrings_Flashback:708:ORR_Only,GameplayStrings_Flashback,708,ТОЛЬКО
gameplay:GameplayStrings_Flashback:709:ORR_Baseball,GameplayStrings_Flashback,709,Бейсбол
gameplay:GameplayStrings_Flashback:710:ORR_Basketball,GameplayStrings_Flashback,710,Баскетбол
gameplay:GameplayStrings_Flashback:711:ORR_SoccerBall,GameplayStrings_Flashback,711,Футбольный мяч
gameplay:GameplayStrings_Flashback:712:ORR_Volleyball,GameplayStrings_Flashback,712,Волейбол
gameplay:GameplayStrings_Flashback:713:ORR_OversizedCard,GameplayStrings_Flashback,713,Огромная карта
gameplay:GameplayStrings_Flashback:714:ORR_ColorGraphic,GameplayStrings_Flashback,714,Цветной рисунок
gameplay:GameplayStrings_Flashback:715:ORR_JerseyBlue,GameplayStrings_Flashback,715,Синяя футболка
gameplay:GameplayStrings_Flashback:716:ORR_JerseyGreen,GameplayStrings_Flashback,716,Зелёная футболка
gameplay:GameplayStrings_Flashback:717:ORR_JerseyRed,GameplayStrings_Flashback,717,Красная футболка
gameplay:GameplayStrings_Flashback:718:ORR_JerseyYellow,GameplayStrings_Flashback,718,Жёлтая футболка
gameplay:GameplayStrings_Flashback:719:ORR_Magnet,GameplayStrings_Flashback,719,Магнит
gameplay:GameplayStrings_Flashback:720:ORR_SafeCode,GameplayStrings_Flashback,720,Самый сложный
gameplay:GameplayStrings_Flashback:721:ORR_MaskBear,GameplayStrings_Flashback,721,Маска медведя
gameplay:GameplayStrings_Flashback:722:ORR_MaskEagle,GameplayStrings_Flashback,722,Маска орла
gameplay:GameplayStrings_Flashback:723:ORR_MaskHerring,GameplayStrings_Flashback,723,Маска сельди
gameplay:GameplayStrings_Flashback:724:ORR_MaskTiger,GameplayStrings_Flashback,724,Маска тигра
gameplay:GameplayStrings_Flashback:725:ORR_FireCannonPuzzle,GameplayStrings_Flashback,725,Выстрелить из пушки
gameplay:GameplayStrings_Flashback:726:ORR_CannonHint1,GameplayStrings_Flashback,726,На этом замке много нечётных чисел…
gameplay:GameplayStrings_Flashback:727:ORR_CollectCardsRecap,GameplayStrings_Flashback,727,Собери гигантские игральные карты.
gameplay:GameplayStrings_Flashback:728:ORR_PlaceCardsRecap,GameplayStrings_Flashback,728,Найди секретные инструкции.
gameplay:GameplayStrings_Flashback:729:ORR_CannonRecap,GameplayStrings_Flashback,729,"Игнорируй нечётные числа, чтобы выстрелить из пушки."
gameplay:GameplayStrings_Flashback:730:ORR_PlaceCardsHint,GameplayStrings_Flashback,730,Если масть подходит…
gameplay:GameplayStrings_Flashback:731:ORR_DressMascotsPuzzle,GameplayStrings_Flashback,731,Одень маскотов
gameplay:GameplayStrings_Flashback:732:ORR_MascotHint1,GameplayStrings_Flashback,732,Сара играет в бейсбольной команде.
gameplay:GameplayStrings_Flashback:733:ORR_MascotHint2,GameplayStrings_Flashback,733,Команда Магнолии — синяя.
gameplay:GameplayStrings_Flashback:734:ORR_MascotHint3,GameplayStrings_Flashback,734,Джордж играет в жёлтой команде.
gameplay:GameplayStrings_Flashback:735:ORR_RedMascotRecap,GameplayStrings_Flashback,735,Одень маскотов «Красных сельдей»…
gameplay:GameplayStrings_Flashback:736:ORR_YellowMascotRecap,GameplayStrings_Flashback,736,...«Жёлтых медведей»...
gameplay:GameplayStrings_Flashback:737:ORR_GreenMascotRecap,GameplayStrings_Flashback,737,...«Зелёных орлов»...
gameplay:GameplayStrings_Flashback:738:ORR_BlueMascotRecap,GameplayStrings_Flashback,738,...и «Синих тигров».
gameplay:GameplayStrings_Flashback:739:ORR_DoubleSidedPuzzle,GameplayStrings_Flashback,739,Открой двухсторонний сейф
gameplay:GameplayStrings_Flashback:740:ORR_StarHint,GameplayStrings_Flashback,740,Попробуй начать со ЗВЁЗДЫ…
gameplay:GameplayStrings_Flashback:741:ORR_HelloHint1,GameplayStrings_Flashback,741,Ты уже видел эту линию где-нибудь?
gameplay:GameplayStrings_Flashback:742:ORR_HelloHint2,GameplayStrings_Flashback,742,Попробуй сменить точку зрения...
gameplay:GameplayStrings_Flashback:743:ORR_BWShapesHint,GameplayStrings_Flashback,743,"Столько фигур, столько сторон..."
gameplay:GameplayStrings_Flashback:744:ORR_CompassHint,GameplayStrings_Flashback,744,"N — север, S — юг и так далее…"
gameplay:GameplayStrings_Flashback:745:ORR_LightswitchHint,GameplayStrings_Flashback,745,"Пора, чтобы лампочка загорелась."
gameplay:GameplayStrings_Flashback:746:ORR_ColorLockHint1,GameplayStrings_Flashback,746,"Если красный + жёлтый = оранжевый, то оранжевый - жёлтый = ?"
gameplay:GameplayStrings_Flashback:747:ORR_MagnetMazeHint,GameplayStrings_Flashback,747,X отмечает место!
gameplay:GameplayStrings_Flashback:748:ORR_CollectLettersRecap,GameplayStrings_Flashback,748,Собери все ключи-буквы…
gameplay:GameplayStrings_Flashback:749:ORR_HardestLockHint,GameplayStrings_Flashback,749,Это точно не самый простой замок…
gameplay:GameplayStrings_Flashback:750:ORR_HardestLockRecap,GameplayStrings_Flashback,750,…чтобы открыть самый сложный замок…
gameplay:GameplayStrings_Flashback:751:ORR_WinContestRecap,GameplayStrings_Flashback,751,...и выиграть квест-комнату соперника?
gameplay:GameplayStrings_Flashback:752:ORR_ChessPuzzlePrompt,GameplayStrings_Flashback,752,"Расставь все фигуры так, чтобы ни одна не была съедена."
gameplay:GameplayStrings_Flashback:753:ORR_Cog,GameplayStrings_Flashback,753,Опять когнитивные упражнения!
gameplay:GameplayStrings_Flashback:754:ORR_Sharks,GameplayStrings_Flashback,754,Эта акула смотрит на меня странно.
gameplay:GameplayStrings_Flashback:755:ORR_Acid,GameplayStrings_Flashback,755,"Неудивительно, что он упал! Эта штука вся в коррозии!"
gameplay:GameplayStrings_Flashback:756:ORR_HangScorecard,GameplayStrings_Flashback,756,Я могу повесить здесь карточку счёта.
gameplay:GameplayStrings_Flashback:757:ORR_ScorecardBad,GameplayStrings_Flashback,757,Не подходит.
gameplay:GameplayStrings_Flashback:758:ORR_Inv_Scorecard_1,GameplayStrings_Flashback,758,1 карточка счёта
gameplay:GameplayStrings_Flashback:759:ORR_Inv_Scorecard_2,GameplayStrings_Flashback,759,2 карточки счёта
gameplay:GameplayStrings_Flashback:760:ORR_Inv_Scorecard_3,GameplayStrings_Flashback,760,3 карточки счёта
gameplay:GameplayStrings_Flashback:761:ORR_Inv_Scorecard_4,GameplayStrings_Flashback,761,4 карточки счёта
gameplay:GameplayStrings_Flashback:762:ORR_Inv_Scorecard_5,GameplayStrings_Flashback,762,5 карточек счёта
gameplay:GameplayStrings_Flashback:763:ORR_Inv_Scorecard_6,GameplayStrings_Flashback,763,6 карточек счёта
gameplay:GameplayStrings_Flashback:764:ORR_Inv_Scorecard_7,GameplayStrings_Flashback,764,7 карточек счёта
gameplay:GameplayStrings_Flashback:765:ORR_Inv_Scorecard_8,GameplayStrings_Flashback,765,8 карточек счёта
gameplay:GameplayStrings_Flashback:766:ORR_LockedLever,GameplayStrings_Flashback,766,Не сдвигается.
gameplay:GameplayStrings_Flashback:767:ORR_RivalRoom,GameplayStrings_Flashback,767,Комната соперника
gameplay:GameplayStrings_Flashback:768:ORR_ChessPuzzle,GameplayStrings_Flashback,768,Победи в шахматах
gameplay:GameplayStrings_Flashback:769:ORR_ChessHint_1,GameplayStrings_Flashback,769,Королева ставится сюда…
gameplay:GameplayStrings_Flashback:770:ORR_ChessHint_2,GameplayStrings_Flashback,770,Слоны ставятся сюда…
gameplay:GameplayStrings_Flashback:771:ORR_ChessHint_3,GameplayStrings_Flashback,771,Ладья ставится сюда…
gameplay:GameplayStrings_Flashback:772:ORR_ChessRecap,GameplayStrings_Flashback,772,Безопасно расставь шахматные фигуры.
gameplay:GameplayStrings_Flashback:773:ORR_MoveQueen,GameplayStrings_Flashback,773,Сдвинь королеву
gameplay:GameplayStrings_Flashback:774:ORR_MoveBishop,GameplayStrings_Flashback,774,Сдвинь слона
gameplay:GameplayStrings_Flashback:775:ORR_MoveKnight,GameplayStrings_Flashback,775,Сдвинь коня
gameplay:GameplayStrings_Flashback:776:ORR_MoveKing,GameplayStrings_Flashback,776,Сдвинь короля
gameplay:GameplayStrings_Flashback:777:ORR_MoveRook,GameplayStrings_Flashback,777,Сдвинь ладью
gameplay:GameplayStrings_Flashback:778:ORR_SpinAndSlidePuzzle,GameplayStrings_Flashback,778,Заведи шестерёнки
gameplay:GameplayStrings_Flashback:779:ORR_SpinAndSlideHint1,GameplayStrings_Flashback,779,Попробуй думать на несколько шагов вперёд...
gameplay:GameplayStrings_Flashback:780:ORR_SpinAndSlideHint2,GameplayStrings_Flashback,780,Действуй от конца к началу...
gameplay:GameplayStrings_Flashback:781:ORR_SmallSpinRecap,GameplayStrings_Flashback,781,Поверни и реши задачу с малой шестерёнкой.
gameplay:GameplayStrings_Flashback:782:ORR_LargeSpinRecap,GameplayStrings_Flashback,782,Поверни и реши задачу с большой шестерёнкой.
gameplay:GameplayStrings_Flashback:783:ORR_SlideDoorRecap,GameplayStrings_Flashback,783,Открой дверь с шестерёнками.
gameplay:GameplayStrings_Flashback:784:ORR_SnakeEyesRecap,GameplayStrings_Flashback,784,Брось «змейки»!
gameplay:GameplayStrings_Flashback:785:ORR_SaveHoratioPuzzle,GameplayStrings_Flashback,785,Спаси Горацио
gameplay:GameplayStrings_Flashback:786:ORR_TowerCollapseRecap,GameplayStrings_Flashback,786,Внезапно башня Горацио рушится!
gameplay:GameplayStrings_Flashback:787:ORR_HeadmasterLockHint1,GameplayStrings_Flashback,787,"У тебя есть все буквы, чтобы открыть это?"
gameplay:GameplayStrings_Flashback:788:ORR_HeadmasterLockHint2,GameplayStrings_Flashback,788,Пропусти нужные ключи через двухсторонний сейф!
gameplay:GameplayStrings_Flashback:789:ORR_HeadmasterLockRecap,GameplayStrings_Flashback,789,Открой секретный замок директора.
gameplay:GameplayStrings_Flashback:790:ORR_ScoreboardRedHint1,GameplayStrings_Flashback,790,Эти цвета совпадают с цветами на табло.
gameplay:GameplayStrings_Flashback:791:ORR_ScoreboardRedHint2,GameplayStrings_Flashback,791,"Используй карточки со счётом, чтобы понять, какие цифры куда ставить."
gameplay:GameplayStrings_Flashback:794:ORR_RedLeverRecap,GameplayStrings_Flashback,794,Потяни красный рычаг и опусти мост.
gameplay:GameplayStrings_Flashback:795:ORR_BlueLeverRecap,GameplayStrings_Flashback,795,Потяни синий рычаг и опусти мост.
gameplay:GameplayStrings_Flashback:796:ORR_SaveHoratioRecap,GameplayStrings_Flashback,796,Взберись по лестнице и спаси Горацио!
gameplay:GameplayStrings_Flashback:797:ORR_EscapistTimes,GameplayStrings_Flashback,797,«Время эскапистов» — «Святой геморрой у директора! Виндзор спускает состояние на ресурсы для соперников»
gameplay:GameplayStrings_Flashback:798:ORR_Inv_Key_H,GameplayStrings_Flashback,798,Ключ H
gameplay:GameplayStrings_Flashback:799:ORR_Inv_Key_A,GameplayStrings_Flashback,799,Ключ A
gameplay:GameplayStrings_Flashback:800:ORR_Inv_Key_R,GameplayStrings_Flashback,800,Ключ R
gameplay:GameplayStrings_Flashback:801:ORR_Inv_Key_D,GameplayStrings_Flashback,801,Ключ D
gameplay:GameplayStrings_Flashback:802:ORR_Inv_Key_E,GameplayStrings_Flashback,802,Ключ E
gameplay:GameplayStrings_Flashback:803:ORR_Inv_Key_S,GameplayStrings_Flashback,803,Ключ S
gameplay:GameplayStrings_Flashback:804:ORR_Inv_Key_T,GameplayStrings_Flashback,804,Ключ T
gameplay:GameplayStrings_Flashback:805:ORR_Inv_Key_I,GameplayStrings_Flashback,805,Ключ I
gameplay:GameplayStrings_Flashback:806:ORR_Inv_Key_C,GameplayStrings_Flashback,806,Ключ C
gameplay:GameplayStrings_Flashback:807:ORR_Inv_Key_N,GameplayStrings_Flashback,807,Ключ N
gameplay:GameplayStrings_Flashback:808:ORR_Inv_Key_M,GameplayStrings_Flashback,808,Ключ M
gameplay:GameplayStrings_Flashback:809:ORR_Inv_Key_U,GameplayStrings_Flashback,809,Ключ U
gameplay:GameplayStrings_Flashback:810:ORR_RollDiceHint,GameplayStrings_Flashback,810,Пора бросить кости!
gameplay:GameplayStrings_Flashback:811:ORR_clockwise,GameplayStrings_Flashback,811,По часовой стрелке
gameplay:GameplayStrings_Flashback:812:ORR_counterclockwise,GameplayStrings_Flashback,812,Против часовой стрелки
gameplay:GameplayStrings_Flashback:813:ORR_FallenTrophy,GameplayStrings_Flashback,813,Сейчас это кажется не таким важным.
gameplay:GameplayStrings_Flashback:815:SAW_GreasyEnough,GameplayStrings_Flashback,815,Я и так уже достаточно жирный.
gameplay:GameplayStrings_Flashback:816:SAW_MissingPlugs,GameplayStrings_Flashback,816,Не хватает свечей зажигания
gameplay:GameplayStrings_Flashback:817:SAW_GarageDoorStillShut,GameplayStrings_Flashback,817,"Мешает только одна мелочь, не дающая мне уйти..."
gameplay:GameplayStrings_Flashback:818:SAW_PointingAtTower,GameplayStrings_Flashback,818,Она целится прямо в башню директора! Сейчас не могу запустить!
gameplay:GameplayStrings_Flashback:819:SAW_GoodAsNewish,GameplayStrings_Flashback,819,Как новая... почти.
gameplay:GameplayStrings_Flashback:820:SAW_RightedRocket,GameplayStrings_Flashback,820,Всё выглядит отлично! Запускаем этот киоск с мороженым.
gameplay:GameplayStrings_Flashback:821:SAW_TippedRocket,GameplayStrings_Flashback,821,"Я не настолько силён, чтобы поднять это в одиночку!"
gameplay:GameplayStrings_Flashback:822:SAW_UnusedWelder,GameplayStrings_Flashback,822,Больше не нужно с этим возиться.
gameplay:GameplayStrings_Flashback:823:SAW_BrokenControlModule,GameplayStrings_Flashback,823,Блок управления сломан. Есть запасной?
gameplay:GameplayStrings_Flashback:824:SAW_BrokenWelding,GameplayStrings_Flashback,824,Ой! Эта панель отваливается!
gameplay:GameplayStrings_Flashback:825:SAW_MissingFin,GameplayStrings_Flashback,825,У этой штуки нет кили!
gameplay:GameplayStrings_Flashback:826:SAW_JustFueledUp,GameplayStrings_Flashback,826,"Кажется, кто-то только что заправился."
gameplay:GameplayStrings_Flashback:827:SAW_GasPrices,GameplayStrings_Flashback,827,Ты в это веришь? Такие цены!
gameplay:GameplayStrings_Flashback:828:SAW_AverageJoeLabel,GameplayStrings_Flashback,828,«Надёжно запечатано замком AVERAGE JOE»
gameplay:GameplayStrings_Flashback:829:SAW_DidntOpen,GameplayStrings_Flashback,829,Не открылось...
gameplay:GameplayStrings_Flashback:830:SAW_CantLeaveGate,GameplayStrings_Flashback,830,"Не могу уйти, пока за спиной стоит неисправная ракета!"
gameplay:GameplayStrings_Flashback:831:SAW_MakeDifferentKey,GameplayStrings_Flashback,831,"Может, сделать другой ключ?"
gameplay:GameplayStrings_Flashback:832:SAW_LizHomework,GameplayStrings_Flashback,832,«Домашнее задание Лиз Н». Выглядит очень подробно.
gameplay:GameplayStrings_Flashback:833:SAW_AttachHood,GameplayStrings_Flashback,833,Можно прикрепить что-нибудь к капоту?
gameplay:GameplayStrings_Flashback:834:SAW_DrivingAwayNotMuch,GameplayStrings_Flashback,834,Уехать сейчас не поможет!
gameplay:GameplayStrings_Flashback:835:SAW_WellWellWell,GameplayStrings_Flashback,835,Что у нас тут?
gameplay:GameplayStrings_Flashback:836:SAW_KeyMeasuringStation,GameplayStrings_Flashback,836,"Это какой-то пост для измерения ключей. Ну, раз уж мы здесь..."
gameplay:GameplayStrings_Flashback:837:SAW_NotFit,GameplayStrings_Flashback,837,Это не подойдёт.
gameplay:GameplayStrings_Flashback:838:SAW_CantLaunchYet,GameplayStrings_Flashback,838,Пока не могу запустить! Посмотри на все эти ошибки.
gameplay:GameplayStrings_Flashback:839:SAW_MissingFin,GameplayStrings_Flashback,839,Не хватает целого стабилизатора!? Неужели где-то тут не лежит запасной?
gameplay:GameplayStrings_Flashback:840:SAW_CouldUsePlugs,GameplayStrings_Flashback,840,Пригодились бы пара свечей зажигания.
gameplay:GameplayStrings_Flashback:841:SAW_PitIsOpen,GameplayStrings_Flashback,841,Яма теперь открыта.
gameplay:GameplayStrings_Flashback:842:SAW_UngreasedGears,GameplayStrings_Flashback,842,Чёрт возьми! Этому механизму нужна смазка.
gameplay:GameplayStrings_Flashback:843:SAW_RadioMessage,GameplayStrings_Flashback,843,Что это должно значить?
gameplay:GameplayStrings_Flashback:844:SAW_RadioBroken,GameplayStrings_Flashback,844,Не работает... Надо проверить заднюю часть.
gameplay:GameplayStrings_Flashback:845:SAW_TableSaw,GameplayStrings_Flashback,845,Давай к делу.
gameplay:GameplayStrings_Flashback:846:SAW_KimHomework,GameplayStrings_Flashback,846,«Домашнее задание Ким А». Кто-то влюблён!
gameplay:GameplayStrings_Flashback:847:SAW_ScrewdriverLabel,GameplayStrings_Flashback,847,"Кто-то чинил этот радиоприёмник, но не закончил."
gameplay:GameplayStrings_Flashback:848:SAW_KeymakingDevice,GameplayStrings_Flashback,848,Это какое-то устройство для изготовления ключей. Попробовать?
gameplay:GameplayStrings_Flashback:849:SAW_RickHomework,GameplayStrings_Flashback,849,"«Домашнее задание Рика Т». Похоже, он не очень старался."
gameplay:GameplayStrings_Flashback:850:SAW_AdvRocketConstruction,GameplayStrings_Flashback,850,«Ракеты для умников»
gameplay:GameplayStrings_Flashback:851:SAW_ScienceTextbooks,GameplayStrings_Flashback,851,«Параллельные измерения: переход через пустоту?» Эта Лиз — серьёзная ученица.
gameplay:GameplayStrings_Flashback:852:SAW_CustomCarModding,GameplayStrings_Flashback,852,«Спокойствие и искусство обслуживания автомобилей»
gameplay:GameplayStrings_Flashback:853:SAW_AnnoyingBoss,GameplayStrings_Flashback,853,«Как справляться с наглостью»
gameplay:GameplayStrings_Flashback:854:SAW_CharlieHomework,GameplayStrings_Flashback,854,"«Домашнее задание Чарли Ю». Возможно, однажды он выпустит альбом…"
gameplay:GameplayStrings_Flashback:855:SAW_AeronautPaint,GameplayStrings_Flashback,855,«Авиационная краска»
gameplay:GameplayStrings_Flashback:856:SAW_RocketFinPlan,GameplayStrings_Flashback,856,Это чертёж для изготовления стабилизаторов ракеты. И все детали прямо здесь!
gameplay:GameplayStrings_Flashback:857:SAW_ControlBoxInstructions,GameplayStrings_Flashback,857,«Как установить блок управления. Шаг первый: вставить в розетку»
gameplay:GameplayStrings_Flashback:858:SAW_StudentsRepairRocket,GameplayStrings_Flashback,858,"Правда ли, что студенты должны чинить ракету?"
gameplay:GameplayStrings_Flashback:859:SAW_DownToWire,GameplayStrings_Flashback,859,Ремонт дошёл до последнего провода.
gameplay:GameplayStrings_Flashback:860:SAW_LicensePlate,GameplayStrings_Flashback,860,20L35R5L
gameplay:GameplayStrings_Flashback:861:SAW_Charge,GameplayStrings_Flashback,861,Заряд
gameplay:GameplayStrings_Flashback:862:SAW_LastSale,GameplayStrings_Flashback,862,Последняя продажа:
gameplay:GameplayStrings_Flashback:863:SAW_Gal,GameplayStrings_Flashback,863,гал.
gameplay:GameplayStrings_Flashback:864:SAW_Ruler1,GameplayStrings_Flashback,864,B -
gameplay:GameplayStrings_Flashback:865:SAW_Ruler2,GameplayStrings_Flashback,865,S -
gameplay:GameplayStrings_Flashback:866:SAW_Ruler3,GameplayStrings_Flashback,866,O -
gameplay:GameplayStrings_Flashback:867:SAW_Ruler4,GameplayStrings_Flashback,867,G -
gameplay:GameplayStrings_Flashback:868:SAW_Ruler5,GameplayStrings_Flashback,868,T -
gameplay:GameplayStrings_Flashback:869:SAW_Ruler6,GameplayStrings_Flashback,869,N -
gameplay:GameplayStrings_Flashback:870:SAW_Ruler7,GameplayStrings_Flashback,870,R -
gameplay:GameplayStrings_Flashback:871:SAW_Ruler8,GameplayStrings_Flashback,871,N -
gameplay:GameplayStrings_Flashback:872:SAW_Ruler9,GameplayStrings_Flashback,872,O -
gameplay:GameplayStrings_Flashback:873:SAW_Ruler10,GameplayStrings_Flashback,873,S -
gameplay:GameplayStrings_Flashback:874:SAW_Ruler11,GameplayStrings_Flashback,874,F -
gameplay:GameplayStrings_Flashback:875:SAW_Ruler12,GameplayStrings_Flashback,875,U -
gameplay:GameplayStrings_Flashback:876:SAW_KeyInscription2,GameplayStrings_Flashback,876,O
gameplay:GameplayStrings_Flashback:877:SAW_KeyInscription3,GameplayStrings_Flashback,877,E
gameplay:GameplayStrings_Flashback:878:SAW_KeyInscription1,GameplayStrings_Flashback,878,J
gameplay:GameplayStrings_Flashback:879:SAW_Gas,GameplayStrings_Flashback,879,бензин
gameplay:GameplayStrings_Flashback:880:SAW_Pls,GameplayStrings_Flashback,880,пож.
gameplay:GameplayStrings_Flashback:881:SAW_MuseCalliope,GameplayStrings_Flashback,881,Каллиопе<br>ЭПИКА
gameplay:GameplayStrings_Flashback:882:SAW_MuseClio,GameplayStrings_Flashback,882,Клио<br>ИСТОРИЯ
gameplay:GameplayStrings_Flashback:883:SAW_MuseErato,GameplayStrings_Flashback,883,Эрато<br>ЛЮБОВЬ
gameplay:GameplayStrings_Flashback:884:SAW_MusePolyhymia,GameplayStrings_Flashback,884,Полигимния<br>ОРАТОРИЯ
gameplay:GameplayStrings_Flashback:885:SAW_MuseUrania,GameplayStrings_Flashback,885,Урания<br>АСТРОНОМИЯ
gameplay:GameplayStrings_Flashback:886:SAW_MuseTerpischore,GameplayStrings_Flashback,886,Терпсихора<br>ТАНЕЦ
gameplay:GameplayStrings_Flashback:887:SAW_MuseThalia,GameplayStrings_Flashback,887,Талия<br>КОМЕДИЯ
gameplay:GameplayStrings_Flashback:888:SAW_MuseMelpomene,GameplayStrings_Flashback,888,Мельпомена<br>ТРАГЕДИЯ
gameplay:GameplayStrings_Flashback:889:SAW_MuseEuterpe,GameplayStrings_Flashback,889,Евтерпа<br>МУЗЫКА
gameplay:GameplayStrings_Flashback:890:SAW_WhosYourMuse,GameplayStrings_Flashback,890,КТО ТВОЯ МУЗА?
gameplay:GameplayStrings_Flashback:891:SAW_RocketFins,GameplayStrings_Flashback,891,Стабилизаторы ракеты
gameplay:GameplayStrings_Flashback:892:SAW_ControlBox,GameplayStrings_Flashback,892,Блок управления
gameplay:GameplayStrings_Flashback:893:SAW_GearBox,GameplayStrings_Flashback,893,Коробка передач
gameplay:GameplayStrings_Flashback:894:SAW_HullPanels,GameplayStrings_Flashback,894,Панели корпуса
gameplay:GameplayStrings_Flashback:895:SAW_ReadyToLaunch,GameplayStrings_Flashback,895,Готов<br>к запуску
gameplay:GameplayStrings_Flashback:896:SAW_IncludesServiceCharge,GameplayStrings_Flashback,896,Включает сервисный сбор<br>40¢
gameplay:GameplayStrings_Flashback:897:SAW_TMinus,GameplayStrings_Flashback,897,T-
gameplay:GameplayStrings_Flashback:898:SAW_Eel,GameplayStrings_Flashback,898,Ил
gameplay:GameplayStrings_Flashback:899:SAW_JudyJudy,GameplayStrings_Flashback,899,Джуди Джуди
gameplay:GameplayStrings_Flashback:900:SAW_Rick,GameplayStrings_Flashback,900,Рик
gameplay:GameplayStrings_Flashback:901:SAW_Liz,GameplayStrings_Flashback,901,Лиз
gameplay:GameplayStrings_Flashback:902:SAW_Kim,GameplayStrings_Flashback,902,Ким
gameplay:GameplayStrings_Flashback:903:SAW_Sandy,GameplayStrings_Flashback,903,Сэнди
gameplay:GameplayStrings_Flashback:904:SAW_Charlie,GameplayStrings_Flashback,904,Чарли
gameplay:GameplayStrings_Flashback:905:SAW_Escapade,GameplayStrings_Flashback,905,НОВЫЙ и УЛУЧШЕННЫЙ «Эскейп-Мобиль»
gameplay:GameplayStrings_Flashback:906:SAW_SafetyFirst,GameplayStrings_Flashback,906,Безопасность прежде всего
gameplay:GameplayStrings_Flashback:907:SAW_GreasePitSign,GameplayStrings_Flashback,907,Вся смазка должна храниться в смазочной яме!*<br><br><size=0.5em>*Включая помаду для волос.</size>
gameplay:GameplayStrings_Flashback:908:SAW_AutoShop,GameplayStrings_Flashback,908,Автосервис
gameplay:GameplayStrings_Flashback:909:SAW_MetalShop,GameplayStrings_Flashback,909,Металлургическая мастерская
gameplay:GameplayStrings_Flashback:910:SAW_AverageJoeSign,GameplayStrings_Flashback,910,Надёжно запечатано замком «Средний Джо»
gameplay:GameplayStrings_Flashback:911:SAW_HereComesJudy,GameplayStrings_Flashback,911,Вот и Джуди
gameplay:GameplayStrings_Flashback:912:SAW_NoSeatbelts,GameplayStrings_Flashback,912,"Ремней безопасности, чтобы тебя тормозить, нет."
gameplay:GameplayStrings_Flashback:913:SAW_ThermoCodexSign,GameplayStrings_Flashback,913,"С деталями THERMO-CODEX<br>Цвет показывает, насколько горячо может стать!"
gameplay:GameplayStrings_Flashback:914:SAW_BigBob,GameplayStrings_Flashback,914,BIG BOB
gameplay:GameplayStrings_Flashback:915:SAW_ElectricBrass,GameplayStrings_Flashback,915,ELECTRIC BRASS
gameplay:GameplayStrings_Flashback:916:SAW_MeltsOnWarmDay,GameplayStrings_Flashback,916,Плавится в жаркий день
gameplay:GameplayStrings_Flashback:917:SAW_DriveOnTheSun,GameplayStrings_Flashback,917,Езди на солнце
gameplay:GameplayStrings_Flashback:918:SAW_UncleBuddy,GameplayStrings_Flashback,918,ДЯДЯ БАДДИ
gameplay:GameplayStrings_Flashback:919:SAW_Biscuit,GameplayStrings_Flashback,919,BISCUIT
gameplay:GameplayStrings_Flashback:920:SAW_YowlinForFreedom,GameplayStrings_Flashback,920,ВЫЛЫВАЮЩИЙ СВОБОДУ
gameplay:GameplayStrings_Flashback:921:SAW_BluesForBreakfast,GameplayStrings_Flashback,921,Блюз на завтрак
gameplay:GameplayStrings_Flashback:922:SAW_TheLockettes,GameplayStrings_Flashback,922,THE LOCKETTES
gameplay:GameplayStrings_Flashback:923:SAW_TheSolve,GameplayStrings_Flashback,923,The SOLVE
gameplay:GameplayStrings_Flashback:924:SAW_KeysToMyHeart,GameplayStrings_Flashback,924,Ключи к моему сердцу
gameplay:GameplayStrings_Flashback:925:SAW_DrinkOfWater,GameplayStrings_Flashback,925,Высокий стакан воды
gameplay:GameplayStrings_Flashback:926:SAW_MamaJules,GameplayStrings_Flashback,926,MAMA JULES
gameplay:GameplayStrings_Flashback:927:SAW_DontGotAClue,GameplayStrings_Flashback,927,Я НИ О ЧЁМ НЕ ИМЕЮ ПОНЯТИЯ
gameplay:GameplayStrings_Flashback:928:SAW_HWSmooth,GameplayStrings_Flashback,928,H.W. SMOOTH
gameplay:GameplayStrings_Flashback:929:SAW_CrackingTheCode,GameplayStrings_Flashback,929,Взлом кода
gameplay:GameplayStrings_Flashback:930:SAW_Inv_RocketFin,GameplayStrings_Flashback,930,Крыло стабилизатора
gameplay:GameplayStrings_Flashback:931:SAW_Inv_UnfinishedFin,GameplayStrings_Flashback,931,Недоделанный стабилизатор
gameplay:GameplayStrings_Flashback:932:SAW_Inv_AverageKey,GameplayStrings_Flashback,932,Средний ключ
gameplay:GameplayStrings_Flashback:933:SAW_Inv_WonkyKey,GameplayStrings_Flashback,933,Кривой ключ
gameplay:GameplayStrings_Flashback:934:SAW_Inv_KeyE,GameplayStrings_Flashback,934,Ключ E
gameplay:GameplayStrings_Flashback:935:SAW_Inv_KeyJ,GameplayStrings_Flashback,935,Ключ J
gameplay:GameplayStrings_Flashback:936:SAW_Inv_KeyO,GameplayStrings_Flashback,936,Ключ O
gameplay:GameplayStrings_Flashback:937:SAW_Inv_Oil,GameplayStrings_Flashback,937,Моторное масло
gameplay:GameplayStrings_Flashback:938:SAW_Inv_ControlBox,GameplayStrings_Flashback,938,Пульт управления ракетой
gameplay:GameplayStrings_Flashback:939:SAW_Inv_Ruler,GameplayStrings_Flashback,939,Рулетка
gameplay:GameplayStrings_Flashback:940:SAW_Inv_Slang,GameplayStrings_Flashback,940,Словарь сленга
gameplay:GameplayStrings_Flashback:941:SAW_Inv_SparkPlugs,GameplayStrings_Flashback,941,Свечи зажигания ThermoCodex
gameplay:GameplayStrings_Flashback:942:SAW_Inv_VinylRecord,GameplayStrings_Flashback,942,Любимая пластинка Чарли
gameplay:GameplayStrings_Flashback:943:SAW_Inv_TowHook,GameplayStrings_Flashback,943,Буксировочный крюк
gameplay:GameplayStrings_Flashback:944:SAW_Inv_WeldingKit,GameplayStrings_Flashback,944,Набор для сварки
gameplay:GameplayStrings_Flashback:945:SAW_Horses,GameplayStrings_Flashback,945,Спокойно.
gameplay:GameplayStrings_Flashback:946:SAW_GasPumpHint1,GameplayStrings_Flashback,946,"Если 6 галлонов бензина стоят 2,26 доллара, сколько стоит 1 галлон?"
gameplay:GameplayStrings_Flashback:947:SAW_GasPumpHint2,GameplayStrings_Flashback,947,Не забудь вычесть сервисный сбор!
gameplay:GameplayStrings_Flashback:948:SAW_CoinDoorHint,GameplayStrings_Flashback,948,Сколько сейчас стоит бензин?
gameplay:GameplayStrings_Flashback:949:SAW_GasRecap,GameplayStrings_Flashback,949,Вычисли цену бензина.
gameplay:GameplayStrings_Flashback:950:SAW_HoodOrnamentRecap,GameplayStrings_Flashback,950,Открой замок на фигурке радиатора.
gameplay:GameplayStrings_Flashback:951:SAW_SparkPlugsItemLock,GameplayStrings_Flashback,951,В этом двигателе нет свечей зажигания!
gameplay:GameplayStrings_Flashback:952:SAW_SparkPlugHint1,GameplayStrings_Flashback,952,"Почему некоторые гнезда более обгоревшие, чем другие?"
gameplay:GameplayStrings_Flashback:953:SAW_SparkPlugHint2,GameplayStrings_Flashback,953,Какие цвета выдерживают наибольшую жару?
gameplay:GameplayStrings_Flashback:954:SAW_SparkPlugRecap,GameplayStrings_Flashback,954,Замени свечи зажигания в двигателе.
gameplay:GameplayStrings_Flashback:955:SAW_CarReadyToGo,GameplayStrings_Flashback,955,Машина готова к поездке!
gameplay:GameplayStrings_Flashback:956:SAW_GreaseHint,GameplayStrings_Flashback,956,Где можно найти смазку для ракеты?
gameplay:GameplayStrings_Flashback:957:SAW_GreaseGears,GameplayStrings_Flashback,957,Смажь шестерни
gameplay:GameplayStrings_Flashback:958:SAW_GreaseRecap,GameplayStrings_Flashback,958,"Выведи машину, чтобы добраться до ямы со смазкой..."
gameplay:GameplayStrings_Flashback:959:SAW_GreaseGearsHint,GameplayStrings_Flashback,959,Этим шестерням не хватает смазки!
gameplay:GameplayStrings_Flashback:960:SAW_GreaseGearsRecap,GameplayStrings_Flashback,960,И смажь шестерни.
gameplay:GameplayStrings_Flashback:961:SAW_RadioHint1,GameplayStrings_Flashback,961,Эти детали нужно соединить в точках соединения.
gameplay:GameplayStrings_Flashback:962:SAW_RadioHint2,GameplayStrings_Flashback,962,Большая деталь ставится в правый нижний угол.
gameplay:GameplayStrings_Flashback:963:SAW_RadioHint3,GameplayStrings_Flashback,963,Детали соединяются вот так.
gameplay:GameplayStrings_Flashback:964:SAW_UnlockMetalShop,GameplayStrings_Flashback,964,СМЕРИ ДВАЖДЫ
gameplay:GameplayStrings_Flashback:965:SAW_RadioRecap,GameplayStrings_Flashback,965,"Почини проигрыватель, чтобы услышать любимую песню Чарли."
gameplay:GameplayStrings_Flashback:966:SAW_RecordWallHint1,GameplayStrings_Flashback,966,Пароль от сумки Чарли на одной из этих пластинок...
gameplay:GameplayStrings_Flashback:967:SAW_RecordWallHint2,GameplayStrings_Flashback,967,Кто пел про «Большой стакан воды»?
gameplay:GameplayStrings_Flashback:968:SAW_RecordWallHint3,GameplayStrings_Flashback,968,«SOLVE» — это и есть решение!
gameplay:GameplayStrings_Flashback:969:SAW_SlangRecap,GameplayStrings_Flashback,969,"Открой рюкзак Чарли, чтобы получить рулетку."
gameplay:GameplayStrings_Flashback:970:SAW_TapeMeasureHint1,GameplayStrings_Flashback,970,Измерь дважды...
gameplay:GameplayStrings_Flashback:971:SAW_UnlockMetalRecap,GameplayStrings_Flashback,971,Измерь код доступа в мастерскую по металлу.
gameplay:GameplayStrings_Flashback:972:SAW_WeldPanel,GameplayStrings_Flashback,972,Свари панель
gameplay:GameplayStrings_Flashback:973:SAW_UnlockWeldKitRecap,GameplayStrings_Flashback,973,Открой набор для сварки...
gameplay:GameplayStrings_Flashback:974:SAW_WeldRocketRecap,GameplayStrings_Flashback,974,...и почини отвалившуюся панель ракеты.
gameplay:GameplayStrings_Flashback:975:SAW_FinishFin,GameplayStrings_Flashback,975,Доработай киль
gameplay:GameplayStrings_Flashback:976:SAW_LookThroughGoggles,GameplayStrings_Flashback,976,Посмотри через защитные очки...
gameplay:GameplayStrings_Flashback:977:SAW_GoggleHint,GameplayStrings_Flashback,977,Ты смотришь на них или через них?
gameplay:GameplayStrings_Flashback:978:SAW_SwitchesRecap,GameplayStrings_Flashback,978,...чтобы включить настольную пилу.
gameplay:GameplayStrings_Flashback:979:SAW_TableSawHint,GameplayStrings_Flashback,979,Пора вырезать этот фанерный лист!
gameplay:GameplayStrings_Flashback:980:SAW_TableSawRecap,GameplayStrings_Flashback,980,Вырежь новый киль...
gameplay:GameplayStrings_Flashback:981:SAW_RocketFinHint,GameplayStrings_Flashback,981,Киль здесь идеально встанет.
gameplay:GameplayStrings_Flashback:982:SAW_RocketFinRecap,GameplayStrings_Flashback,982,...и прикрепи его к ракете.
gameplay:GameplayStrings_Flashback:983:SAW_BadLaunch,GameplayStrings_Flashback,983,"Монстронг, у нас проблема!"
gameplay:GameplayStrings_Flashback:984:SAW_LaunchHint,GameplayStrings_Flashback,984,Пора запускать ракету!
gameplay:GameplayStrings_Flashback:985:SAW_LaunchRecap,GameplayStrings_Flashback,985,Нажми кнопку запуска...
gameplay:GameplayStrings_Flashback:986:SAW_LaunchandBreakRecap,GameplayStrings_Flashback,986,...но платформа рушится!
gameplay:GameplayStrings_Flashback:987:SAW_AverageJoePuzzle,GameplayStrings_Flashback,987,Отбуксируй ракету
gameplay:GameplayStrings_Flashback:988:SAW_WindowKeyRecap,GameplayStrings_Flashback,988,Забери ключи из офиса.
gameplay:GameplayStrings_Flashback:989:SAW_AverageJoeHint,GameplayStrings_Flashback,989,Что делает ключ Average Joe таким средним?
gameplay:GameplayStrings_Flashback:990:SAW_KeyStationHint,GameplayStrings_Flashback,990,"Сделай среднее из ключей J, O и E."
gameplay:GameplayStrings_Flashback:991:SAW_MakeKeyRecap,GameplayStrings_Flashback,991,Сделай ключ Average JOE.
gameplay:GameplayStrings_Flashback:992:SAW_CollectTowRecap,GameplayStrings_Flashback,992,Открой буксировочный крюк...
gameplay:GameplayStrings_Flashback:993:SAW_TowCarHint,GameplayStrings_Flashback,993,Пора буксировать!
gameplay:GameplayStrings_Flashback:994:SAW_TowCarRecap,GameplayStrings_Flashback,994,...и подключи его к машине...
gameplay:GameplayStrings_Flashback:995:SAW_LaunchSecondRecap,GameplayStrings_Flashback,995,...чтобы выпрямить ракету!
gameplay:GameplayStrings_Flashback:996:SAW_FileCabinets,GameplayStrings_Flashback,996,У Монстронг столько документов...
gameplay:GameplayStrings_Flashback:997:SAW_GrindsGears,GameplayStrings_Flashback,997,Это заставляет мои шестерёнки работать.
gameplay:GameplayStrings_Flashback:998:SAW_LevelHead,GameplayStrings_Flashback,998,"Придётся сохранять хладнокровие, чтобы разобраться."
gameplay:GameplayStrings_Flashback:999:SAW_MonkeyWrench,GameplayStrings_Flashback,999,Нет времени на баловство!
gameplay:GameplayStrings_Flashback:1000:SAW_Sandwich,GameplayStrings_Flashback,1000,Оно просто... дразнит меня.
gameplay:GameplayStrings_Flashback:1001:SAW_MonOfEscape,GameplayStrings_Flashback,1001,"Интересно, попадёт ли моё имя туда когда-нибудь…"
gameplay:GameplayStrings_Flashback:1002:SAW_Cone1,GameplayStrings_Flashback,1002,Безопасность прежде всего.
gameplay:GameplayStrings_Flashback:1003:SAW_Cone2,GameplayStrings_Flashback,1003,Это должно защитить меня от выхлопных газов ракеты.
gameplay:GameplayStrings_Flashback:1004:SAW_HallOfEscape,GameplayStrings_Flashback,1004,Зал эскапистов? Это место должно было открыться давным-давно.
gameplay:GameplayStrings_Flashback:1005:SAW_ToolWall,GameplayStrings_Flashback,1005,"Монстронг, наверное, только что перестроила систему хранения."
gameplay:GameplayStrings_Flashback:1006:SAW_Snipes,GameplayStrings_Flashback,1006,Б-лезди этот заказ! Нам нужно починить ракету.
gameplay:GameplayStrings_Flashback:1007:SAW_KickToIt,GameplayStrings_Flashback,1007,Мама не даёт мне пить эту штуку.
gameplay:GameplayStrings_Flashback:1008:SAW_Pallet,GameplayStrings_Flashback,1008,Махагон! У Монстронга изысканный вкус.
gameplay:GameplayStrings_Flashback:1009:SAW_NicePaint,GameplayStrings_Flashback,1009,Красиво покрашено.
gameplay:GameplayStrings_Flashback:1010:SAW_TrenchCoats,GameplayStrings_Flashback,1010,«Тренчи: руководство пользователя»
gameplay:GameplayStrings_Flashback:1011:SAW_Quanty,GameplayStrings_Flashback,1011,«Идея: интеллектуальная пишущая машинка?»
gameplay:GameplayStrings_Flashback:1012:SAW_CharlieSymphony,GameplayStrings_Flashback,1012,«Симфония Чарли в соль мажоре»
gameplay:GameplayStrings_Flashback:1013:SAW_RickHomework2,GameplayStrings_Flashback,1013,Этот парень вообще сдаёт домашку?
gameplay:GameplayStrings_Flashback:1014:SAW_Measure,GameplayStrings_Flashback,1014,Автосервис Монстронг действительно на высоте.
gameplay:GameplayStrings_Flashback:1015:SAW_Mountains,GameplayStrings_Flashback,1015,"Монстронг, похоже, побывал на многих горах."
gameplay:GameplayStrings_Flashback:1016:SAW_Drumset,GameplayStrings_Flashback,1016,Хотя у неё есть здоровый способ выплеснуть злость!
gameplay:GameplayStrings_Flashback:1017:SAW_Keybody,GameplayStrings_Flashback,1017,«Премия Keybody за инженерное искусство»
gameplay:GameplayStrings_Flashback:1018:SAW_Patent,GameplayStrings_Flashback,1018,"Надеюсь, Монстронг запатентовал всё это."
gameplay:GameplayStrings_Flashback:1019:SAW_Nuke,GameplayStrings_Flashback,1019,«Ядерная энергия: успех или безопасность? Выбери одно!»
gameplay:GameplayStrings_Flashback:1020:SAW_ExposedWires,GameplayStrings_Flashback,1020,Безопасность — последнее дело.
gameplay:GameplayStrings_Flashback:1021:SAW_Laundry,GameplayStrings_Flashback,1021,"Она что, тут живёт?"
gameplay:GameplayStrings_Flashback:1022:SAW_FlameBarrel,GameplayStrings_Flashback,1022,Это не прошло бы проверку.
gameplay:GameplayStrings_Flashback:1023:SAW_Anvil,GameplayStrings_Flashback,1023,Откуда это свалилось?
gameplay:GameplayStrings_Flashback:1024:SAW_RecordPlayerCTA,GameplayStrings_Flashback,1024,Что такое проигрыватель без пластинки?
gameplay:GameplayStrings_Flashback:1025:SAW_RecordPlayerBroken,GameplayStrings_Flashback,1025,Хм... не работает. Я могу починить?
gameplay:GameplayStrings_Flashback:1026:SAW_RecordPlayerFixed,GameplayStrings_Flashback,1026,Здорово!
gameplay:GameplayStrings_Flashback:1027:SAW_CharlieHint,GameplayStrings_Flashback,1027,"«Возьми что угодно из моего рюкзака, если будешь слушать хорошие группы»."
gameplay:GameplayStrings_Flashback:1028:25cents,GameplayStrings_Flashback,1028,Монеты по 25 центов
gameplay:GameplayStrings_Flashback:1029:SAW_Schematic,GameplayStrings_Flashback,1029,Загадочная схема
gameplay:GameplayStrings_Flashback:1030:SAW_MetalClueA,GameplayStrings_Flashback,1030,Пароль от мастерской?
gameplay:GameplayStrings_Flashback:1031:SAW_MetalClueB,GameplayStrings_Flashback,1031,Смери дважды!
gameplay:GameplayStrings_Flashback:1032:SAW_WhatToMeasure,GameplayStrings_Flashback,1032,Что у нас тут?
gameplay:GameplayStrings_Flashback:1033:SAW_Launch,GameplayStrings_Flashback,1033,ЗАПУСК
gameplay:GameplayStrings_Flashback:1034:SAW_ErrorMessage,GameplayStrings_Flashback,1034,"Наверное, стоит это починить..."
gameplay:GameplayStrings_Flashback:1035:SAW_FixedMessage,GameplayStrings_Flashback,1035,Всё готово. Что дальше?
gameplay:GameplayStrings_Flashback:1036:SAW_1GalGasPlease,GameplayStrings_Flashback,1036,"1 галлон бензина, пожалуйста"
gameplay:GameplayStrings_Flashback:1037:SAW_CarIsParked,GameplayStrings_Flashback,1037,Машина выехала из гаража. Что теперь?
gameplay:GameplayStrings_Flashback:1038:SAW_EscapistTimes,GameplayStrings_Flashback,1038,"«Эскапист Таймс» – «Пояс безопасности? Кто их носит!» – заявляет эскапист, покрытый осколками стекла»"
gameplay:GameplayStrings_Flashback:1039:SAW_KeymakingStationLocked,GameplayStrings_Flashback,1039,Это станция для изготовления ключей! Но там нет заготовок для фрезерования...
gameplay:GameplayStrings_Flashback:1040:SAW_Inv_KeyBlanks,GameplayStrings_Flashback,1040,Заготовки для ключей
gameplay:GameplayStrings_Flashback:1041:SAW_Paint1,GameplayStrings_Flashback,1041,Пахнет хорошо!
gameplay:GameplayStrings_Flashback:1042:SAW_FuelCanLabel,GameplayStrings_Flashback,1042,Заливай меня хоть раз – стыд тебе!
gameplay:GameplayStrings_Flashback:1044:S_SAW_SlangHeader,GameplayStrings_Flashback,1044,"Сленг, чтобы казаться крутым перед учениками"
gameplay:GameplayStrings_Flashback:1045:S_SAW_Slang1,GameplayStrings_Flashback,1045,«Ankle Biter» = ребёнок
gameplay:GameplayStrings_Flashback:1046:S_SAW_Slang2,GameplayStrings_Flashback,1046,«Burn Rubber» = ехать очень быстро
gameplay:GameplayStrings_Flashback:1047:S_SAW_Slang3,GameplayStrings_Flashback,1047,«Daddy-O» = крутой парень
gameplay:GameplayStrings_Flashback:1048:S_SAW_Slang4,GameplayStrings_Flashback,1048,«Flick» = фильм
gameplay:GameplayStrings_Flashback:1049:S_SAW_Slang5,GameplayStrings_Flashback,1049,"«Grody» = неряшливый, запутанный"
gameplay:GameplayStrings_Flashback:1050:S_SAW_Slang6,GameplayStrings_Flashback,1050,«Nest» = плохая причёска
gameplay:GameplayStrings_Flashback:1051:S_SAW_Slang7,GameplayStrings_Flashback,1051,«One on the City» = стакан воды
gameplay:GameplayStrings_Flashback:1052:S_SAW_Slang8,GameplayStrings_Flashback,1052,«Radioactive» = очень популярный
gameplay:GameplayStrings_Flashback:1053:S_SAW_Slang9,GameplayStrings_Flashback,1053,«Sides» = виниловые пластинки
gameplay:GameplayStrings_Flashback:1054:S_SAW_Slang10,GameplayStrings_Flashback,1054,«Taken off the payroll» = убит
gameplay:GameplayStrings_Flashback:1055:S_SAW_RobotRules,GameplayStrings_Flashback,1055,"Думай головой, слушай сердце"
gameplay:GameplayStrings_Flashback:1056:S_ORR_Clue1a,GameplayStrings_Flashback,1056,ВЗОРВИ
gameplay:GameplayStrings_Flashback:1057:S_ORR_Clue1b,GameplayStrings_Flashback,1057,ПОРОХ
gameplay:GameplayStrings_Flashback:1058:S_ORR_Clue1c,GameplayStrings_Flashback,1058,ПУШКУ♥
gameplay:GameplayStrings_Flashback:1059:S_ORR_Clue2a,GameplayStrings_Flashback,1059,ПОБЕГ♠
gameplay:GameplayStrings_Flashback:1060:S_ORR_Clue2b,GameplayStrings_Flashback,1060,ИЛИ
gameplay:GameplayStrings_Flashback:1061:S_ORR_Clue2c,GameplayStrings_Flashback,1061,СМЕРТЬ
gameplay:GameplayStrings_Flashback:1062:S_ORR_Clue3a,GameplayStrings_Flashback,1062,СОПЕРНИКИ
gameplay:GameplayStrings_Flashback:1063:S_ORR_Clue3b,GameplayStrings_Flashback,1063,ДО<color=#ffffff00>X</color>КРАЙНЕГО
gameplay:GameplayStrings_Flashback:1064:S_ORR_Clue3c,GameplayStrings_Flashback,1064,ГОРЬКОГО<color=#ffffff00>X</color>КОНЦА
gameplay:GameplayStrings_Flashback:1065:S_ORR_Clue4a,GameplayStrings_Flashback,1065,ТОЛЬКО<color=#ffffff00>X</color>РЕШИТЕЛЬНЫЕ
gameplay:GameplayStrings_Flashback:1066:S_ORR_Clue4b,GameplayStrings_Flashback,1066,УСПЕВАЮТ
gameplay:GameplayStrings_Flashback:1067:S_ORR_Clue4c,GameplayStrings_Flashback,1067,ВЫИГРАЮТ
gameplay:GameplayStrings_Flashback:1068:S_ORR_Clue1,GameplayStrings_Flashback,1068,Взорви порох
gameplay:GameplayStrings_Flashback:1069:S_ORR_Clue2,GameplayStrings_Flashback,1069,Побег или смерть
gameplay:GameplayStrings_Flashback:1070:S_ORR_Clue3,GameplayStrings_Flashback,1070,Соперники до горького конца
gameplay:GameplayStrings_Flashback:1071:S_ORR_Clue4,GameplayStrings_Flashback,1071,Только решительные выигрывают
gameplay:GameplayStrings_Flashback:1073:ROB_HookPoint,GameplayStrings_Flashback,1073,Я не могу просто <i>прыгнуть</i> вниз!
gameplay:GameplayStrings_Flashback:1074:S_ROB_APR,GameplayStrings_Flashback,1074,АПР
gameplay:GameplayStrings_Flashback:1075:S_ROB_MAY,GameplayStrings_Flashback,1075,МАЙ
gameplay:GameplayStrings_Flashback:1076:S_ROB_JUN,GameplayStrings_Flashback,1076,ИЮН
gameplay:GameplayStrings_Flashback:1077:S_ROB_JUL,GameplayStrings_Flashback,1077,ИЮЛ
gameplay:GameplayStrings_Flashback:1078:S_ROB_AUG,GameplayStrings_Flashback,1078,АВГ
gameplay:GameplayStrings_Flashback:1079:S_ROB_SEP,GameplayStrings_Flashback,1079,СЕН
gameplay:GameplayStrings_Flashback:1080:climb,GameplayStrings_Flashback,1080,Забраться
gameplay:GameplayStrings_Flashback:1081:ROB_FunAndGames,GameplayStrings_Flashback,1081,Неужели сейчас время для развлечений?
gameplay:GameplayStrings_Flashback:1082:ROB_WaterDrain,GameplayStrings_Flashback,1082,Вода должна стечь
gameplay:GameplayStrings_Flashback:1083:ROB_AintFree,GameplayStrings_Flashback,1083,Эта игра не бесплатная!
gameplay:GameplayStrings_Flashback:1084:ROB_HarnessAttach,GameplayStrings_Flashback,1084,"Похоже, это сделано для крепления к какой-то страховке..."
gameplay:GameplayStrings_Flashback:1091:ROB_TimeMoney,GameplayStrings_Flashback,1091,Время — деньги.
gameplay:GameplayStrings_Flashback:1092:ROB_SlideProjector,GameplayStrings_Flashback,1092,Этому проектору нужны слайды.
gameplay:GameplayStrings_Flashback:1093:ROB_OhDeer,GameplayStrings_Flashback,1093,"Ой, олень."
gameplay:GameplayStrings_Flashback:1094:ROB_Train,GameplayStrings_Flashback,1094,Я готовился к этому моменту...
gameplay:GameplayStrings_Flashback:1095:ROB_TimeToClimb,GameplayStrings_Flashback,1095,Нет времени спускаться.
gameplay:GameplayStrings_Flashback:1096:ROB_DonaldsonCabinet,GameplayStrings_Flashback,1096,Четыреста двадцать пять больших. Всё на месте.
gameplay:GameplayStrings_Flashback:1097:ROB_InvisibleInk,GameplayStrings_Flashback,1097,"«Невидимые чернила». Надеюсь, я не испачкался!"
gameplay:GameplayStrings_Flashback:1098:ROB_SaysWho,GameplayStrings_Flashback,1098,Кто это сказал?
gameplay:GameplayStrings_Flashback:1099:ROB_WaterCooler,GameplayStrings_Flashback,1099,Не бывает ничего прохладнее.
gameplay:GameplayStrings_Flashback:1100:ROB_SaveVisor,GameplayStrings_Flashback,1100,Надо оставить пару крутых визоров остальным студентам.
gameplay:GameplayStrings_Flashback:1101:ROB_VendingDisplay1,GameplayStrings_Flashback,1101,Зелёные визоры
gameplay:GameplayStrings_Flashback:1102:ROB_VendingDisplay2,GameplayStrings_Flashback,1102,Всего 25¢
gameplay:GameplayStrings_Flashback:1103:ROB_VendingDisplay3,GameplayStrings_Flashback,1103,Стань бухгалтером!
gameplay:GameplayStrings_Flashback:1104:ROB_HeistTitle,GameplayStrings_Flashback,1104,КРАЖА!
gameplay:GameplayStrings_Flashback:1105:ROB_SimonDoor,GameplayStrings_Flashback,1105,Саймона
gameplay:GameplayStrings_Flashback:1106:ROB_SimonSays,GameplayStrings_Flashback,1106,Саймон говорит:<br>A-B-C-<br>A-D-B-C
gameplay:GameplayStrings_Flashback:1107:ROB_GuyDoor,GameplayStrings_Flashback,1107,Гая
gameplay:GameplayStrings_Flashback:1108:ROB_GuySays,GameplayStrings_Flashback,1108,Гай говорит:<br>A-B-C-<br>A-D-B-C
gameplay:GameplayStrings_Flashback:1109:ROB_PlansNotIncluded,GameplayStrings_Flashback,1109,Планы не включены!
gameplay:GameplayStrings_Flashback:1110:ROB_Donaldson,GameplayStrings_Flashback,1110,Джеберсон
gameplay:GameplayStrings_Flashback:1111:ROB_SimonOnly,GameplayStrings_Flashback,1111,Только для Гая
gameplay:GameplayStrings_Flashback:1112:ROB_Level,GameplayStrings_Flashback,1112,ЭТАЖ
gameplay:GameplayStrings_Flashback:1113:ROB_Inv_Deed,GameplayStrings_Flashback,1113,Свидетельство о праве собственности на Академию побегов
gameplay:GameplayStrings_Flashback:1114:ROB_Inv_Harness,GameplayStrings_Flashback,1114,Груминг-крюк
gameplay:GameplayStrings_Flashback:1115:ROB_Inv_Checklist,GameplayStrings_Flashback,1115,Чек-лист
gameplay:GameplayStrings_Flashback:1116:ROB_Inv_Schematic,GameplayStrings_Flashback,1116,План урока
gameplay:GameplayStrings_Flashback:1117:ROB_Inv_Newspaper,GameplayStrings_Flashback,1117,«Время эскапистов»
gameplay:GameplayStrings_Flashback:1118:ROB_Inv_Portfolio,GameplayStrings_Flashback,1118,Финансовая отчётность
gameplay:GameplayStrings_Flashback:1119:ROB_Inv_Slide,GameplayStrings_Flashback,1119,Слайд для проектора
gameplay:GameplayStrings_Flashback:1120:ROB_Inv_Visor,GameplayStrings_Flashback,1120,Зелёный визор
gameplay:GameplayStrings_Flashback:1121:ROB_Inv_Harness_Duplicate,GameplayStrings_Flashback,1121,У меня уже есть страховочная система.
gameplay:GameplayStrings_Flashback:1122:ROB_Inv_Crowbar,GameplayStrings_Flashback,1122,Монтировка
gameplay:GameplayStrings_Flashback:1123:ROB_PipeOnWall,GameplayStrings_Flashback,1123,<i>Это не подсказка.</i>
gameplay:GameplayStrings_Flashback:1124:ROB_CookBooks,GameplayStrings_Flashback,1124,«Искусство кулинарных книг: 101 вкусный рецепт»
gameplay:GameplayStrings_Flashback:1125:ROB_Shofar,GameplayStrings_Flashback,1125,"Шофар, звучит отлично."
gameplay:GameplayStrings_Flashback:1126:ROB_MisterHeistGuy,GameplayStrings_Flashback,1126,«Побег от жизни преступника»
gameplay:GameplayStrings_Flashback:1127:ROB_Certificate1,GameplayStrings_Flashback,1127,«Премия за липкие пальцы»
gameplay:GameplayStrings_Flashback:1128:ROB_MapsAndSchematics,GameplayStrings_Flashback,1128,Много старых карт и схем…
gameplay:GameplayStrings_Flashback:1129:ROB_StealALook,GameplayStrings_Flashback,1129,Пора украдкой взглянуть в зеркало.
gameplay:GameplayStrings_Flashback:1130:ROB_Ram,GameplayStrings_Flashback,1130,"Гай, похоже, втиснул сюда кучу декора!"
gameplay:GameplayStrings_Flashback:1131:ROB_AxeDecor,GameplayStrings_Flashback,1131,Нет времени на rel<i>axe</i>!
gameplay:GameplayStrings_Flashback:1132:ROB_BullMarket,GameplayStrings_Flashback,1132,"Слышал, это бычий рынок."
gameplay:GameplayStrings_Flashback:1133:ROB_Plant1,GameplayStrings_Flashback,1133,"Думаю, всё идёт по плану."
gameplay:GameplayStrings_Flashback:1134:ROB_Elevator1,GameplayStrings_Flashback,1134,"До встречи, лифт."
gameplay:GameplayStrings_Flashback:1135:ROB_Scales,GameplayStrings_Flashback,1135,У меня есть особый набор весов.
gameplay:GameplayStrings_Flashback:1136:ROB_Typewriter1,GameplayStrings_Flashback,1136,"О, это мой тип."
gameplay:GameplayStrings_Flashback:1137:ROB_Wine1,GameplayStrings_Flashback,1137,"У Гая, похоже, изысканный вкус."
gameplay:GameplayStrings_Flashback:1138:ROB_DisplayCase,GameplayStrings_Flashback,1138,"Джисборну, наверное, пришлось потрудиться, чтобы собрать всё это."
gameplay:GameplayStrings_Flashback:1139:ROB_Guitar,GameplayStrings_Flashback,1139,Не стоит переживать из-за этого.
gameplay:GameplayStrings_Flashback:1140:ROB_Plant2,GameplayStrings_Flashback,1140,"Пора уходить, как листья с дерева."
gameplay:GameplayStrings_Flashback:1141:ROB_BrokeBank,GameplayStrings_Flashback,1141,"Похоже, эта головоломка разорила банк."
gameplay:GameplayStrings_Flashback:1142:ROB_LockedHatch,GameplayStrings_Flashback,1142,"Эта крышка слишком тяжёлая, чтобы поднять её руками."
gameplay:GameplayStrings_Flashback:1143:ROB_BoxPile,GameplayStrings_Flashback,1143,"Просто прикидываю, сколько тут всего папок…"
gameplay:GameplayStrings_Flashback:1144:ROB_FileCabinetName,GameplayStrings_Flashback,1144,Джеберсон
gameplay:GameplayStrings_Flashback:1145:ROB_CollectSlides,GameplayStrings_Flashback,1145,Собери все четыре слайда…
gameplay:GameplayStrings_Flashback:1146:ROB_ProjectorNeedsSlides,GameplayStrings_Flashback,1146,Этому проектору не хватает этих слайдов.
gameplay:GameplayStrings_Flashback:1147:ROB_TakeStock,GameplayStrings_Flashback,1147,Оцени рынок
gameplay:GameplayStrings_Flashback:1148:ROB_LookAtSlides,GameplayStrings_Flashback,1148,И изучи данные по акциям…
gameplay:GameplayStrings_Flashback:1149:ROB_SolvePortfolio,GameplayStrings_Flashback,1149,Чтобы рассчитать стоимость портфеля…
gameplay:GameplayStrings_Flashback:1150:ROB_PortfolioHint1,GameplayStrings_Flashback,1150,В июне было куплено 4 акции PUZ.
gameplay:GameplayStrings_Flashback:1151:ROB_PortfolioHint2,GameplayStrings_Flashback,1151,В апреле были куплены акции CLU.
gameplay:GameplayStrings_Flashback:1152:ROB_UnlockFile,GameplayStrings_Flashback,1152,И открой архивный шкаф.
gameplay:GameplayStrings_Flashback:1153:ROB_BoardGames,GameplayStrings_Flashback,1153,Обхитри систему
gameplay:GameplayStrings_Flashback:1154:ROB_LockPatterns,GameplayStrings_Flashback,1154,Узоры на этом замке совпадают со змеями на поле.
gameplay:GameplayStrings_Flashback:1155:ROB_SnakeRules,GameplayStrings_Flashback,1155,В чём разница от головы змеи до хвоста?
gameplay:GameplayStrings_Flashback:1156:ROB_SnakeRecap,GameplayStrings_Flashback,1156,"Используй настольную игру, чтобы открыть сундук."
gameplay:GameplayStrings_Flashback:1157:ROB_HeistBoardGame,GameplayStrings_Flashback,1157,И найди внутри настольную игру «Атрак».
gameplay:GameplayStrings_Flashback:1158:ROB_HeistPlanHint1,GameplayStrings_Flashback,1158,Следуй указаниям на этом плане атрака…
gameplay:GameplayStrings_Flashback:1159:ROB_HeistPlanHint2,GameplayStrings_Flashback,1159,"A — ВВЕРХ, B — ВНИЗ…"
gameplay:GameplayStrings_Flashback:1160:ROB_HeistPlanHint3,GameplayStrings_Flashback,1160,Где ещё ты видел это имя?
gameplay:GameplayStrings_Flashback:1161:ROB_UnlockOfficeDoor,GameplayStrings_Flashback,1161,"Используй настольную игру, чтобы открыть дверь в кабинет."
gameplay:GameplayStrings_Flashback:1162:ROB_GetRope,GameplayStrings_Flashback,1162,Открой верёвку
gameplay:GameplayStrings_Flashback:1163:ROB_SmashBank,GameplayStrings_Flashback,1163,"Разбей копилку, чтобы собрать монеты."
gameplay:GameplayStrings_Flashback:1164:ROB_UnlockSewer,GameplayStrings_Flashback,1164,Выгляди как бухгалтер
gameplay:GameplayStrings_Flashback:1165:ROB_VisorHint,GameplayStrings_Flashback,1165,Эти монеты можно использовать и для другого…
gameplay:GameplayStrings_Flashback:1166:ROB_Footprints1,GameplayStrings_Flashback,1166,Следуй по следам…
gameplay:GameplayStrings_Flashback:1167:ROB_Footprints2,GameplayStrings_Flashback,1167,"Нажимай на ящики архива в том же порядке, что и следы."
gameplay:GameplayStrings_Flashback:1168:ROB_VisorRecap,GameplayStrings_Flashback,1168,Надень визор бухгалтера.
gameplay:GameplayStrings_Flashback:1169:ROB_FootprintsRecap,GameplayStrings_Flashback,1169,Следуй по невидимым следам по комнате…
gameplay:GameplayStrings_Flashback:1170:ROB_UnlockNewspaper,GameplayStrings_Flashback,1170,Чтобы открыть газету
gameplay:GameplayStrings_Flashback:1171:ROB_CrosswordHint1,GameplayStrings_Flashback,1171,2 по горизонтали — «НАЛОГИ»
gameplay:GameplayStrings_Flashback:1172:ROB_CrosswordHint2,GameplayStrings_Flashback,1172,1 по вертикали — «МАНИЛА»
gameplay:GameplayStrings_Flashback:1173:ROB_SolveCrossword,GameplayStrings_Flashback,1173,"Реши кроссворд, чтобы получить монтировку…"
gameplay:GameplayStrings_Flashback:1174:ROB_HatchRecap,GameplayStrings_Flashback,1174,"И используй её, чтобы выбить люк."
gameplay:GameplayStrings_Flashback:1175:ROB_Type1,GameplayStrings_Flashback,1175,"«Отчёт о расходах — Виндзор, Горацио — Раздел 12: Банановые плантации»"
gameplay:GameplayStrings_Flashback:1176:ROB_Type2,GameplayStrings_Flashback,1176,«Прибыль и убытки. В основном убытки»
gameplay:GameplayStrings_Flashback:1177:ROB_Type3,GameplayStrings_Flashback,1177,"«Операция „Долгий Джон“, Шаг 1: Приобрести костюм для дайвинга»"
gameplay:GameplayStrings_Flashback:1178:ROB_Billiards,GameplayStrings_Flashback,1178,Собери деньги!
gameplay:GameplayStrings_Flashback:1179:ROB_Files1,GameplayStrings_Flashback,1179,Осматриваю все эти досье.
gameplay:GameplayStrings_Flashback:1180:ROB_Binders1,GameplayStrings_Flashback,1180,Архив операций: 1951–1952
gameplay:GameplayStrings_Flashback:1181:ROB_Corkboard,GameplayStrings_Flashback,1181,«ПРОДАМ: Гак. Я обновился. — Гай»
gameplay:GameplayStrings_Flashback:1182:ROB_Dart,GameplayStrings_Flashback,1182,В самое сердце.
gameplay:GameplayStrings_Flashback:1183:ROB_Clover,GameplayStrings_Flashback,1183,Гисборн сам создаёт свою удачу.
gameplay:GameplayStrings_Flashback:1184:ROB_Magazine,GameplayStrings_Flashback,1184,«Дайджест воровства»
gameplay:GameplayStrings_Flashback:1185:ROB_ElevatorInspection,GameplayStrings_Flashback,1185,«Последняя проверка: Мэдс Монстронг. 29 октября»
gameplay:GameplayStrings_Flashback:1186:ROB_Wine2,GameplayStrings_Flashback,1186,Шато «Эскейп». Только разлито.
gameplay:GameplayStrings_Flashback:1187:ROB_Plant2b,GameplayStrings_Flashback,1187,У этого дерева не очень здоровый вид…
gameplay:GameplayStrings_Flashback:1188:ROB_TravelTable,GameplayStrings_Flashback,1188,"Профессор Гисборн, похоже, планирует много поездок."
gameplay:GameplayStrings_Flashback:1189:ROB_HeistCold,GameplayStrings_Flashback,1189,«Холодный грабёж: Кража в Антарктиде»
gameplay:GameplayStrings_Flashback:1190:ROB_Telescope,GameplayStrings_Flashback,1190,Обидно. Я надеялся на калейдоскоп.
gameplay:GameplayStrings_Flashback:1191:ROB_Spices,GameplayStrings_Flashback,1191,"Ах, приправа к жизни."
gameplay:GameplayStrings_Flashback:1192:ROB_KeyToCity,GameplayStrings_Flashback,1192,"Интересно, от какого города этот ключ отсутствует…"
gameplay:GameplayStrings_Flashback:1193:ROB_Guywriter,GameplayStrings_Flashback,1193,«В Институт Ребусов: Мне будет честь присутствовать на вашем Зимнем бале в качестве почётного гостя…»
gameplay:GameplayStrings_Flashback:1194:ROB_Debris,GameplayStrings_Flashback,1194,Нет времени на прогулки. Я здесь граблю!
gameplay:GameplayStrings_Flashback:1195:ROB_SafetyBoxes,GameplayStrings_Flashback,1195,"Надеюсь, безопасность не была их главным преимуществом."
gameplay:GameplayStrings_Flashback:1196:ROB_Necklace,GameplayStrings_Flashback,1196,«Колье Вильмы Вандербанч — третьего директора Академии побегов»
gameplay:GameplayStrings_Flashback:1197:ROB_WarrenP1,GameplayStrings_Flashback,1197,"«Директор Уоррен Пирс, известный своим спокойствием и умением гасить конфликты»."
gameplay:GameplayStrings_Flashback:1198:ROB_WarrenP2,GameplayStrings_Flashback,1198,"«Директор Уоррен Пирс, на фото обезглавливает потенциального узурпатора»."
gameplay:GameplayStrings_Flashback:1199:ROB_Gail,GameplayStrings_Flashback,1199,"«Директор Гейл Гелленбоппер, запомнившаяся заказом на строительство библиотеки Академии»."
gameplay:GameplayStrings_Flashback:1200:ROB_HoratioPort,GameplayStrings_Flashback,1200,«Директор Горацио Виндзор». Этот портрет выглядит чуть больше остальных…
gameplay:GameplayStrings_Flashback:1201:ROB_Monacle,GameplayStrings_Flashback,1201,«Монокль директора». Всё так размыто. Какая у него диоптрия?
gameplay:GameplayStrings_Flashback:1202:ROB_Grail,GameplayStrings_Flashback,1202,«Грааль потерянного эскаписта. Найден и отреставрирован директором Р.Э. Клайнером».
gameplay:GameplayStrings_Flashback:1203:ROB_Sword,GameplayStrings_Flashback,1203,«Дейстрикер. Защитник Академии».
gameplay:GameplayStrings_Flashback:1204:ROB_WineKey,GameplayStrings_Flashback,1204,"«Ключ директора. Первый ключ, когда-либо откованный на кампусе. Открывал винные погреба»."
gameplay:GameplayStrings_Flashback:1205:ROB_EscapistTimes,GameplayStrings_Flashback,1205,"Эскапист Таймс – «Вор-писатель крадёт важные клавиши (Пожалуйста, верните)»"
gameplay:GameplayStrings_Flashback:1206:ROB_PlantHealthy,GameplayStrings_Flashback,1206,Какой здоровый куст!
gameplay:GameplayStrings_Flashback:1207:ROB_HeadmasterOnly,GameplayStrings_Flashback,1207,Только для директора
gameplay:GameplayStrings_Flashback:1208:ROB_PinballCoinSlot,GameplayStrings_Flashback,1208,"«Вбрось монету, чтобы играть»"
gameplay:GameplayStrings_Flashback:1209:ROB_PinballHint1,GameplayStrings_Flashback,1209,Положи по одному шару в каждый слот.
gameplay:GameplayStrings_Flashback:1210:ROB_PinballHint2,GameplayStrings_Flashback,1210,Обязательно думай на пару ходов вперёд!
gameplay:GameplayStrings_Flashback:1211:ROB_PinballRecap,GameplayStrings_Flashback,1211,Сыграй в пинбол.
gameplay:GameplayStrings_Flashback:1212:ROB_AbacusRecap,GameplayStrings_Flashback,1212,Открой замок-счётчик.
gameplay:GameplayStrings_Flashback:1213:ROB_RopeRecap,GameplayStrings_Flashback,1213,Собери верёвку.
gameplay:GameplayStrings_Flashback:1214:ROB_DescentPuzzle,GameplayStrings_Flashback,1214,Спустись в канализацию
gameplay:GameplayStrings_Flashback:1215:ROB_DescentHint1,GameplayStrings_Flashback,1215,Этот клапан открыт и затапливает канализацию.
gameplay:GameplayStrings_Flashback:1216:ROB_DescentHint2,GameplayStrings_Flashback,1216,"Есть пары клапанов одного цвета. Когда один открывается, другой закрывается."
gameplay:GameplayStrings_Flashback:1217:ROB_DescentHint3,GameplayStrings_Flashback,1217,Какие клапаны перекроют воду для наибольшего числа труб?
gameplay:GameplayStrings_Flashback:1218:ROB_DescentRecap,GameplayStrings_Flashback,1218,Слей воду из канализации.
gameplay:GameplayStrings_Flashback:1219:ROB_NotchHatchHint1,GameplayStrings_Flashback,1219,Эта насечка находится в левом нижнем углу этого кирпича…
gameplay:GameplayStrings_Flashback:1220:ROB_HatchLadderRecap,GameplayStrings_Flashback,1220,"Открой люк, чтобы попасть в вестибюль хранилища."
gameplay:GameplayStrings_Flashback:1221:ROB_VaultLobbyPuzzle,GameplayStrings_Flashback,1221,Открой хранилище
gameplay:GameplayStrings_Flashback:1222:ROB_SpotlightHint1,GameplayStrings_Flashback,1222,"Пройди по полу, не попадая под лучи прожекторов."
gameplay:GameplayStrings_Flashback:1223:ROB_SpotlightHint2,GameplayStrings_Flashback,1223,Каждое отверстие на диске соответствует одному прожектору на полу.
gameplay:GameplayStrings_Flashback:1224:ROB_SpotlightRecap,GameplayStrings_Flashback,1224,"Пересеките пол вестибюля, не задевая прожекторы…"
gameplay:GameplayStrings_Flashback:1225:ROB_VaultHint1,GameplayStrings_Flashback,1225,На каждой планке двери не должно быть красного.
gameplay:GameplayStrings_Flashback:1226:ROB_VaultHint2,GameplayStrings_Flashback,1226,"Продолжай двигать лишние насечки, пока они не встанут на планку, которой они нужны."
gameplay:GameplayStrings_Flashback:1227:ROB_VaultRecap,GameplayStrings_Flashback,1227,…и открой дверь сейфа…
gameplay:GameplayStrings_Flashback:1228:ROB_DeedRecap,GameplayStrings_Flashback,1228,…чтобы украсть документы на Академию побегов!
gameplay:GameplayStrings_Flashback:1229:ROB_MidasLabel,GameplayStrings_Flashback,1229,"Пусть всё, к чему ты прикоснёшься, обратится в золото"
gameplay:GameplayStrings_Flashback:1230:ROB_AxeScrews,GameplayStrings_Flashback,1230,Она прикреплена золотыми шурупами…
gameplay:GameplayStrings_Flashback:1231:ROB_BreakGlassSign,GameplayStrings_Flashback,1231,В случае ЧП: разбить стекло
gameplay:GameplayStrings_Flashback:1232:ROB_GlassTooHard,GameplayStrings_Flashback,1232,"Это стекло твёрдое, как алмаз, я не смогу разбить его голыми руками!"
gameplay:GameplayStrings_Flashback:1233:ROB_GlassTooHardWrong,GameplayStrings_Flashback,1233,"Этого недостаточно твёрдого, чтобы разбить стекло!"
gameplay:GameplayStrings_Flashback:1234:ROB_2GoldBars,GameplayStrings_Flashback,1234,Два золотых слитка…
gameplay:GameplayStrings_Flashback:1235:ROB_4GoldBars,GameplayStrings_Flashback,1235,Четыре золотых слитка…
gameplay:GameplayStrings_Flashback:1236:ROB_3GoldBars,GameplayStrings_Flashback,1236,Три золотых слитка…
gameplay:GameplayStrings_Flashback:1237:ROB_1GoldBar,GameplayStrings_Flashback,1237,Один золотой слиток…
gameplay:GameplayStrings_Flashback:1238:ROB_Inv_Screwdriver,GameplayStrings_Flashback,1238,Золотая отвёртка
gameplay:GameplayStrings_Flashback:1239:ROB_ElevatorRecap,GameplayStrings_Flashback,1239,Поднимись на лифте с шиком.
gameplay:GameplayStrings_Flashback:1240:ROB_EscapeFloodPuzzle,GameplayStrings_Flashback,1240,Спасись от потопа
gameplay:GameplayStrings_Flashback:1241:ROB_FloodedVaultRecap,GameplayStrings_Flashback,1241,БУМ! Хранилище начинает затапливать!
gameplay:GameplayStrings_Flashback:1242:ROB_MidasHint1,GameplayStrings_Flashback,1242,"«Пусть всё, к чему ты прикоснёшься, ОБРАТИТСЯ в ЗОЛОТО…»"
gameplay:GameplayStrings_Flashback:1243:ROB_MidasHint2,GameplayStrings_Flashback,1243,Сколько пальцев указывает каждая рука?
gameplay:GameplayStrings_Flashback:1244:ROB_MidasHint3,GameplayStrings_Flashback,1244,Вот тут лежат четыре золотых слитка…
gameplay:GameplayStrings_Flashback:1245:ROB_MidasBoxRecap,GameplayStrings_Flashback,1245,Укажи на всё золото в хранилище…
gameplay:GameplayStrings_Flashback:1246:ROB_ScrewdriverRecap,GameplayStrings_Flashback,1246,…чтобы получить золотую отвёртку.
gameplay:GameplayStrings_Flashback:1247:Inv_ROB_Axe,GameplayStrings_Flashback,1247,Алмазный топор
gameplay:GameplayStrings_Flashback:1248:ROB_AxeRecap,GameplayStrings_Flashback,1248,Открути алмазный топор…
gameplay:GameplayStrings_Flashback:1249:ROB_BreakGlassRecap,GameplayStrings_Flashback,1249,…и опусти люстру…
gameplay:GameplayStrings_Flashback:1250:ROB_ClimbRecap,GameplayStrings_Flashback,1250,"Взбирайся наверх, чтобы спастись!"
gameplay:GameplayStrings_Flashback:1251:ROB_Plates,GameplayStrings_Flashback,1251,Гай не дурак. Это золото!
gameplay:GameplayStrings_Flashback:1252:ROB_Elevator1,GameplayStrings_Flashback,1252,Я не могу уйти! Мне нужно забрать акт!
gameplay:GameplayStrings_Flashback:1253:ROB_Elevator2,GameplayStrings_Flashback,1253,"Я пока не могу уйти, у меня нет акта!"
gameplay:GameplayStrings_Flashback:1254:ROB_Elevator3,GameplayStrings_Flashback,1254,Этот лифт ведёт в хранилище… но доступ к нему есть только у директора.
gameplay:GameplayStrings_Flashback:1255:ROB_Grate,GameplayStrings_Flashback,1255,"Отлично, теперь нам придётся искать другой выход отсюда…"
gameplay:GameplayStrings_Flashback:1256:ROB_Emergency,GameplayStrings_Flashback,1256,"Хорошо, что сейчас не ЧП."
gameplay:GameplayStrings_Flashback:1257:ROB_MidasLocked,GameplayStrings_Flashback,1257,«Коробка Мидаса. Не трогать».
gameplay:GameplayStrings_Flashback:1258:ROB_DiamondAxe,GameplayStrings_Flashback,1258,Вот так можно резать алмазы.
gameplay:GameplayStrings_Flashback:1259:ROB_Open,GameplayStrings_Flashback,1259,ОТКРЫТО
gameplay:GameplayStrings_Flashback:1260:ROB_Closed,GameplayStrings_Flashback,1260,ЗАКРЫТО
gameplay:GameplayStrings_Flashback:1261:S_YUM_FoodGroups_Header,GameplayStrings_Flashback,1261,Семь основных групп продуктов
gameplay:GameplayStrings_Flashback:1262:S_YUM_FoodGroups_GroupOne,GameplayStrings_Flashback,1262,Группа 1
gameplay:GameplayStrings_Flashback:1263:S_YUM_FoodGroups_GroupTwo,GameplayStrings_Flashback,1263,Группа 2
gameplay:GameplayStrings_Flashback:1264:S_YUM_FoodGroups_GroupThree,GameplayStrings_Flashback,1264,Группа 3
gameplay:GameplayStrings_Flashback:1265:S_YUM_FoodGroups_GroupFour,GameplayStrings_Flashback,1265,Группа 4
gameplay:GameplayStrings_Flashback:1266:S_YUM_FoodGroups_GroupFive,GameplayStrings_Flashback,1266,Группа 5
gameplay:GameplayStrings_Flashback:1267:S_YUM_FoodGroups_GroupSix,GameplayStrings_Flashback,1267,Группа 6
gameplay:GameplayStrings_Flashback:1268:S_YUM_FoodGroups_GroupSeven,GameplayStrings_Flashback,1268,Группа 7
gameplay:GameplayStrings_Flashback:1269:S_YUM_FoodGroups_LeafyGreens,GameplayStrings_Flashback,1269,Листовая зелень
gameplay:GameplayStrings_Flashback:1270:S_YUM_FoodGroups_CitrusFruits,GameplayStrings_Flashback,1270,Цитрусовые
gameplay:GameplayStrings_Flashback:1271:S_YUM_FoodGroups_Vegetables,GameplayStrings_Flashback,1271,Овощи
gameplay:GameplayStrings_Flashback:1272:S_YUM_FoodGroups_Milk,GameplayStrings_Flashback,1272,Молоко и молочные продукты
gameplay:GameplayStrings_Flashback:1273:S_YUM_FoodGroups_Meat,GameplayStrings_Flashback,1273,Мясо и белки
gameplay:GameplayStrings_Flashback:1274:S_YUM_FoodGroups_Grains,GameplayStrings_Flashback,1274,Злаки и хлеб
gameplay:GameplayStrings_Flashback:1275:S_YUM_FoodGroups_Butter,GameplayStrings_Flashback,1275,Масло
gameplay:GameplayStrings_Flashback:1276:S_YUM_FoodGroups_Footer,GameplayStrings_Flashback,1276,Каждый день
gameplay:GameplayStrings_Flashback:1277:S_YUM_SaltPoster_Header,GameplayStrings_Flashback,1277,Суповой Стивен говорит: <br> Передай соль!
gameplay:GameplayStrings_Flashback:1278:S_YUM_SaltPoster_Body,GameplayStrings_Flashback,1278,Знали ли вы? В каждой чашке нашего вкусного бульона содержится всего один грамм натрия!
gameplay:GameplayStrings_Flashback:1279:S_YUM_CarrotPoster_Header,GameplayStrings_Flashback,1279,Верни «заботу» в слово «морковь»
gameplay:GameplayStrings_Flashback:1280:S_YUM_CarrotPoster_Body,GameplayStrings_Flashback,1280,"В каждой морковке 4 мг витамина С. Полезно для глаз, отлично для души."
gameplay:GameplayStrings_Flashback:1281:S_YUM_GarlicPoster_Header,GameplayStrings_Flashback,1281,"Сильнее, чем кажется…"
gameplay:GameplayStrings_Flashback:1282:S_YUM_GarlicPoster_Body,GameplayStrings_Flashback,1282,"В зубчике чеснока 0,5 г белка... Попробуй оценить масштаб"
gameplay:GameplayStrings_Flashback:1283:S_YUM_OnionPoster_Header,GameplayStrings_Flashback,1283,Лук
gameplay:GameplayStrings_Flashback:1284:S_YUM_OnionPoster_Body,GameplayStrings_Flashback,1284,Два грамма клетчатки в каждом
gameplay:GameplayStrings_Flashback:1285:S_YUM_SoupRecipe_Header,GameplayStrings_Flashback,1285,Рецепт супа
gameplay:GameplayStrings_Flashback:1286:S_YUM_SoupRecipe_Carrots,GameplayStrings_Flashback,1286,Морковь
gameplay:GameplayStrings_Flashback:1287:S_YUM_SoupRecipe_Garlic,GameplayStrings_Flashback,1287,Зубчики чеснока
gameplay:GameplayStrings_Flashback:1288:S_YUM_SoupRecipe_Onion,GameplayStrings_Flashback,1288,Лук
gameplay:GameplayStrings_Flashback:1289:S_YUM_SoupRecipe_Broth,GameplayStrings_Flashback,1289,Чашки бульона
gameplay:GameplayStrings_Flashback:1290:S_YUM_SoupRecipe_Ingredients,GameplayStrings_Flashback,1290,Ингредиенты
gameplay:GameplayStrings_Flashback:1291:S_YUM_SoupRecipe_Nutritional,GameplayStrings_Flashback,1291,Пищевая ценность
gameplay:GameplayStrings_Flashback:1292:S_YUM_SoupRecipe_VitaminC,GameplayStrings_Flashback,1292,20 мг витамина С
gameplay:GameplayStrings_Flashback:1293:S_YUM_SoupRecipe_Fiber,GameplayStrings_Flashback,1293,4 г клетчатки
gameplay:GameplayStrings_Flashback:1294:S_YUM_SoupRecipe_Protein,GameplayStrings_Flashback,1294,2 г белка
gameplay:GameplayStrings_Flashback:1295:S_YUM_SoupRecipe_Sodium,GameplayStrings_Flashback,1295,4 г натрия
gameplay:GameplayStrings_Flashback:1296:S_YUM_FloatRecipe_Header,GameplayStrings_Flashback,1296,"При отравлениях, болезнях и недомоганиях"
gameplay:GameplayStrings_Flashback:1297:S_YUM_FloatRecipe_Soda,GameplayStrings_Flashback,1297,Газированная вода
gameplay:GameplayStrings_Flashback:1298:S_YUM_FloatRecipe_Cherry,GameplayStrings_Flashback,1298,2 нажатия вишнёвого сиропа
gameplay:GameplayStrings_Flashback:1299:S_YUM_FloatRecipe_RootBeer,GameplayStrings_Flashback,1299,2 нажатия сиропа «Рутбир»
gameplay:GameplayStrings_Flashback:1300:S_YUM_FloatRecipe_Acid,GameplayStrings_Flashback,1300,1 ложка кислого фосфата
gameplay:GameplayStrings_Flashback:1301:S_YUM_FloatRecipe_IceCream,GameplayStrings_Flashback,1301,Мороженое
gameplay:GameplayStrings_Flashback:1302:S_YUM_PantryCode,GameplayStrings_Flashback,1302,Код кладовой:<br>-Масло<br>-Молочные продукты<br>-Цитрусовые<br>-Зелень
gameplay:GameplayStrings_Flashback:1303:S_YUM_SaladRecipe_Header,GameplayStrings_Flashback,1303,Рецепт салата
gameplay:GameplayStrings_Flashback:1304:S_YUM_SaladRecipe_Chop,GameplayStrings_Flashback,1304,Режим нарезки
gameplay:GameplayStrings_Flashback:1305:S_YUM_SaladRecipe_Apples,GameplayStrings_Flashback,1305,Яблоки
gameplay:GameplayStrings_Flashback:1306:S_YUM_SaladRecipe_Walnuts,GameplayStrings_Flashback,1306,Орехи
gameplay:GameplayStrings_Flashback:1307:S_YUM_SaladRecipe_Lettuce,GameplayStrings_Flashback,1307,Латук
gameplay:GameplayStrings_Flashback:1308:S_YUM_SaladRecipe_Celery,GameplayStrings_Flashback,1308,Сельдерей
gameplay:GameplayStrings_Flashback:1309:S_YUM_SaladRecipe_Dressing,GameplayStrings_Flashback,1309,Сверху добавить заправку
gameplay:GameplayStrings_Flashback:1310:S_YUM_BurgerRecipe_Header,GameplayStrings_Flashback,1310,Рецепт бургера
gameplay:GameplayStrings_Flashback:1311:S_YUM_BurgerRecipe_Buns,GameplayStrings_Flashback,1311,Булочки
gameplay:GameplayStrings_Flashback:1312:S_YUM_BurgerRecipe_Lettuce,GameplayStrings_Flashback,1312,Латук
gameplay:GameplayStrings_Flashback:1313:S_YUM_BurgerRecipe_Tomato,GameplayStrings_Flashback,1313,Помидор
gameplay:GameplayStrings_Flashback:1314:S_YUM_BurgerRecipe_Pickles,GameplayStrings_Flashback,1314,Маринованные огурцы
gameplay:GameplayStrings_Flashback:1315:S_YUM_BurgerRecipe_Cheese,GameplayStrings_Flashback,1315,Сыр
gameplay:GameplayStrings_Flashback:1316:S_YUM_BurgerRecipe_Instrux,GameplayStrings_Flashback,1316,"-Обжарь котлету. Не «на кончике»,<br>но и не «хоккейная шайба».<br>-Заставь плакать.<br>-Добавь красную и жёлтую краску.<br>-Пропусти через сад,<br>но 86 розу.<br>-И наконец,<br>добавь секретный ингредиент."
gameplay:GameplayStrings_Flashback:1317:S_YUM_BurgerRecipe_MysteryMeat,GameplayStrings_Flashback,1317,Используй <b>ТАЙНОЕ МЯСО</b>
gameplay:GameplayStrings_Flashback:1318:S_YUM_SlangSheet,GameplayStrings_Flashback,1318,Всё горячее - Запечённая картошка<br>Ось и смазка - Масло<br>Палки лягушки - Картофель фри<br>Хоккейная шайба - Пропечённая<br>Заставь плакать - Добавить лук<br>На кончике - С кровью<br>Красная краска - Кетчуп<br>Роза - Помидор<br>Через сад - Добавить латук<br>Жёлтая краска - Горчица<br>86 - Убрать; не использовать
gameplay:GameplayStrings_Flashback:1319:S_YUM_SlangSheetB,GameplayStrings_Flashback,1319,Секретный ингредиент = Маринованные огурцы
gameplay:GameplayStrings_Flashback:1320:S_YUM_SlangSheetC,GameplayStrings_Flashback,1320,Сленг столовой
gameplay:GameplayStrings_Flashback:1321:S_YUM_BurgerRecipe_Instructions,GameplayStrings_Flashback,1321,"Инструкция: Приготовь тайное мясо, собери бургеры"
gameplay:GameplayStrings_Flashback:1322:S_YUM_Sunset,GameplayStrings_Flashback,1322,Закат
gameplay:GameplayStrings_Flashback:1323:S_ROB_LOK,GameplayStrings_Flashback,1323,ЗАМ
gameplay:GameplayStrings_Flashback:1324:S_ROB_StockValue,GameplayStrings_Flashback,1324,Стоимость акций за последние 6 месяцев
gameplay:GameplayStrings_Flashback:1325:S_ROB_MonthsAbbreviated,GameplayStrings_Flashback,1325,"Апр, Май, Июн, Июл, Авг, Сен"
gameplay:GameplayStrings_Flashback:1326:S_ROB_KEY,GameplayStrings_Flashback,1326,КЛЮ
gameplay:GameplayStrings_Flashback:1327:S_ROB_CLU,GameplayStrings_Flashback,1327,УКА
gameplay:GameplayStrings_Flashback:1328:S_ROB_PUZ,GameplayStrings_Flashback,1328,ГОЛ
gameplay:GameplayStrings_Flashback:1329:S_ROB_ZZZ,GameplayStrings_Flashback,1329,ZZZ
gameplay:GameplayStrings_Flashback:1330:S_ROB_HeistPlan_Header,GameplayStrings_Flashback,1330,Урок Гая - План ограбления
gameplay:GameplayStrings_Flashback:1331:S_ROB_HeistPlan_Up,GameplayStrings_Flashback,1331,Иди ВВЕРХ в мой кабинет.
gameplay:GameplayStrings_Flashback:1332:S_ROB_HeistPlan_Down,GameplayStrings_Flashback,1332,"Найди дверь, ведущую ВНИЗ в канализацию."
gameplay:GameplayStrings_Flashback:1333:S_ROB_HeistPlan_Right,GameplayStrings_Flashback,1333,Спустись по канату ВПРАВО в тайный сейф директора.
gameplay:GameplayStrings_Flashback:1334:S_ROB_HeistPlan_Left,GameplayStrings_Flashback,1334,"Открой дверь сейфа и забери то, что ОСТАЛОСЬ внутри!"
gameplay:GameplayStrings_Flashback:1335:S_ROB_Newspaper_Header,GameplayStrings_Flashback,1335,ВРЕМЯ ЭСКАПИСТОВ
gameplay:GameplayStrings_Flashback:1336:S_ROB_Newspaper_Logline,GameplayStrings_Flashback,1336,Директор поднимает волну
gameplay:GameplayStrings_Flashback:1337:S_ROB_Newspaper_Body,GameplayStrings_Flashback,1337,"Горацио Виндзор наделал шума на прошлой неделе, неожиданно внедрив живых акул в свою новую Комнату соперников. Когда его попросили прокомментировать, он просто сказал: ""Ну, это же акулы! Другие..."""
gameplay:GameplayStrings_Flashback:1338:S_ROB_Newspaper_Continued,GameplayStrings_Flashback,1338,Продолжение статьи -->
gameplay:GameplayStrings_Flashback:1339:S_ROB_Newspaper_Crossword,GameplayStrings_Flashback,1339,Подсказки к кроссворду
gameplay:GameplayStrings_Flashback:1340:S_ROB_Newspaper_Across,GameplayStrings_Flashback,1340,По горизонтали:
gameplay:GameplayStrings_Flashback:1341:S_ROB_Newspaper_Down,GameplayStrings_Flashback,1341,По вертикали:
gameplay:GameplayStrings_Flashback:1342:S_ROB_Newspaper_Clue1A,GameplayStrings_Flashback,1342,"Manager, in brief"
gameplay:GameplayStrings_Flashback:1343:S_ROB_Newspaper_Clue2A,GameplayStrings_Flashback,1343,"Property, sales, income"
gameplay:GameplayStrings_Flashback:1344:S_ROB_Newspaper_Clue3A,GameplayStrings_Flashback,1344,Cook plural
gameplay:GameplayStrings_Flashback:1345:S_ROB_Newspaper_Clue1D,GameplayStrings_Flashback,1345,Hijinks singular
gameplay:GameplayStrings_Flashback:1346:S_ROB_Newspaper_Clue4D,GameplayStrings_Flashback,1346,"Ya got _____, Kid!"
gameplay:GameplayStrings_Flashback:1347:S_ROB_Newspaper_Clue5D,GameplayStrings_Flashback,1347,Scent sensors
gameplay:GameplayStrings_Flashback:1348:S_ROB_Portfolio_Header,GameplayStrings_Flashback,1348,Портфель Джеба
gameplay:GameplayStrings_Flashback:1349:S_ROB_Portfolio_Stock,GameplayStrings_Flashback,1349,Акции
gameplay:GameplayStrings_Flashback:1350:S_ROB_Portfolio_Quantity,GameplayStrings_Flashback,1350,Количество
gameplay:GameplayStrings_Flashback:1351:S_ROB_Portfolio_Money,GameplayStrings_Flashback,1351,Сумма инвестиций
gameplay:GameplayStrings_Flashback:1352:S_ROB_Portfolio_Date,GameplayStrings_Flashback,1352,Дата покупки
gameplay:GameplayStrings_Flashback:1353:S_ROB_Portfolio_Footer,GameplayStrings_Flashback,1353,Стоимость портфеля в сентябре?
gameplay:GameplayStrings_Flashback:1354:S_SPY_ChefBudget_Header,GameplayStrings_Flashback,1354,Годовой бюджет
gameplay:GameplayStrings_Flashback:1355:S_SPY_ChefBudget_KitchenRennovations,GameplayStrings_Flashback,1355,Ремонт кухни
gameplay:GameplayStrings_Flashback:1356:S_SPY_ChefBudget_StudentSafety,GameplayStrings_Flashback,1356,Безопасность студентов
gameplay:GameplayStrings_Flashback:1357:S_SPY_ChefBudget_StudentSafety_Note,GameplayStrings_Flashback,1357,Кому это нужно?! Чистая трата денег.
gameplay:GameplayStrings_Flashback:1358:S_SPY_ChefBudget_HeadmasterTower,GameplayStrings_Flashback,1358,Башня директора
gameplay:GameplayStrings_Flashback:1359:S_SPY_ChefBudget_HeadmasterTower_Note,GameplayStrings_Flashback,1359,Вот это да! Можно расширить?
gameplay:GameplayStrings_Flashback:1360:S_SPY_ChefBudget_RivalRoom,GameplayStrings_Flashback,1360,Комната соперника
gameplay:GameplayStrings_Flashback:1361:S_SPY_ChefBudget_RivalRoom_Note,GameplayStrings_Flashback,1361,"Надеюсь, там есть деньги на мой бассейн с акулами!"
gameplay:GameplayStrings_Flashback:1362:S_SPY_RejectedStamp,GameplayStrings_Flashback,1362,Отклонено
gameplay:GameplayStrings_Flashback:1363:S_SPY_ApprovedStamp,GameplayStrings_Flashback,1363,Одобрено
gameplay:GameplayStrings_Flashback:1364:S_SPY_MForMillions,GameplayStrings_Flashback,1364,млн
gameplay:GameplayStrings_Flashback:1365:S_SPY_ChefKitchenRules_Header,GameplayStrings_Flashback,1365,Правила кухни шефа
gameplay:GameplayStrings_Flashback:1366:S_SPY_ChefKitchenRules_NoRunning,GameplayStrings_Flashback,1366,Бегать на кухне запрещено.
gameplay:GameplayStrings_Flashback:1367:S_SPY_ChefKitchenRules_Compost,GameplayStrings_Flashback,1367,Не выбрасывайте мясные продукты в компост.
gameplay:GameplayStrings_Flashback:1368:S_SPY_ChefKitchenRules_Seconds,GameplayStrings_Flashback,1368,"Сначала доешьте, потом просите добавки."
gameplay:GameplayStrings_Flashback:1369:S_SPY_ChefKitchenRules_EscapistsEdge,GameplayStrings_Flashback,1369,Студентам разрешено пить не более ОДНОЙ банки Escapist's Edge в семестр!
gameplay:GameplayStrings_Flashback:1370:S_SPY_ChefKitchenRules_Wipe,GameplayStrings_Flashback,1370,Протирайте столешницы после каждого побега.
gameplay:GameplayStrings_Flashback:1371:S_SPY_ChefNutrition_Header,GameplayStrings_Flashback,1371,Совет шефа: ЕШЬ УМНО!
gameplay:GameplayStrings_Flashback:1372:S_SPY_ChefNutrition_BrainFueled,GameplayStrings_Flashback,1372,"Питай свой мозг ежедневными порциями масла, жиров* и мяса**."
gameplay:GameplayStrings_Flashback:1373:S_SPY_ChefNutrition_FatsAddendum,GameplayStrings_Flashback,1373,"*Не забывай про жир, масло и сало!"
gameplay:GameplayStrings_Flashback:1374:S_SPY_ChefNutrition_MeatsAddendum,GameplayStrings_Flashback,1374,"**«Мясо» включает птицу, рыбу и морепродукты. Разгуляйся."
gameplay:GameplayStrings_Flashback:1375:S_SPY_CheesyCasseroleRecipe_Header,GameplayStrings_Flashback,1375,ЗАПЕКАНКА С СЫРОМ
gameplay:GameplayStrings_Flashback:1376:S_SPY_CheesyCasseroleRecipe_Rice,GameplayStrings_Flashback,1376,3 стакана риса
gameplay:GameplayStrings_Flashback:1377:S_SPY_CheesyCasseroleRecipe_Cheese,GameplayStrings_Flashback,1377,1/2 стакана сыра
gameplay:GameplayStrings_Flashback:1378:S_SPY_CheesyCasseroleRecipe_Milk,GameplayStrings_Flashback,1378,1/2 стакана молока
gameplay:GameplayStrings_Flashback:1379:S_SPY_CheesyCasseroleRecipe_Broccoli,GameplayStrings_Flashback,1379,2 стакана брокколи
gameplay:GameplayStrings_Flashback:1380:S_SPY_CheesyCasseroleRecipe_MushroomSoup,GameplayStrings_Flashback,1380,1 банка грибного супа
gameplay:GameplayStrings_Flashback:1381:S_SPY_CheesyCasseroleRecipe_Students,GameplayStrings_Flashback,1381,Студенты в восторге!
gameplay:GameplayStrings_Flashback:1382:S_SPY_IceCreamRecipe_Header,GameplayStrings_Flashback,1382,КОРНЕЛАК С МОРОЖЕНЫМ
gameplay:GameplayStrings_Flashback:1383:S_SPY_IceCreamRecipe_RootBeer,GameplayStrings_Flashback,1383,12 унций корнелака
gameplay:GameplayStrings_Flashback:1384:S_SPY_IceCreamRecipe_IceCream,GameplayStrings_Flashback,1384,5 унций мороженого
gameplay:GameplayStrings_Flashback:1385:S_SPY_IceCreamRecipe_WhippedCream,GameplayStrings_Flashback,1385,2 унции взбитых сливок
gameplay:GameplayStrings_Flashback:1386:S_SPY_IceCreamRecipe_Cherry,GameplayStrings_Flashback,1386,1 вишня сверху
gameplay:GameplayStrings_Flashback:1387:S_SPY_IceCreamRecipe_Refreshing,GameplayStrings_Flashback,1387,Освежающий десерт!
gameplay:GameplayStrings_Flashback:1388:S_SPY_PastaRecipe_Header,GameplayStrings_Flashback,1388,ПАСТА С МОРСКИМИ ПРОДУКТАМИ
gameplay:GameplayStrings_Flashback:1389:S_SPY_PastaRecipe_Noodles,GameplayStrings_Flashback,1389,1 фунт лапши
gameplay:GameplayStrings_Flashback:1390:S_SPY_PastaRecipe_Garlic,GameplayStrings_Flashback,1390,3 зубчика чеснока
gameplay:GameplayStrings_Flashback:1391:S_SPY_PastaRecipe_Anchovies,GameplayStrings_Flashback,1391,2 банки анчоусов
gameplay:GameplayStrings_Flashback:1392:S_SPY_PastaRecipe_Olives,GameplayStrings_Flashback,1392,1/2 стакана оливок
gameplay:GameplayStrings_Flashback:1393:S_SPY_PastaRecipe_Spices,GameplayStrings_Flashback,1393,1/2 ст. л. специй
gameplay:GameplayStrings_Flashback:1394:S_SPY_PastaRecipe_MamaMia,GameplayStrings_Flashback,1394,Мама мия!
gameplay:GameplayStrings_Flashback:1395:S_SPY_SharkFood_Header,GameplayStrings_Flashback,1395,УСПОКАИВАЮЩАЯ КОРМА ДЛЯ АКУЛ
gameplay:GameplayStrings_Flashback:1396:S_SPY_SharkFood_Header_Alt,GameplayStrings_Flashback,1396,КОРМА ДЛЯ АКУЛ
gameplay:GameplayStrings_Flashback:1397:S_SPY_SharkFood_Ingredients,GameplayStrings_Flashback,1397,Ингредиенты:
gameplay:GameplayStrings_Flashback:1398:S_SPY_SharkFood_Chum,GameplayStrings_Flashback,1398,- 50 фунтов сырой рыбы
gameplay:GameplayStrings_Flashback:1399:S_SPY_SharkFood_Tranqs,GameplayStrings_Flashback,1399,- 1 галлон мощных транквилизаторов
gameplay:GameplayStrings_Flashback:1400:S_SPY_SharkFood_Rosemary,GameplayStrings_Flashback,1400,- Веточка розмарина для украшения
gameplay:GameplayStrings_Flashback:1401:S_SPY_SharkFood_Instructions,GameplayStrings_Flashback,1401,Это должно уберечь учеников от смертельной ловушки Горацио.
gameplay:GameplayStrings_Flashback:1402:S_SPY_EngineeringStickerA,GameplayStrings_Flashback,1402,20 лет мастерства
gameplay:GameplayStrings_Flashback:1403:S_SPY_EngineeringStickerB,GameplayStrings_Flashback,1403,Время перерыва
gameplay:GameplayStrings_Flashback:1404:S_SPY_EngineeringStickerC,GameplayStrings_Flashback,1404,30 лет мастерства. Профсоюз замочных мастеров
gameplay:GameplayStrings_Flashback:1405:S_SPY_GuyCharityPlansA_Header,GameplayStrings_Flashback,1405,Институт ребусов для нуждающихся благодарит нашего анонимного благодетеля за благотворительные пожертвования:
gameplay:GameplayStrings_Flashback:1406:S_SPY_GuyCharityPlansA_Body,GameplayStrings_Flashback,1406,Ваши щедрые пожертвования помогают детям выбраться из нищеты.
gameplay:GameplayStrings_Flashback:1407:S_SPY_GuyCharityPlansA_Signature,GameplayStrings_Flashback,1407,Адрес Института ребусов
gameplay:GameplayStrings_Flashback:1408:S_SPY_GuyConfessionNote_Date,GameplayStrings_Flashback,1408,1 октября 1954
gameplay:GameplayStrings_Flashback:1409:S_SPY_GuyConfessionNote_Note,GameplayStrings_Flashback,1409,"Подготовка к операции «Пропорции» завершена. Да, 11/5 станет моим шедевром."
gameplay:GameplayStrings_Flashback:1410:S_SPY_GuyCloseShave_Header,GameplayStrings_Flashback,1410,Операция «Бритва»
gameplay:GameplayStrings_Flashback:1411:S_SPY_GuyCloseShave_Date,GameplayStrings_Flashback,1411,Дата: 28 февраля 1954
gameplay:GameplayStrings_Flashback:1412:S_SPY_GuyCloseShave_City,GameplayStrings_Flashback,1412,"Город: Лиссабон, Португалия"
gameplay:GameplayStrings_Flashback:1413:S_SPY_GuyCloseShave_Value,GameplayStrings_Flashback,1413,Ценность:
gameplay:GameplayStrings_Flashback:1414:S_SPY_GuyCloseShave_Body,GameplayStrings_Flashback,1414,Цель: Местный парикмахер сообщил о странном <br> старом <br> и <br> найденном <br> сокровище <br> потерянное.
gameplay:GameplayStrings_Flashback:1415:S_SPY_CompletedStamp,GameplayStrings_Flashback,1415,Выполнено
gameplay:GameplayStrings_Flashback:1416:S_SPY_GuyDarkGoose_Header,GameplayStrings_Flashback,1416,Операция «Тёмная гусыня»
gameplay:GameplayStrings_Flashback:1417:S_SPY_GuyDarkGoose_Date,GameplayStrings_Flashback,1417,Дата: 3 апреля 1954
gameplay:GameplayStrings_Flashback:1418:S_SPY_GuyDarkGoose_City,GameplayStrings_Flashback,1418,"Город: Париж, Франция"
gameplay:GameplayStrings_Flashback:1419:S_SPY_GuyDarkGoose_Body,GameplayStrings_Flashback,1419,Цель: Найти <br> разведывательное агентство <br> поразительно странную <br> гусыню с неизвестным <br> Рекомендуется крайняя осторожность.
gameplay:GameplayStrings_Flashback:1420:S_SPY_GuyDragonfly_Header,GameplayStrings_Flashback,1420,Операция «Стрекоза»
gameplay:GameplayStrings_Flashback:1421:S_SPY_GuyDragonfly_Date,GameplayStrings_Flashback,1421,Дата: 17 января 1954
gameplay:GameplayStrings_Flashback:1422:S_SPY_GuyDragonfly_City,GameplayStrings_Flashback,1422,"Город: Рим, Италия"
gameplay:GameplayStrings_Flashback:1423:S_SPY_GuyDragonfly_Body,GameplayStrings_Flashback,1423,Цель: арестовать легендарный самоцвет <br> один фантастический <br> изгнанник в понедельник <br> к внешнему <br> лягушачий король
gameplay:GameplayStrings_Flashback:1424:S_SPY_GuyDutchess_Header,GameplayStrings_Flashback,1424,Операция «Герцогиня»
gameplay:GameplayStrings_Flashback:1425:S_SPY_GuyDutchess_Date,GameplayStrings_Flashback,1425,Дата: 2 ноября 1954
gameplay:GameplayStrings_Flashback:1426:S_SPY_GuyDutchess_City,GameplayStrings_Flashback,1426,"Город: Лондон, Великобритания"
gameplay:GameplayStrings_Flashback:1427:S_SPY_CancelledStamp,GameplayStrings_Flashback,1427,Отменено
gameplay:GameplayStrings_Flashback:1428:S_SPY_GuyGoldSaucer_Header,GameplayStrings_Flashback,1428,Операция «Золотая тарелка»
gameplay:GameplayStrings_Flashback:1429:S_SPY_GuyGoldSaucer_Date,GameplayStrings_Flashback,1429,Дата: 1 января 1954
gameplay:GameplayStrings_Flashback:1430:S_SPY_GuyGoldSaucer_City,GameplayStrings_Flashback,1430,"Город: Мадрид, Испания"
gameplay:GameplayStrings_Flashback:1431:S_SPY_GuyRatio_Header,GameplayStrings_Flashback,1431,Операция «Пропорции»
gameplay:GameplayStrings_Flashback:1432:S_SPY_GuyRatio_Date,GameplayStrings_Flashback,1432,Дата: 5 ноября 1954
gameplay:GameplayStrings_Flashback:1433:S_SPY_GuyHoratioProfile_Header,GameplayStrings_Flashback,1433,Личное дело:
gameplay:GameplayStrings_Flashback:1434:S_SPY_GuyHoratioProfile_Name,GameplayStrings_Flashback,1434,Имя: Горацио К. Виндзор
gameplay:GameplayStrings_Flashback:1435:S_SPY_GuyHoratioProfile_Occupation,GameplayStrings_Flashback,1435,Должность: директор
gameplay:GameplayStrings_Flashback:1436:S_SPY_GuyHoratioProfile_DOB,GameplayStrings_Flashback,1436,Дата рождения: 11 мая 1914
gameplay:GameplayStrings_Flashback:1437:S_SPY_GuyHoratioProfile_POB,GameplayStrings_Flashback,1437,Место рождения: Нью-Йорк
gameplay:GameplayStrings_Flashback:1438:S_SPY_GuyHoratioProfile_NetWorth,GameplayStrings_Flashback,1438,"Чистые активы: $11,4 млн"
gameplay:GameplayStrings_Flashback:1439:S_SPY_GuySuccessionPlan_Header,GameplayStrings_Flashback,1439,План преемственности Академии
gameplay:GameplayStrings_Flashback:1440:S_SPY_GuySuccessionPlan_Horatio,GameplayStrings_Flashback,1440,Горацио Виндзор
gameplay:GameplayStrings_Flashback:1441:S_SPY_GuySuccessionPlan_Gisborne,GameplayStrings_Flashback,1441,Проф. Гай Гисборн
gameplay:GameplayStrings_Flashback:1442:S_SPY_GuySuccessionPlan_Bursar,GameplayStrings_Flashback,1442,Казначей Джон Бак
gameplay:GameplayStrings_Flashback:1443:S_SPY_GuySuccessionPlan_Paisley,GameplayStrings_Flashback,1443,Д-р Элэн Пейсли
gameplay:GameplayStrings_Flashback:1444:S_SPY_GuySuccessionPlan_Monstrong,GameplayStrings_Flashback,1444,Проф. Мэдс Монстронг
gameplay:GameplayStrings_Flashback:1445:S_SPY_GuySuccessionPlan_Custodian,GameplayStrings_Flashback,1445,Проф. Фрэнк Дональдсон
gameplay:GameplayStrings_Flashback:1446:S_SPY_GuySuccessionPlan_Sparky,GameplayStrings_Flashback,1446,"Спарки, пёс-головоломка"
gameplay:GameplayStrings_Flashback:1447:S_SPY_MadsRequestSheet_Header,GameplayStrings_Flashback,1447,Заявка сотрудника
gameplay:GameplayStrings_Flashback:1448:S_SPY_MadsRequestSheet_Signature,GameplayStrings_Flashback,1448,Проф. М. Монстронг
gameplay:GameplayStrings_Flashback:1449:S_SPY_MadsRequestSheet_Dumbwaiter,GameplayStrings_Flashback,1449,Кухонный лифт
gameplay:GameplayStrings_Flashback:1450:S_SPY_MadsRequestSheet_Locks,GameplayStrings_Flashback,1450,Улучшенные замки
gameplay:GameplayStrings_Flashback:1451:S_SPY_MadsRequestSheet_Fountain,GameplayStrings_Flashback,1451,Фонтан Академии
gameplay:GameplayStrings_Flashback:1452:S_SPY_MadsRequestSheet_Raise,GameplayStrings_Flashback,1452,Повышение зарплаты
gameplay:GameplayStrings_Flashback:1453:S_SPY_MadsRequestSheet_PTO,GameplayStrings_Flashback,1453,Оплачиваемый отпуск
gameplay:GameplayStrings_Flashback:1454:S_SPY_MadsRequestSheet_Vacation,GameplayStrings_Flashback,1454,Дни отпуска
gameplay:GameplayStrings_Flashback:1455:S_SPY_MadsRequestSheet_AdminComments,GameplayStrings_Flashback,1455,Комментарии администрации
gameplay:GameplayStrings_Flashback:1456:S_SPY_MadsRequestSheet_Comments,GameplayStrings_Flashback,1456,"В следующий раз просите о чём-нибудь полезном, например, о статуе в мою честь — ГВ"
gameplay:GameplayStrings_Flashback:1457:S_SPY_MadsCar_Header,GameplayStrings_Flashback,1457,Escape Mobile 2.0
gameplay:GameplayStrings_Flashback:1458:S_SPY_MadsCar_Note1,GameplayStrings_Flashback,1458,Для стильных поездок по кампусу
gameplay:GameplayStrings_Flashback:1459:S_SPY_MadsCar_Note2,GameplayStrings_Flashback,1459,Во что бы то ни стало держать подальше от директора Виндзора.
gameplay:GameplayStrings_Flashback:1460:S_SPY_MadsCar_Note3,GameplayStrings_Flashback,1460,Он точно разобьёт её.
gameplay:GameplayStrings_Flashback:1461:S_SPY_TopSecretStamp,GameplayStrings_Flashback,1461,Секретно
gameplay:GameplayStrings_Flashback:1462:S_SPY_MadsDumbwaiter_Header,GameplayStrings_Flashback,1462,Кухонный лифт
gameplay:GameplayStrings_Flashback:1463:S_SPY_MadsDumbwaiter_Sticker,GameplayStrings_Flashback,1463,Лучший мастер '50
gameplay:GameplayStrings_Flashback:1464:S_SPY_MadsDumbwaiter_Note1,GameplayStrings_Flashback,1464,Для установки в столовой.
gameplay:GameplayStrings_Flashback:1465:S_SPY_MadsDumbwaiter_Note2,GameplayStrings_Flashback,1465,Спроектирован для доставки еды голодному персоналу.
gameplay:GameplayStrings_Flashback:1466:S_SPY_MadsDumbwaiter_Note3,GameplayStrings_Flashback,1466,"Должен выдерживать до 150 фунтов веса, для очень больших порций."
gameplay:GameplayStrings_Flashback:1467:S_SPY_MadsFountain_Header,GameplayStrings_Flashback,1467,Фонтан Академии
gameplay:GameplayStrings_Flashback:1468:S_SPY_MadsFountain_Sticker,GameplayStrings_Flashback,1468,Лучший мастер '42
gameplay:GameplayStrings_Flashback:1469:S_SPY_MadsFountain_Note1,GameplayStrings_Flashback,1469,Для установки на главном дворе.
gameplay:GameplayStrings_Flashback:1470:S_SPY_MadsFountain_Note2,GameplayStrings_Flashback,1470,"Все гайки и болты должны быть из анодированного алюминия, чтобы не ржаветь."
gameplay:GameplayStrings_Flashback:1471:S_SPY_MadsLock_Header,GameplayStrings_Flashback,1471,Современный замок
gameplay:GameplayStrings_Flashback:1472:S_SPY_MadsLock_Sticker,GameplayStrings_Flashback,1472,Лучший мастер '54
gameplay:GameplayStrings_Flashback:1473:S_SPY_MadsLock_Note1,GameplayStrings_Flashback,1473,Заменит все замки на кампусе.
gameplay:GameplayStrings_Flashback:1474:S_SPY_MadsLock_Note2,GameplayStrings_Flashback,1474,"Спроектирован так, чтобы открываться без заеданий 100% времени."
gameplay:GameplayStrings_Flashback:1475:S_SPY_MadsShoppingList_Header,GameplayStrings_Flashback,1475,Отсутствующие детали:
gameplay:GameplayStrings_Flashback:1476:S_SPY_MadsShoppingList_Nuts,GameplayStrings_Flashback,1476,32 медные гайки
gameplay:GameplayStrings_Flashback:1477:S_SPY_MadsShoppingList_Bolts,GameplayStrings_Flashback,1477,32 медных болта
gameplay:GameplayStrings_Flashback:1478:S_SPY_MadsShoppingList_Pulley,GameplayStrings_Flashback,1478,2 шкива распредвала
gameplay:GameplayStrings_Flashback:1479:S_SPY_MadsShoppingList_Gasket,GameplayStrings_Flashback,1479,1 прокладка коллектора
gameplay:GameplayStrings_Flashback:1480:S_SPY_MadsShoppingList_Ring,GameplayStrings_Flashback,1480,6 O-образных колец (силикон)
gameplay:GameplayStrings_Flashback:1481:S_SPY_MadsShoppingList_Pump,GameplayStrings_Flashback,1481,1 водяной насос
gameplay:GameplayStrings_Flashback:1482:S_SPY_MadsShoppingList_Grommet,GameplayStrings_Flashback,1482,1 резиновая втулка
gameplay:GameplayStrings_Flashback:1483:S_SPY_ChefHeadshot,GameplayStrings_Flashback,1483,Повар Кэллион
gameplay:GameplayStrings_Flashback:1484:S_SPY_GuyHeadshot,GameplayStrings_Flashback,1484,Проф. Гизборн
gameplay:GameplayStrings_Flashback:1485:S_SPY_MadsHeadshot,GameplayStrings_Flashback,1485,Проф. Монстронг
gameplay:GameplayStrings_Flashback:1487:HoratioLineSunset,GameplayStrings_Flashback,1487,"Сегодня вечером, когда солнце сядет за башней директора, ждите меня в кабинете."
gameplay:GameplayStrings_Flashback:1488:ORR_Area,GameplayStrings_Flashback,1488,Стадион
gameplay:GameplayStrings_Flashback:1489:ORR_LevelName,GameplayStrings_Flashback,1489,Старые соперники
gameplay:GameplayStrings_Flashback:1490:ORR_Sub1,GameplayStrings_Flashback,1490,Обгоните
gameplay:GameplayStrings_Flashback:1491:ORR_Sub2,GameplayStrings_Flashback,1491,Соперника
gameplay:GameplayStrings_Flashback:1492:SAW_Area,GameplayStrings_Flashback,1492,Мастерская
gameplay:GameplayStrings_Flashback:1493:SAW_LevelName,GameplayStrings_Flashback,1493,Это не ракета
gameplay:GameplayStrings_Flashback:1494:SAW_Sub1,GameplayStrings_Flashback,1494,Почините
gameplay:GameplayStrings_Flashback:1495:SAW_Sub2,GameplayStrings_Flashback,1495,Ракету
gameplay:GameplayStrings_Flashback:1496:ROB_Area,GameplayStrings_Flashback,1496,Архивы Академии
gameplay:GameplayStrings_Flashback:1497:ROB_LevelName,GameplayStrings_Flashback,1497,Конец карьере вора
gameplay:GameplayStrings_Flashback:1498:ROB_Sub1,GameplayStrings_Flashback,1498,Обыщите
gameplay:GameplayStrings_Flashback:1499:ROB_Sub2,GameplayStrings_Flashback,1499,Хранилище
gameplay:GameplayStrings_Flashback:1500:YUM_Area,GameplayStrings_Flashback,1500,Столовая
gameplay:GameplayStrings_Flashback:1501:YUM_LevelName,GameplayStrings_Flashback,1501,"Да, шеф"
gameplay:GameplayStrings_Flashback:1502:YUM_Sub1,GameplayStrings_Flashback,1502,Приготовьте
gameplay:GameplayStrings_Flashback:1503:YUM_Sub2,GameplayStrings_Flashback,1503,Обед!
gameplay:GameplayStrings_Flashback:1504:SPY_Area,GameplayStrings_Flashback,1504,Башня директора
gameplay:GameplayStrings_Flashback:1505:SPY_LevelName,GameplayStrings_Flashback,1505,Сложное испытание
gameplay:GameplayStrings_Flashback:1506:SPY_Sub1,GameplayStrings_Flashback,1506,Взлом
gameplay:GameplayStrings_Flashback:1507:SPY_Sub2,GameplayStrings_Flashback,1507,Дело
gameplay:GameplayStrings_Flashback:1508:DormArea,GameplayStrings_Flashback,1508,Дормитории
gameplay:GameplayStrings_Flashback:1509:CommonArea,GameplayStrings_Flashback,1509,Общая комната
gameplay:GameplayStrings_Flashback:1510:SandraContextPickup,GameplayStrings_Flashback,1510,Мы же знали!
gameplay:GameplayStrings_Flashback:1511:ChefContextAlt,GameplayStrings_Flashback,1511,"<i>Горацио, ты пустой болван! Неужели ты не понимаешь?? Я больше не могла позволить тебе так безответственно управлять этим местом!</i> Мне пришлось взять всё в свои руки."
gameplay:GameplayStrings_Flashback:1512:HoratioGuyAccusePickup,GameplayStrings_Flashback,1512,"Он мог обойти любой замок на кампусе, и никто бы не узнал…"
gameplay:GameplayStrings_Flashback:1513:HoratioBorish,GameplayStrings_Flashback,1513,"Надеюсь, вы не ждали меловых досок и скучной математики. Вы обнаружите, что у меня… немного иной подход к предмету."
gameplay:GameplayStrings_Flashback:1514:SAW_Song1,GameplayStrings_Flashback,1514,"О, да! Знаешь, на кого ты меня напоминаешь?"
gameplay:GameplayStrings_Flashback:1515:SAW_Song2,GameplayStrings_Flashback,1515,На высокий… стакан воды.
gameplay:GameplayStrings_Flashback:1516:SAW_Song3,GameplayStrings_Flashback,1516,"Ничего лучше, чем пара кубиков в трубу…"
gameplay:GameplayStrings_Flashback:1517:SandraNeutralPickup,GameplayStrings_Flashback,1517,"Я всё ещё не могу поверить, что кто-то пытается устранить директора."
gameplay:GameplayStrings_Flashback:1518:EelNeutralPickup,GameplayStrings_Flashback,1518,В Академии никогда не бывает скучно.
gameplay:GameplayStrings_Island:2:FLY_RoomTitle,GameplayStrings_Island,2,Взлёт
gameplay:GameplayStrings_Island:3:FLY_RoomSubtitle,GameplayStrings_Island,3,Выжить
gameplay:GameplayStrings_Island:4:FLY_RoomSubtitleB,GameplayStrings_Island,4,в полёте
gameplay:GameplayStrings_Island:5:RAD_RoomTitle,GameplayStrings_Island,5,Сочное открытие
gameplay:GameplayStrings_Island:6:RAD_RoomSubtitle,GameplayStrings_Island,6,Позови
gameplay:GameplayStrings_Island:7:RAD_RoomSubtitleB,GameplayStrings_Island,7,на помощь
gameplay:GameplayStrings_Island:8:SNK_RoomTitle,GameplayStrings_Island,8,Проникновение через вентиляцию
gameplay:GameplayStrings_Island:9:SNK_RoomSubtitle,GameplayStrings_Island,9,Найди
gameplay:GameplayStrings_Island:10:SNK_RoomSubtitleB,GameplayStrings_Island,10,эскапистов
gameplay:GameplayStrings_Island:11:EXP_RoomTitle,GameplayStrings_Island,11,Эксперимент
gameplay:GameplayStrings_Island:12:EXP_RoomSubtitle,GameplayStrings_Island,12,Победи
gameplay:GameplayStrings_Island:13:EXP_RoomSubtitleB,GameplayStrings_Island,13,доктора Немет
gameplay:GameplayStrings_Island:14:DIM_RoomTitle,GameplayStrings_Island,14,В измерение захвата
gameplay:GameplayStrings_Island:15:DIM_RoomSubtitle,GameplayStrings_Island,15,Спаси
gameplay:GameplayStrings_Island:16:DIM_RoomSubtitleB,GameplayStrings_Island,16,Джеба
gameplay:GameplayStrings_Island:17:IslandAreaDio1,GameplayStrings_Island,17,Самолёт для побега
gameplay:GameplayStrings_Island:18:IslandAreaDio2,GameplayStrings_Island,18,Место крушения
gameplay:GameplayStrings_Island:19:IslandAreaDio3,GameplayStrings_Island,19,Сок-бар
gameplay:GameplayStrings_Island:20:IslandAreaDio4,GameplayStrings_Island,20,Комплекс «Антипобег»
gameplay:GameplayStrings_Island:21:IslandAreaDio5,GameplayStrings_Island,21,Лаборатория доктора Немет
gameplay:GameplayStrings_Island:23:drLiz,GameplayStrings_Island,23,Доктор Лиз Немет
gameplay:GameplayStrings_Island:24:henchman,GameplayStrings_Island,24,Учёный «Антипобега»
gameplay:GameplayStrings_Island:25:henchmanA,GameplayStrings_Island,25,Учёный «Антипобега» №1
gameplay:GameplayStrings_Island:26:henchmanB,GameplayStrings_Island,26,Учёный «Антипобега» №2
gameplay:GameplayStrings_Island:27:henchmanA_alt,GameplayStrings_Island,27,Учёный №1
gameplay:GameplayStrings_Island:28:henchmanB_alt,GameplayStrings_Island,28,Учёный №2
gameplay:GameplayStrings_Island:29:antiEscapeFullName,GameplayStrings_Island,29,Лига учёных «Антипобега»
gameplay:GameplayStrings_Island:30:antiEscapeTagline,GameplayStrings_Island,30,Никто не ускользает от нас.
gameplay:GameplayStrings_Island:32:oneSuitcaseAtATime,GameplayStrings_Island,32,Эти чемоданы такие громоздкие. Я могу носить только один за раз.
gameplay:GameplayStrings_Island:33:wontFitSuitcase,GameplayStrings_Island,33,Это не чемодан…
gameplay:GameplayStrings_Island:34:waterCupFLY,GameplayStrings_Island,34,Стакан воды
gameplay:GameplayStrings_Island:35:emptyCupFLY,GameplayStrings_Island,35,Пустой стакан
gameplay:GameplayStrings_Island:36:suitcaseBlue,GameplayStrings_Island,36,Синий чемодан
gameplay:GameplayStrings_Island:37:suitcaseYellow,GameplayStrings_Island,37,Жёлтый чемодан
gameplay:GameplayStrings_Island:38:suitcaseRed,GameplayStrings_Island,38,Красный чемодан
gameplay:GameplayStrings_Island:39:suitcaseGreen,GameplayStrings_Island,39,Зелёный чемодан
gameplay:GameplayStrings_Island:40:suitcaseOrange,GameplayStrings_Island,40,Оранжевый чемодан
gameplay:GameplayStrings_Island:41:skypherPage,GameplayStrings_Island,41,Журнал Skypher<sup>TM</sup>
gameplay:GameplayStrings_Island:42:skypher,GameplayStrings_Island,42,Skypher<sup>TM</sup>
gameplay:GameplayStrings_Island:43:errors1FLY,GameplayStrings_Island,43,1 ошибка
gameplay:GameplayStrings_Island:44:errors2FLY,GameplayStrings_Island,44,2 ошибки
gameplay:GameplayStrings_Island:45:errors3FLY,GameplayStrings_Island,45,3 ошибки
gameplay:GameplayStrings_Island:46:errors4FLY,GameplayStrings_Island,46,4 ошибки
gameplay:GameplayStrings_Island:47:errors0FLY,GameplayStrings_Island,47,Отстреливай!
gameplay:GameplayStrings_Island:48:EjectorLocked,GameplayStrings_Island,48,Гиллиан и директор держат это под контролем.
gameplay:GameplayStrings_Island:49:notWorking,GameplayStrings_Island,49,Не работает!
gameplay:GameplayStrings_Island:50:ejectorNeedsFuel,GameplayStrings_Island,50,«Нет топлива»! Что мне делать?
gameplay:GameplayStrings_Island:51:innerSuitCase2,GameplayStrings_Island,51,"А, чемоданы-матрёшки эскапистов… Классика."
gameplay:GameplayStrings_Island:52:innerSuitCase3,GameplayStrings_Island,52,Третий раз — счастливый.
gameplay:GameplayStrings_Island:53:flyFuel,GameplayStrings_Island,53,Топливо для эжектора
gameplay:GameplayStrings_Island:54:FLY_Seat_1,GameplayStrings_Island,54,Не время для развлечений!
gameplay:GameplayStrings_Island:55:FLY_Seat_2,GameplayStrings_Island,55,"Может, мне больше записывать?"
gameplay:GameplayStrings_Island:56:FLY_Seat_3,GameplayStrings_Island,56,"Не очень тонко, Слип…"
gameplay:GameplayStrings_Island:57:FLY_Seat_4,GameplayStrings_Island,57,"Они что, не убирают здесь между рейсами?"
gameplay:GameplayStrings_Island:58:FLY_Seat_5,GameplayStrings_Island,58,<i>«Быть вторым: как справиться».</i> Гиллиан явно переживает…
gameplay:GameplayStrings_Island:59:FLY_Seat_6,GameplayStrings_Island,59,Мне бы сейчас чашечку успокаивающего чая профессора Бонильи…
gameplay:GameplayStrings_Island:60:FLY_Seat_7,GameplayStrings_Island,60,У этих малышек никогда не выходит из строя двигатель.
gameplay:GameplayStrings_Island:61:FLY_InterFuel,GameplayStrings_Island,61,Нужно топливо
gameplay:GameplayStrings_Island:62:FLY_InterBathSink1,GameplayStrings_Island,62,Можно налить что-нибудь. (Хотя пить я бы не стал…)
gameplay:GameplayStrings_Island:63:FLY_InterBathSink2,GameplayStrings_Island,63,Всё мокрое. Но это не очень помогло…
gameplay:GameplayStrings_Island:64:FLY_InterErrors,GameplayStrings_Island,64,Сначала нужно исправить все остальные ошибки!
gameplay:GameplayStrings_Island:65:FLY_InterLocked,GameplayStrings_Island,65,Заперто
gameplay:GameplayStrings_Island:66:FLY_InterWallHole,GameplayStrings_Island,66,Что за ещё одна дыра в стене?
gameplay:GameplayStrings_Island:67:FLY_InterDontOpen,GameplayStrings_Island,67,"Подумав, может, я <i>не должен</i> открывать это…"
gameplay:GameplayStrings_Island:68:FLY_InterWhatDo,GameplayStrings_Island,68,"Не знаю, что с этим делать. Может, Джеб поможет…"
gameplay:GameplayStrings_Island:69:FLY_InterChiper_yz,GameplayStrings_Island,69,yz
gameplay:GameplayStrings_Island:70:FLY_InterCypherPW,GameplayStrings_Island,70,airhead
gameplay:GameplayStrings_Island:71:FLY_InterPlaceSuit,GameplayStrings_Island,71,Можно поставить сюда чемодан…
gameplay:GameplayStrings_Island:72:FLY_InterBalanced,GameplayStrings_Island,72,Багаж сбалансирован. Больше не нужно с этим возиться.
gameplay:GameplayStrings_Island:73:FLY_InterSealed,GameplayStrings_Island,73,Наглухо запечатано!
gameplay:GameplayStrings_Island:74:FLY_InterSkyDup,GameplayStrings_Island,74,У меня уже есть журнал Skypher.
gameplay:GameplayStrings_Island:75:FLY_InterScanID,GameplayStrings_Island,75,Здесь можно отсканировать удостоверение…
gameplay:GameplayStrings_Island:76:FLY_InterNoSnack,GameplayStrings_Island,76,«Чипсы Ила — ключ к здоровому сердцу!»
gameplay:GameplayStrings_Island:77:FLY_InterEjector,GameplayStrings_Island,77,Не работает! Что-то не так с креслом катапульты!
gameplay:GameplayStrings_Island:78:FLY_InterInnerWings,GameplayStrings_Island,78,«Установите внутренние закрылки в отрицательное положение».
gameplay:GameplayStrings_Island:79:FLY_InterOuterWings,GameplayStrings_Island,79,«Установите внешние закрылки на одну десятую скорости воздуха».
gameplay:GameplayStrings_Island:80:FLY_InterLookWings,GameplayStrings_Island,80,«В сомнении — смотри на крылья!»
gameplay:GameplayStrings_Island:81:FLY_InterHydrate,GameplayStrings_Island,81,«Напоминание себе: не забывай пить!»
gameplay:GameplayStrings_Island:82:FLY_InterBathroom,GameplayStrings_Island,82,"Похоже, сейчас не время для этого…"
gameplay:GameplayStrings_Island:83:FLY_TmpReadyLaunch,GameplayStrings_Island,83,ГОТОВ К ВЗЛЁТУ
gameplay:GameplayStrings_Island:84:FLY_TmpSystem,GameplayStrings_Island,84,СИСТЕМА В ПОРЯДКЕ.
gameplay:GameplayStrings_Island:85:FLY_TmpPilot,GameplayStrings_Island,85,ПИЛОТ В ПОРЯДКЕ.
gameplay:GameplayStrings_Island:86:FLY_TmpBinsOpen,GameplayStrings_Island,86,Верхние<br>полки<br>открыты
gameplay:GameplayStrings_Island:87:FLY_TmpErrorCodes,GameplayStrings_Island,87,Коды ошибок авиации:
gameplay:GameplayStrings_Island:88:FLY_TmpCodes,GameplayStrings_Island,88,403: Повреждено оборудование<br>404:<br>405: Двигатель отключён<br>504: Несбалансированный багаж<br>505: Несбалансированный пассажир<br>605: Пресмыкающиеся на борту<br>702: Потеря высоты<br>705: Потеря морали<br>712: Избыточное сопротивление<br>713: Неправильно выставлены закрылки<br>760: Автопилот отключён<br>761: Пилот отключён<br>823: Нехватка туалетной бумаги<br>904: Нехватка топлива
gameplay:GameplayStrings_Island:89:FLY_AutopilotOffline,GameplayStrings_Island,89,Автопилот отключён
gameplay:GameplayStrings_Island:90:FLY_Tmp1Error,GameplayStrings_Island,90,1 ошибка
gameplay:GameplayStrings_Island:91:FLY_TmpErrorDetect,GameplayStrings_Island,91,[1] ОБНАРУЖЕНА ОШИБКА
gameplay:GameplayStrings_Island:92:FLY_TmpError405,GameplayStrings_Island,92,ОШИБКА 405
gameplay:GameplayStrings_Island:93:FLY_TmpError760,GameplayStrings_Island,93,ОШИБКА 760
gameplay:GameplayStrings_Island:94:FLY_TmpOffline,GameplayStrings_Island,94,ОТКЛЮЧЕНО
gameplay:GameplayStrings_Island:95:FLY_TmpError761,GameplayStrings_Island,95,ОШИБКА 761
gameplay:GameplayStrings_Island:96:FLY_TmpError504,GameplayStrings_Island,96,ОШИБКА 504
gameplay:GameplayStrings_Island:97:FLY_TmpNoFuel,GameplayStrings_Island,97,НЕТ ТОПЛИВА
gameplay:GameplayStrings_Island:98:FLY_TmpWing0,GameplayStrings_Island,98,Лима
gameplay:GameplayStrings_Island:99:FLY_TmpWing1,GameplayStrings_Island,99,Оскар
gameplay:GameplayStrings_Island:100:FLY_TmpWing2,GameplayStrings_Island,100,Чарли
gameplay:GameplayStrings_Island:101:FLY_TmpWing3,GameplayStrings_Island,101,Кило
gameplay:GameplayStrings_Island:102:FLY_TmpCargoCombo,GameplayStrings_Island,102,Комбо груза 890161
gameplay:GameplayStrings_Island:103:FLY_TmpAirAtt,GameplayStrings_Island,103,НАКЛОН САМОЛЁТА
gameplay:GameplayStrings_Island:104:FLY_TmpAirHeading,GameplayStrings_Island,104,Курс самолёта
gameplay:GameplayStrings_Island:105:FLY_TmpCheetah,GameplayStrings_Island,105,СКОРОСТЬ ГЕПАРДА
gameplay:GameplayStrings_Island:106:FLY_TmpGrSpeed,GameplayStrings_Island,106,СКОРОСТЬ НА ЗЕМЛЕ
gameplay:GameplayStrings_Island:107:FLY_TmpAirSpeed,GameplayStrings_Island,107,СКОРОСТЬ В ВОЗДУХЕ
gameplay:GameplayStrings_Island:108:FLY_Window1,GameplayStrings_Island,108,В
gameplay:GameplayStrings_Island:109:FLY_Window2,GameplayStrings_Island,109,З
gameplay:GameplayStrings_Island:110:FLY_Window3,GameplayStrings_Island,110,Ю
gameplay:GameplayStrings_Island:111:FLY_Window4,GameplayStrings_Island,111,I
gameplay:GameplayStrings_Island:112:FLY_Window5,GameplayStrings_Island,112,Ц
gameplay:GameplayStrings_Island:113:FLY_Window6,GameplayStrings_Island,113,К
gameplay:GameplayStrings_Island:114:FLY_Window7,GameplayStrings_Island,114,H
gameplay:GameplayStrings_Island:115:FLY_Window8,GameplayStrings_Island,115,С
gameplay:GameplayStrings_Island:116:FLY_Window9,GameplayStrings_Island,116,З
gameplay:GameplayStrings_Island:117:FLY_Window10,GameplayStrings_Island,117,В
gameplay:GameplayStrings_Island:118:FLY_Window11,GameplayStrings_Island,118,A
gameplay:GameplayStrings_Island:119:FLY_Window12,GameplayStrings_Island,119,O
gameplay:GameplayStrings_Island:120:FLY_Window13,GameplayStrings_Island,120,M
gameplay:GameplayStrings_Island:121:FLY_Window14,GameplayStrings_Island,121,D
gameplay:GameplayStrings_Island:122:FLY_TmpBinsLocked,GameplayStrings_Island,122,Верхние<br>полки<br>заперты
gameplay:GameplayStrings_Island:123:FLY_TmpHydrate,GameplayStrings_Island,123,«Напоминание себе: не забывай пить!»
gameplay:GameplayStrings_Island:124:FLY_TmpInnerWings,GameplayStrings_Island,124,Выставь внутренние закрылки в отрицательный угол.
gameplay:GameplayStrings_Island:125:FLY_TmpOuterWings,GameplayStrings_Island,125,Выставь внешние закрылки на одну десятую скорости в воздухе.
gameplay:GameplayStrings_Island:126:FLY_TmpLookWings,GameplayStrings_Island,126,"Если сомневаешься, смотри на крылья!"
gameplay:GameplayStrings_Island:127:FLY_TmpAuto,GameplayStrings_Island,127,Включить автопилот
gameplay:GameplayStrings_Island:128:FLY_TmpDistribute,GameplayStrings_Island,128,Распределить мощность
gameplay:GameplayStrings_Island:129:FLY_TmpCockpit,GameplayStrings_Island,129,Skypher<sup>tm</sup><br>Пилотская кабина
gameplay:GameplayStrings_Island:130:FLY_TmpJ,GameplayStrings_Island,130,J
gameplay:GameplayStrings_Island:131:FLY_TmpO,GameplayStrings_Island,131,O
gameplay:GameplayStrings_Island:132:FLY_TmpCargoHold,GameplayStrings_Island,132,Грузовой отсек<br>Только для преподавателей
gameplay:GameplayStrings_Island:133:FLY_TmpM,GameplayStrings_Island,133,M
gameplay:GameplayStrings_Island:134:FLY_TmpU,GameplayStrings_Island,134,U
gameplay:GameplayStrings_Island:135:FLY_TmpEjector,GameplayStrings_Island,135,Зона<br>катапультирования
gameplay:GameplayStrings_Island:136:FLY_TmpT,GameplayStrings_Island,136,T
gameplay:GameplayStrings_Island:137:FLY_ItemInfographic,GameplayStrings_Island,137,Инфографика багажа
gameplay:GameplayStrings_Island:138:FLY_Puzzle_DecodeSkypher,GameplayStrings_Island,138,Расшифруй Skypher
gameplay:GameplayStrings_Island:139:FLY_FindMagazine,GameplayStrings_Island,139,Найди журнал Skypher в ванной.
gameplay:GameplayStrings_Island:140:FLY_DecryptMagazine,GameplayStrings_Island,140,Расшифровка развлекательной страницы подскажет…
gameplay:GameplayStrings_Island:141:FLY_CheckRedChairs,GameplayStrings_Island,141,чтобы проверить красные кресла!
gameplay:GameplayStrings_Island:142:FLY_HintDecryptLetters,GameplayStrings_Island,142,Как можно расшифровать эти буквы?
gameplay:GameplayStrings_Island:143:FLY_CheckChairs,GameplayStrings_Island,143,Проверь красные кресла!
gameplay:GameplayStrings_Island:144:FLY_LettersOnShades,GameplayStrings_Island,144,На жалюзи есть буквы…
gameplay:GameplayStrings_Island:145:FLY_UnlockCockpit,GameplayStrings_Island,145,"Введи секретную фразу, чтобы попасть в кабину пилота!"
gameplay:GameplayStrings_Island:146:FLY_Puzzle_TurnOnAutopilot,GameplayStrings_Island,146,Включи автопилот
gameplay:GameplayStrings_Island:147:FLY_WakeJeb,GameplayStrings_Island,147,Разбуди Джеба!
gameplay:GameplayStrings_Island:148:FLY_SerialCodes,GameplayStrings_Island,148,Тяни слева…
gameplay:GameplayStrings_Island:149:FLY_EngineCode,GameplayStrings_Island,149,…вправо!
gameplay:GameplayStrings_Island:150:FLY_TurnOffEngine,GameplayStrings_Island,150,"Потуши огонь на крыльях, читая слева направо."
gameplay:GameplayStrings_Island:151:FLY_BalancePlaneClue,GameplayStrings_Island,151,На каждую сторону самолета нужно 160 килограммов багажа.
gameplay:GameplayStrings_Island:152:FLY_BalancePlaneRecap,GameplayStrings_Island,152,"Сбалансируй багаж, решив простую арифметику."
gameplay:GameplayStrings_Island:153:FLY_TurnOnAutopilot,GameplayStrings_Island,153,Затем включи автопилот!
gameplay:GameplayStrings_Island:154:FLY_Puzzle_TryToEject,GameplayStrings_Island,154,Попробуй катапультироваться
gameplay:GameplayStrings_Island:155:FLY_GoEject,GameplayStrings_Island,155,Пора катапультироваться!
gameplay:GameplayStrings_Island:156:FLY_TryToEject,GameplayStrings_Island,156,Пытаешься катапультироваться…
gameplay:GameplayStrings_Island:157:FLY_SeatsNoFuel,GameplayStrings_Island,157,…но в креслах нет топлива.
gameplay:GameplayStrings_Island:158:FLY_Puzzle_CrackCases,GameplayStrings_Island,158,Разгадай чемоданы
gameplay:GameplayStrings_Island:159:FLY_StickerOrder,GameplayStrings_Island,159,В каком порядке эти наклейки были наклеены на чемодан?
gameplay:GameplayStrings_Island:160:FLY_RectangleSticker,GameplayStrings_Island,160,Прямоугольная наклейка была наклеена первой
gameplay:GameplayStrings_Island:161:FLY_SolveSticker,GameplayStrings_Island,161,Разгадай загадку чемодана с наклейками.
gameplay:GameplayStrings_Island:162:FLY_LineTags,GameplayStrings_Island,162,Как выстроить эти бирки в ряд?
gameplay:GameplayStrings_Island:163:FLY_PullTags,GameplayStrings_Island,163,Тяни бирки от самой длинной к самой короткой
gameplay:GameplayStrings_Island:164:FLY_TagRecap,GameplayStrings_Island,164,Выстрой багажные бирки в ряд.
gameplay:GameplayStrings_Island:165:FLY_ClueyHint1,GameplayStrings_Island,165,Что означают эти точки?
gameplay:GameplayStrings_Island:166:FLY_ClueyHint2,GameplayStrings_Island,166,"Посчитай точки, чтобы получить числовую последовательность"
gameplay:GameplayStrings_Island:167:FLY_ClueyRecap,GameplayStrings_Island,167,Расшифруй узор Cluey Vuitton.
gameplay:GameplayStrings_Island:168:FLY_SuitcaseKey,GameplayStrings_Island,168,Для этого чемодана нужен ключ…
gameplay:GameplayStrings_Island:169:FLY_AnotherKey,GameplayStrings_Island,169,Для этого чемодана нужен еще один ключ…
gameplay:GameplayStrings_Island:170:FLY_NestingSuitcases,GameplayStrings_Island,170,И открой вложенные чемоданы…
gameplay:GameplayStrings_Island:171:FLY_CollectHeadmasterID,GameplayStrings_Island,171,Чтобы получить удостоверение директора
gameplay:GameplayStrings_Island:172:FLY_HeadmasterID,GameplayStrings_Island,172,Удостоверение
gameplay:GameplayStrings_Island:173:FLY_Puzzle_RetrieveFuel,GameplayStrings_Island,173,Добудь топливо
gameplay:GameplayStrings_Island:174:FLY_UnlockCargo,GameplayStrings_Island,174,Открой грузовой отсек
gameplay:GameplayStrings_Island:175:FLY_CargoHint1,GameplayStrings_Island,175,Как доставить это топливо к люку доступа?
gameplay:GameplayStrings_Island:176:FLY_CargoHint2,GameplayStrings_Island,176,Первый шаг выглядит так
gameplay:GameplayStrings_Island:177:FLY_RetriveFuel,GameplayStrings_Island,177,И вытолкни топливо из пробки.
gameplay:GameplayStrings_Island:178:FLY_Puzzle_BlastOff,GameplayStrings_Island,178,Улетай на безопасное расстояние!
gameplay:GameplayStrings_Island:179:FLY_LoadFuel,GameplayStrings_Island,179,Заправь катапультное кресло топливом...
gameplay:GameplayStrings_Island:180:FLY_BlastOff,GameplayStrings_Island,180,...и улетай! (На этот раз по-настоящему)
gameplay:GameplayStrings_Island:181:FLY_CargoCage,GameplayStrings_Island,181,Нам правда нужно было брать столько вещей для поездки на выходные?
gameplay:GameplayStrings_Island:182:FLY_legroom,GameplayStrings_Island,182,"Ох, места для ног совсем мало."
gameplay:GameplayStrings_Island:183:FLY_AEG,GameplayStrings_Island,183,«Газета против побегов»..? Кто читает эту чушь?
gameplay:GameplayStrings_Island:184:FLY_FireInstrux,GameplayStrings_Island,184,При пожаре: тяни слева направо
gameplay:GameplayStrings_Island:185:FLY_FireInstrux1,GameplayStrings_Island,185,При пожаре:
gameplay:GameplayStrings_Island:186:FLY_FireInstrux2,GameplayStrings_Island,186,Тяни слева...
gameplay:GameplayStrings_Island:187:FLY_FireInstrux3,GameplayStrings_Island,187,...направо.
gameplay:GameplayStrings_Island:188:FLY_amandabook,GameplayStrings_Island,188,<i>«ТАК ВЫ СОЗДАЛИ ЧЕРВОТОЧИНУ: РУКОВОДСТВО ПО ВРЕМЕННЫМ ПУТЕШЕСТВИЯМ ДЛЯ ВРЕМЕННЫХ ПУТЕШЕСТВЕННИКОВ»</i> ...эти новеллы становятся все страннее.
gameplay:GameplayStrings_Island:189:FLY_wakeverb,GameplayStrings_Island,189,Разбуди пилота
gameplay:GameplayStrings_Island:190:FLY_extinguish,GameplayStrings_Island,190,Потуши огонь
gameplay:GameplayStrings_Island:191:FLY_Balanceweight,GameplayStrings_Island,191,Сбалансируй вес
gameplay:GameplayStrings_Island:192:FLY_resetautopilot,GameplayStrings_Island,192,Сбрось автопилот
gameplay:GameplayStrings_Island:194:SNK_Toolbag1a,GameplayStrings_Island,194,Цвета на этом замке совпадают с цветами проводов.
gameplay:GameplayStrings_Island:195:SNK_EnjoyRide,GameplayStrings_Island,195,приятного<br>полёта.
gameplay:GameplayStrings_Island:196:SNK_Toolbag1b,GameplayStrings_Island,196,"Семь жёлтых проводов, да?"
gameplay:GameplayStrings_Island:197:SNK_Toolbag2,GameplayStrings_Island,197,"Здесь есть то, что тебе нужно."
gameplay:GameplayStrings_Island:198:SNK_Elevator2,GameplayStrings_Island,198,Это можно открыть отвёрткой.
gameplay:GameplayStrings_Island:199:SNK_Elevator3a,GameplayStrings_Island,199,Здесь нужно что-то сделать.
gameplay:GameplayStrings_Island:200:SNK_Elevator3b,GameplayStrings_Island,200,Открой меня.
gameplay:GameplayStrings_Island:201:SNK_Elevator4a,GameplayStrings_Island,201,Сетка 3x3... Где ещё ты видел такое?
gameplay:GameplayStrings_Island:202:SNK_Elevator4b,GameplayStrings_Island,202,"Отключи питание всех устройств, кроме кнопки вызова."
gameplay:GameplayStrings_Island:203:SNK_Elevator4c,GameplayStrings_Island,203,"Линии показывают, какие другие переключатели будут затронуты."
gameplay:GameplayStrings_Island:204:SNK_Elevator4c2,GameplayStrings_Island,204,...Тогда вызови лифт!
gameplay:GameplayStrings_Island:205:SNK_Foosball1,GameplayStrings_Island,205,На первом этаже есть несколько подсказок.
gameplay:GameplayStrings_Island:206:SNK_Foosball2,GameplayStrings_Island,206,В этом столе на втором этаже что-то необычное.
gameplay:GameplayStrings_Island:207:SNK_Foosball3a,GameplayStrings_Island,207,Юсуф — большой фанат настольного футбола и числа 18.
gameplay:GameplayStrings_Island:208:SNK_Foosball3b,GameplayStrings_Island,208,Доведи счётчик до 18.
gameplay:GameplayStrings_Island:209:SNK_SotM1a,GameplayStrings_Island,209,"Расставь их по порядку, чтобы имена учёных совпали с номерами сотрудников."
gameplay:GameplayStrings_Island:210:SNK_SotM1b,GameplayStrings_Island,210,"Когда все будут на своих местах, все огни станут синими."
gameplay:GameplayStrings_Island:211:SNK_SotM1c,GameplayStrings_Island,211,Номер сотрудника Юсуфа — 4713.
gameplay:GameplayStrings_Island:212:SNK_Disguise1a,GameplayStrings_Island,212,Кто может войти в прачечную?
gameplay:GameplayStrings_Island:213:SNK_Disguise1b,GameplayStrings_Island,213,"Используй это, чтобы сопоставить учёных с их номерами удостоверений."
gameplay:GameplayStrings_Island:214:SNK_Disguise1c,GameplayStrings_Island,214,"Тебе нужны удостоверения Хациро, Юсуфа и Виолетты."
gameplay:GameplayStrings_Island:215:SNK_Infiltrate1,GameplayStrings_Island,215,Для доступа на третий этаж тебе понадобится форма.
gameplay:GameplayStrings_Island:216:SNK_Infiltrate2,GameplayStrings_Island,216,"Ты можешь использовать найденную форму, чтобы проникнуть в логово."
gameplay:GameplayStrings_Island:217:SNK_DioBreakers,GameplayStrings_Island,217,Всё выглядит правильно! Лучше не трогать это больше.
gameplay:GameplayStrings_Island:218:SNK_DioSotM,GameplayStrings_Island,218,Стена выглядит идеально! Но почему я тут убираюсь?
gameplay:GameplayStrings_Island:219:SNK_DioCallDisable,GameplayStrings_Island,219,<i>Кто-то</i> отключил кнопку вызова…
gameplay:GameplayStrings_Island:220:SNK_DioToolbag,GameplayStrings_Island,220,Уборка на четвёртом проходе.
gameplay:GameplayStrings_Island:221:SNK_InterHench,GameplayStrings_Island,221,"Мне, наверное, не стоит привлекать внимание этих парней…"
gameplay:GameplayStrings_Island:222:SNK_InterLairGuard1,GameplayStrings_Island,222,Эскаписты! Но я не могу войти без маскировки…
gameplay:GameplayStrings_Island:223:SNK_InterLairGuard2,GameplayStrings_Island,223,"Не думаю, что это кого-нибудь обманет."
gameplay:GameplayStrings_Island:224:SNK_InterViolette,GameplayStrings_Island,224,"Я не могу забрать её ключ-карту, пока она сидит там!"
gameplay:GameplayStrings_Island:225:SNK_InterIDCollect,GameplayStrings_Island,225,У меня уже есть это удостоверение. Что дальше?
gameplay:GameplayStrings_Island:226:SNK_InterSciJuice,GameplayStrings_Island,226,«Научный сок». Звучит… научно.
gameplay:GameplayStrings_Island:227:SNK_InterDNA,GameplayStrings_Island,227,«Анализатор ДНК»
gameplay:GameplayStrings_Island:228:SNK_InterKeycard1,GameplayStrings_Island,228,Это считыватель ключ-карт…
gameplay:GameplayStrings_Island:229:SNK_InterKeycard2,GameplayStrings_Island,229,Не влезет.
gameplay:GameplayStrings_Island:230:SNK_InterSecurity,GameplayStrings_Island,230,"У этого лифта, похоже, много систем безопасности…"
gameplay:GameplayStrings_Island:231:SNK_InterBCover,GameplayStrings_Island,231,Она прикручена…
gameplay:GameplayStrings_Island:232:SNK_InterHandprint,GameplayStrings_Island,232,«Сканер отпечатков рук»
gameplay:GameplayStrings_Island:233:SNK_InterHelmet,GameplayStrings_Island,233,«Сканер шлемов»
gameplay:GameplayStrings_Island:234:SNK_InterLoyalty,GameplayStrings_Island,234,«Детектор лояльности»
gameplay:GameplayStrings_Island:235:SNK_InterRetina,GameplayStrings_Island,235,«Сканер сетчатки»
gameplay:GameplayStrings_Island:236:SNK_InterFoosball,GameplayStrings_Island,236,С этим футбольным столом что-то очень странное.
gameplay:GameplayStrings_Island:237:SNK_InterVentMess,GameplayStrings_Island,237,"Кто бы ни обслуживал эти вентиляционные отверстия, он не очень серьёзно относится к своей работе..."
gameplay:GameplayStrings_Island:238:SNK_InterShoe,GameplayStrings_Island,238,«Детектор размера обуви»
gameplay:GameplayStrings_Island:239:SNK_InterDoorBlock,GameplayStrings_Island,239,Я не открою это в ближайшее время...
gameplay:GameplayStrings_Island:240:SNK_InterDoorBlock2,GameplayStrings_Island,240,Эта штука не поддаётся. Лучше поискать в другом месте...
gameplay:GameplayStrings_Island:241:SNK_InterDeadEnd,GameplayStrings_Island,241,Это тупик...
gameplay:GameplayStrings_Island:242:SNK_InterCostDupl,GameplayStrings_Island,242,Мне не нужен ещё один костюм!
gameplay:GameplayStrings_Island:243:SNK_InterHenchSleep,GameplayStrings_Island,243,Лучше не будить его во время прекрасного сна...
gameplay:GameplayStrings_Island:244:SNK_InterPortal,GameplayStrings_Island,244,«...Это может быть ключом к эксперименту доктора Немет...»
gameplay:GameplayStrings_Island:245:SNK_InterStep2,GameplayStrings_Island,245,"«Шаг 2: Вставить ""Anti-Escape"" перед именем...»"
gameplay:GameplayStrings_Island:246:SNK_InterLog,GameplayStrings_Island,246,«Исследовательский журнал: Этот научный сок обладает невероятными свойствами! ...»
gameplay:GameplayStrings_Island:247:SNK_InterStep1,GameplayStrings_Island,247,«Шаг 1: Придумать оружие.»
gameplay:GameplayStrings_Island:248:SNK_InterTaste,GameplayStrings_Island,248,«...И он ещё и вкусный!»
gameplay:GameplayStrings_Island:249:SNK_InterStep3,GameplayStrings_Island,249,«Шаг 3: Получить повышение.»
gameplay:GameplayStrings_Island:250:SNK_InterFishTrip,GameplayStrings_Island,250,"«Доктор Немет попросила меня заполнить бухту минами. Думаю, рыбалка для сотрудников отменена..»"
gameplay:GameplayStrings_Island:251:SNK_InterCabbage,GameplayStrings_Island,251,Вот это уже серьёзная техническая документация.
gameplay:GameplayStrings_Island:252:SNK_InterHideBadge,GameplayStrings_Island,252,"«Если я спрячу бейдж, они не смогут заставить меня работать»."
gameplay:GameplayStrings_Island:253:SNK_InterSecCam,GameplayStrings_Island,253,«Большинство этих камер наблюдения не работают. Кто-то должен это исправить...»
gameplay:GameplayStrings_Island:254:SNK_InterYellowCables,GameplayStrings_Island,254,В этот ящик заходят семь жёлтых кабелей...
gameplay:GameplayStrings_Island:255:SNK_InterBlueCables,GameplayStrings_Island,255,В этот ящик заходят четыре синих кабеля...
gameplay:GameplayStrings_Island:256:SNK_InterRedCables,GameplayStrings_Island,256,В этот ящик заходят пять красных кабелей...
gameplay:GameplayStrings_Island:257:SNK_InterHungry,GameplayStrings_Island,257,Инфильтрация — работа изнурительная.
gameplay:GameplayStrings_Island:258:SNK_InterMissile,GameplayStrings_Island,258,«Ракета-поисковик головоломок»...
gameplay:GameplayStrings_Island:259:SNK_InterMissile2,GameplayStrings_Island,259,«Супер-поисковая ракета No Escape<sup>TM</sup>»...
gameplay:GameplayStrings_Island:260:SNK_InterMine,GameplayStrings_Island,260,«Турбо-мина Anti-Escape»...
gameplay:GameplayStrings_Island:261:SNK_InterWiring,GameplayStrings_Island,261,«Проблемы с проводкой? Чините сами».
gameplay:GameplayStrings_Island:262:SNK_InterVentMgmt,GameplayStrings_Island,262,"«Всех, кто будет замечен в вентиляции, отправят в отдел HR (человеческий рециклинг)». — АДМИНИСТРАЦИЯ"
gameplay:GameplayStrings_Island:263:SNK_InterLaundMgmt,GameplayStrings_Island,263,"«Прачечная только для уполномоченного персонала. Вы знаете, что натворили». — АДМИНИСТРАЦИЯ"
gameplay:GameplayStrings_Island:264:SNK_InterVentInfiltrate,GameplayStrings_Island,264,«Вентиляция должна быть всегда заперта! Только вы можете предотвратить проникновение». — АДМИНИСТРАЦИЯ
gameplay:GameplayStrings_Island:265:SNK_InterYusufKey,GameplayStrings_Island,265,«Я ключ к работе этого места».
gameplay:GameplayStrings_Island:266:SNK_InterFoosStress,GameplayStrings_Island,266,"«Экспериментально доказано, что футбольный стол снижает стресс»."
gameplay:GameplayStrings_Island:267:SNK_InterElevSec,GameplayStrings_Island,267,«Лифт теперь полностью защищён*.<br><size=0.5em>*Пока никто не доберётся до схем.</size>»
gameplay:GameplayStrings_Island:268:SNK_InterAntiEsc,GameplayStrings_Island,268,Это серьёзная наука о поимке. Кажется...
gameplay:GameplayStrings_Island:269:SNK_InterViolDesk,GameplayStrings_Island,269,Рабочее место Виолетты...
gameplay:GameplayStrings_Island:270:SNK_InterViolHuh,GameplayStrings_Island,270,"Виолетта, да?"
gameplay:GameplayStrings_Island:271:SNK_InterYusufSer,GameplayStrings_Island,271,"Не думаю, что Юсуф отнесётся к этой работе серьёзно..."
gameplay:GameplayStrings_Island:272:SNK_InterSoda,GameplayStrings_Island,272,Пустая банка соды?
gameplay:GameplayStrings_Island:273:SNK_InterNum18,GameplayStrings_Island,273,«Офисный турнир по футбольному столу».<br>Номер 18 здесь очень популярен.
gameplay:GameplayStrings_Island:274:SNK_InterEscapists,GameplayStrings_Island,274,Они держат эскапистов на верхнем этаже! Но как мне туда попасть?
gameplay:GameplayStrings_Island:275:SNK_InterAlive,GameplayStrings_Island,275,Эскаписты ещё живы! Это уже хорошая новость.
gameplay:GameplayStrings_Island:276:SNK_InterEntertain,GameplayStrings_Island,276,Это считается развлечением в этих местах?
gameplay:GameplayStrings_Island:277:SNK_InterCola,GameplayStrings_Island,277,Portal Cola? Раньше о ней не слышал...
gameplay:GameplayStrings_Island:278:SNK_InterDrSalt,GameplayStrings_Island,278,Доктор Соль? Лучше не надо...
gameplay:GameplayStrings_Island:279:SNK_InterThermal,GameplayStrings_Island,279,«Тепловизор»
gameplay:GameplayStrings_Island:280:SNK_InterLoud,GameplayStrings_Island,280,"Должно быть, очень громкая музыка..."
gameplay:GameplayStrings_Island:281:SNK_InterVoice,GameplayStrings_Island,281,«Анализатор голоса»
gameplay:GameplayStrings_Island:282:SNK_TmpScanning,GameplayStrings_Island,282,Сканирование...
gameplay:GameplayStrings_Island:283:SNK_TmpUnkown,GameplayStrings_Island,283,ОШИБКА: неизвестный пользователь
gameplay:GameplayStrings_Island:284:SNK_TmpCall,GameplayStrings_Island,284,Позвать лифт
gameplay:GameplayStrings_Island:285:SNK_TmpDNA,GameplayStrings_Island,285,Анализатор ДНК
gameplay:GameplayStrings_Island:286:SNK_TmpB,GameplayStrings_Island,286,B
gameplay:GameplayStrings_Island:287:SNK_TmpElev,GameplayStrings_Island,287,ЛИФТ
gameplay:GameplayStrings_Island:288:SNK_TmpHand,GameplayStrings_Island,288,Сканер отпечатков
gameplay:GameplayStrings_Island:289:SNK_TmpSotM,GameplayStrings_Island,289,Учёный месяца
gameplay:GameplayStrings_Island:290:SNK_TmpHelmet,GameplayStrings_Island,290,Сканер шлемов
gameplay:GameplayStrings_Island:291:SNK_TmpLoyal,GameplayStrings_Island,291,Детектор лояльности
gameplay:GameplayStrings_Island:292:SNK_TmpRetina,GameplayStrings_Island,292,Сканер радужки
gameplay:GameplayStrings_Island:293:SNK_TmpShoe,GameplayStrings_Island,293,Детектор размера обуви
gameplay:GameplayStrings_Island:294:SNK_TmpFail,GameplayStrings_Island,294,ОТКАЗ
gameplay:GameplayStrings_Island:295:SNK_TmpBypass,GameplayStrings_Island,295,Обход
gameplay:GameplayStrings_Island:296:SNK_TmpAccess,GameplayStrings_Island,296,Доступ разрешен.
gameplay:GameplayStrings_Island:297:SNK_TmpExplos,GameplayStrings_Island,297,Инженер-взрывотехник
gameplay:GameplayStrings_Island:298:SNK_TmpAdmin,GameplayStrings_Island,298,Системный администратор
gameplay:GameplayStrings_Island:299:SNK_TmpDeath,GameplayStrings_Island,299,Техник луча смерти
gameplay:GameplayStrings_Island:300:SNK_TmpLiquid,GameplayStrings_Island,300,Закупка опасных жидкостей
gameplay:GameplayStrings_Island:301:SNK_TmpPortal,GameplayStrings_Island,301,Старший исследователь порталов
gameplay:GameplayStrings_Island:302:SNK_TmpIntern,GameplayStrings_Island,302,Стажёр по поимке
gameplay:GameplayStrings_Island:303:SNK_TmpJr,GameplayStrings_Island,303,Младший учёный
gameplay:GameplayStrings_Island:304:SNK_TmpStar,GameplayStrings_Island,304,Звезда футбольного стола
gameplay:GameplayStrings_Island:305:SNK_TmpThermal,GameplayStrings_Island,305,Тепловизор
gameplay:GameplayStrings_Island:306:SNK_TmpVoice,GameplayStrings_Island,306,Анализатор голоса
gameplay:GameplayStrings_Island:307:SNK_ItemCostume,GameplayStrings_Island,307,Костюм учёного
gameplay:GameplayStrings_Island:308:SNK_ItemHachiroID,GameplayStrings_Island,308,Удостоверение Хациро
gameplay:GameplayStrings_Island:309:SNK_ItemJumaID,GameplayStrings_Island,309,Удостоверение Джумы
gameplay:GameplayStrings_Island:310:SNK_ItemLauraID,GameplayStrings_Island,310,Удостоверение Лауры
gameplay:GameplayStrings_Island:311:SNK_ItemLilianID,GameplayStrings_Island,311,Удостоверение Лилиан
gameplay:GameplayStrings_Island:312:SNK_ItemMordredID,GameplayStrings_Island,312,Удостоверение Мордреда
gameplay:GameplayStrings_Island:313:SNK_ItemRiazID,GameplayStrings_Island,313,Удостоверение Риаза
gameplay:GameplayStrings_Island:314:SNK_ItemStevenID,GameplayStrings_Island,314,Удостоверение Тодда
gameplay:GameplayStrings_Island:315:SNK_ItemTroyID,GameplayStrings_Island,315,Удостоверение Троя
gameplay:GameplayStrings_Island:316:SNK_ItemVioletteID,GameplayStrings_Island,316,Удостоверение Виолетты
gameplay:GameplayStrings_Island:317:SNK_ItemYusufID,GameplayStrings_Island,317,Удостоверение Юсуфа
gameplay:GameplayStrings_Island:318:SNK_ItemKeyring,GameplayStrings_Island,318,Брелок уборщика
gameplay:GameplayStrings_Island:319:SNK_ItemMemo,GameplayStrings_Island,319,Служебная записка
gameplay:GameplayStrings_Island:320:SNK_ItemSchematic,GameplayStrings_Island,320,Схема лифта
gameplay:GameplayStrings_Island:321:SNK_ItemScrewdriver,GameplayStrings_Island,321,Отвертка
gameplay:GameplayStrings_Island:322:SNK_ItemCostDup,GameplayStrings_Island,322,Я уже в костюме.
gameplay:GameplayStrings_Island:323:SNK_FunkyCostume,GameplayStrings_Island,323,Есть ли форма поскромнее?
gameplay:GameplayStrings_Island:324:putOn,GameplayStrings_Island,324,Надеть
gameplay:GameplayStrings_Island:325:SNK_CantPassCostume,GameplayStrings_Island,325,"Прости, найди себе свой."
gameplay:GameplayStrings_Island:326:snkTidyDesktop,GameplayStrings_Island,326,Какой же тут порядок!
gameplay:GameplayStrings_Island:327:snkGoodbye,GameplayStrings_Island,327,До свидания.
gameplay:GameplayStrings_Island:328:snkYusufMissing,GameplayStrings_Island,328,Странно. Карты Юсуфа нет…
gameplay:GameplayStrings_Island:329:SNK_TmpHypno,GameplayStrings_Island,329,Гипнотизёр
gameplay:GameplayStrings_Island:330:snkFunAndGames,GameplayStrings_Island,330,Не время для развлечений!
gameplay:GameplayStrings_Island:331:snk_HypnoWarning,GameplayStrings_Island,331,"«Внимание: Гипно-Музак вызывает мгновенный обморок. Идеально, когда доктор Немет бредит»."
gameplay:GameplayStrings_Island:332:snk_HypnoCD,GameplayStrings_Island,332,Гипно-Музак
gameplay:GameplayStrings_Island:333:snk_metalSong,GameplayStrings_Island,333,Capture_em_all.mp3
gameplay:GameplayStrings_Island:334:snk_HypnoSong,GameplayStrings_Island,334,Hypno_Muzak.mp3
gameplay:GameplayStrings_Island:335:snk_computerLock,GameplayStrings_Island,335,"«Вставьте диск». Кажется, пора сменить трек…"
gameplay:GameplayStrings_Island:336:SNK_InterLoudAsleep,GameplayStrings_Island,336,Спокойной ночи.
gameplay:GameplayStrings_Island:337:SNK_SleepyHypno,GameplayStrings_Island,337,Вдруг накатывает сильная сонливость…
gameplay:GameplayStrings_Island:338:SNK_InfToolbag,GameplayStrings_Island,338,Найди сумку с инструментами в вентиляции.
gameplay:GameplayStrings_Island:339:SNK_InfWires,GameplayStrings_Island,339,Обрати внимание: цвета проводов совпадают с замком на сумке.
gameplay:GameplayStrings_Island:340:SNK_RevToolbag,GameplayStrings_Island,340,"Открой сумку, используя количество проводов каждого цвета…"
gameplay:GameplayStrings_Island:341:SNK_RevScrewdriver,GameplayStrings_Island,341,...и забери отвёртку.
gameplay:GameplayStrings_Island:342:SNK_RevKeys,GameplayStrings_Island,342,Украси несколько ключей из лаборатории.
gameplay:GameplayStrings_Island:343:SNK_RevSchematic,GameplayStrings_Island,343,Найди схему в кладовой.
gameplay:GameplayStrings_Island:344:SNK_RevBox,GameplayStrings_Island,344,Открой щиток системы безопасности лифта.
gameplay:GameplayStrings_Island:345:SNK_InfSchematic,GameplayStrings_Island,345,Эти переключатели соответствуют твоей схеме…
gameplay:GameplayStrings_Island:346:SNK_RevCall,GameplayStrings_Island,346,"Обесточь всё, кроме кнопки вызова!"
gameplay:GameplayStrings_Island:347:SNK_RevHypno,GameplayStrings_Island,347,Забери один из дисков Гипно-Музак.
gameplay:GameplayStrings_Island:348:SNK_InfVioletteJam,GameplayStrings_Island,348,Обрати внимание: Виолетта отплясывает на первом этаже.
gameplay:GameplayStrings_Island:349:SNK_Guard1,GameplayStrings_Island,349,"Можно вставить диск, и Виолетта не заметит…"
gameplay:GameplayStrings_Island:350:SNK_RevNap,GameplayStrings_Island,350,Дай Виолетте вздремнуть…
gameplay:GameplayStrings_Island:351:SNK_RevVioletteID,GameplayStrings_Island,351,...и возьми её удостоверение.
gameplay:GameplayStrings_Island:352:SNK_InfYusufDesk,GameplayStrings_Island,352,Осмотрись на рабочем месте Юсуфа на первом этаже.
gameplay:GameplayStrings_Island:353:SNK_Inf18,GameplayStrings_Island,353,"Похоже, 18 — его любимое число."
gameplay:GameplayStrings_Island:354:SNK_RevFoosball,GameplayStrings_Island,354,На втором этаже доведи счёт на футбольном столе до 18...
gameplay:GameplayStrings_Island:355:SNK_RevYusufID,GameplayStrings_Island,355,...чтобы получить удостоверение Юсуфа.
gameplay:GameplayStrings_Island:356:SNK_RevMemo,GameplayStrings_Island,356,Найди записку о прачечной на первом этаже.
gameplay:GameplayStrings_Island:357:SNK_RevPics,GameplayStrings_Island,357,Найди (разбросанные) фото Учёного месяца.
gameplay:GameplayStrings_Island:358:SNK_RevSotM,GameplayStrings_Island,358,Узнай имена сотрудников из записки...
gameplay:GameplayStrings_Island:359:SNK_RevWall,GameplayStrings_Island,359,...расставив всех по местам.
gameplay:GameplayStrings_Island:360:SNK_RevHachiroID,GameplayStrings_Island,360,Забери удостоверение Хациро на первом этаже.
gameplay:GameplayStrings_Island:361:SNK_RevLaundry,GameplayStrings_Island,361,"Используй удостоверения Виолетты, Юсуфа и Хациро, чтобы открыть прачечную."
gameplay:GameplayStrings_Island:362:SNK_RevUniform,GameplayStrings_Island,362,"Возьми форму (надеюсь, чистую)..."
gameplay:GameplayStrings_Island:363:SNK_RevSneak,GameplayStrings_Island,363,...и проникни в логово Анти-эскапистов!
gameplay:GameplayStrings_Island:364:SNK_PuzTool,GameplayStrings_Island,364,Открыть сумку с инструментами
gameplay:GameplayStrings_Island:365:SNK_PuzElevator,GameplayStrings_Island,365,Получить доступ к лифту
gameplay:GameplayStrings_Island:366:SNK_PuzGuard,GameplayStrings_Island,366,Обязательный перерыв
gameplay:GameplayStrings_Island:367:SNK_PuzFoosball,GameplayStrings_Island,367,Играть в футбол на столе!
gameplay:GameplayStrings_Island:368:SNK_PuzSotM,GameplayStrings_Island,368,Уборка
gameplay:GameplayStrings_Island:369:SNK_PuzDisguise,GameplayStrings_Island,369,Переодеться
gameplay:GameplayStrings_Island:370:SNK_startvent,GameplayStrings_Island,370,Путь назад закрыт...
gameplay:GameplayStrings_Island:371:SNK_ventstew,GameplayStrings_Island,371,"Суп из вентиляции. Должно быть, деликатес анти-эскапистов..."
gameplay:GameplayStrings_Island:372:SNK_juicecanisters,GameplayStrings_Island,372,"Ого, сколько тут канистр с соком."
gameplay:GameplayStrings_Island:373:SNK_gamingconsole,GameplayStrings_Island,373,"Не похоже, чтобы эта работа приносила много удовольствия..."
gameplay:GameplayStrings_Island:374:SNK_copiers,GameplayStrings_Island,374,Копировальные аппараты. Самые зловещие устройства на свете.
gameplay:GameplayStrings_Island:375:SNK_yikes,GameplayStrings_Island,375,Ой. За такое управление кабелями можно и понизить в должности.
gameplay:GameplayStrings_Island:376:SNK_daddy,GameplayStrings_Island,376,«Папе — ты просто бомба».
gameplay:GameplayStrings_Island:377:SNK_mints,GameplayStrings_Island,377,Ммм. Мятные конфеты для приспешников!
gameplay:GameplayStrings_Island:378:SNK_detergent,GameplayStrings_Island,378,От дня стирки не убежишь.
gameplay:GameplayStrings_Island:379:SNK_bulletinboard,GameplayStrings_Island,379,«Хэнк — нижнее белье стирается только в личное время и на личной территории <i>исключительно</i>». — Руководство
gameplay:GameplayStrings_Island:380:SNK_AEG,GameplayStrings_Island,380,Газета «Анти-побег» — «Лиз Немет: гений. Интервью с нашим редактором»
gameplay:GameplayStrings_Island:381:SNK_eel,GameplayStrings_Island,381,Угорь... конечно.
gameplay:GameplayStrings_Island:382:SNK_elevator,GameplayStrings_Island,382,Он уже здесь…
gameplay:GameplayStrings_Island:383:SNK_JanitorCrate,GameplayStrings_Island,383,Ящик с инвентарем для уборки
gameplay:GameplayStrings_Island:384:SNK_CrateClue1,GameplayStrings_Island,384,(1 из 3) Вторая цифра в три раза больше первой.
gameplay:GameplayStrings_Island:385:SNK_CrateClue1L,GameplayStrings_Island,385,«(1 из 3) Вторая цифра в три раза больше первой.»
gameplay:GameplayStrings_Island:386:SNK_CrateClue2,GameplayStrings_Island,386,(2 из 3) Третья цифра на единицу меньше второй.
gameplay:GameplayStrings_Island:387:SNK_CrateClue2L,GameplayStrings_Island,387,«(2 из 3) Третья цифра на единицу меньше второй.»
gameplay:GameplayStrings_Island:388:SNK_CrateClue3,GameplayStrings_Island,388,(3 из 3) Первая цифра на три меньше третьей.
gameplay:GameplayStrings_Island:389:SNK_CrateClue3L,GameplayStrings_Island,389,«(3 из 3) Первая цифра на три меньше третьей.»
gameplay:GameplayStrings_Island:390:SNK_ItemCodeKey,GameplayStrings_Island,390,Ключ к четверному коду
gameplay:GameplayStrings_Island:391:SNK_controls,GameplayStrings_Island,391,управление
gameplay:GameplayStrings_Island:392:SNK_Octotable1,GameplayStrings_Island,392,"Эти сегменты совпадают с теми, что на ключе…"
gameplay:GameplayStrings_Island:393:SNK_Octotable2,GameplayStrings_Island,393,Первая буква — C…
gameplay:GameplayStrings_Island:394:SNK_CornerPrinter,GameplayStrings_Island,394,Этому принтеру нужен пароль
gameplay:GameplayStrings_Island:395:SNK_RevOctagon,GameplayStrings_Island,395,"Расшифруй Восьмиугольную таблицу, чтобы получить распечатку"
gameplay:GameplayStrings_Island:396:SNK_QuadCode,GameplayStrings_Island,396,Четверной код
gameplay:GameplayStrings_Island:397:SNK_Letter1,GameplayStrings_Island,397,L
gameplay:GameplayStrings_Island:398:SNK_Letter2,GameplayStrings_Island,398,V
gameplay:GameplayStrings_Island:399:SNK_Letter3,GameplayStrings_Island,399,R
gameplay:GameplayStrings_Island:400:SNK_Letter4,GameplayStrings_Island,400,E
gameplay:GameplayStrings_Island:401:SNK_Letter5,GameplayStrings_Island,401,A
gameplay:GameplayStrings_Island:402:SNK_Letter6,GameplayStrings_Island,402,H
gameplay:GameplayStrings_Island:403:SNK_Letter7,GameplayStrings_Island,403,Y
gameplay:GameplayStrings_Island:404:SNK_Letter8,GameplayStrings_Island,404,S
gameplay:GameplayStrings_Island:405:SNK_Letter9,GameplayStrings_Island,405,G
gameplay:GameplayStrings_Island:406:SNK_Letter10,GameplayStrings_Island,406,O
gameplay:GameplayStrings_Island:407:SNK_Letter11,GameplayStrings_Island,407,C
gameplay:GameplayStrings_Island:408:SNK_Letter12,GameplayStrings_Island,408,I
gameplay:GameplayStrings_Island:409:SNK_Letter13,GameplayStrings_Island,409,X
gameplay:GameplayStrings_Island:410:SNK_Letter14,GameplayStrings_Island,410,N
gameplay:GameplayStrings_Island:411:SNK_Letter15,GameplayStrings_Island,411,U
gameplay:GameplayStrings_Island:412:SNK_Letter16,GameplayStrings_Island,412,T
gameplay:GameplayStrings_Island:413:SNK_QuadAnswer,GameplayStrings_Island,413,управление
gameplay:GameplayStrings_Island:414:SNK_portraitPrompt,GameplayStrings_Island,414,"Они подняты, но что-то всё ещё не так…"
gameplay:GameplayStrings_Island:416:RAD_TikiMugSwap,GameplayStrings_Island,416,Какой порядок! Лучше не перепутать их.
gameplay:GameplayStrings_Island:417:RAD_TikiBarStoolLockText,GameplayStrings_Island,417,Признайся: эта головоломка уже решена!
gameplay:GameplayStrings_Island:418:RAD_TikiStatueCycling,GameplayStrings_Island,418,Этот цвет тебе идёт.
gameplay:GameplayStrings_Island:419:RAD_BattleBandsUnlockedText,GameplayStrings_Island,419,«Сегодня ночью битва групп! Победитель получит неограниченные игровые жетоны.»
gameplay:GameplayStrings_Island:420:RAD_CupJuiceUnlockedText,GameplayStrings_Island,420,Этот сок выглядит немного... ядерным.
gameplay:GameplayStrings_Island:421:RAD_CupJuiceUnlockedText2,GameplayStrings_Island,421,Он должен так светиться?
gameplay:GameplayStrings_Island:422:RAD_CupJuiceUnlockedText3,GameplayStrings_Island,422,Этот сок не выглядит пригодным для употребления человеком... но пахнет вкусно.
gameplay:GameplayStrings_Island:423:RAD_DIMThinkTank,GameplayStrings_Island,423,Я предпочитаю свой сок синим.
gameplay:GameplayStrings_Island:424:RAD_Forcefield,GameplayStrings_Island,424,Генератор силового поля?! Как мне через него пройти?
gameplay:GameplayStrings_Island:425:RAD_ListeningHead,GameplayStrings_Island,425,"Эй, дружище, ты меня слышишь?"
gameplay:GameplayStrings_Island:426:RAD_RadioRoomServer1,GameplayStrings_Island,426,"Не думаю, что это стандартное оборудование для бара соками."
gameplay:GameplayStrings_Island:427:RAD_Rat,GameplayStrings_Island,427,Хотя бы здесь мне не одиноко.
gameplay:GameplayStrings_Island:428:RAD_SmPOTMicroscope,GameplayStrings_Island,428,«Анализ: мембранный сок с вишнёвым вкусом. Подходит для массового рынка?»
gameplay:GameplayStrings_Island:429:RAD_SmPropCabinet,GameplayStrings_Island,429,«Исследование конверсии лавы...» Что за бар соков этот?
gameplay:GameplayStrings_Island:430:RAD_SmPropPaper,GameplayStrings_Island,430,«Д-р Н. перевела остров в режим повышенной готовности. Абсурд. У нас никогда не бывает посетителей.»
gameplay:GameplayStrings_Island:431:RAD_SmPropSign,GameplayStrings_Island,431,"Думаю, я могу это проигнорировать."
gameplay:GameplayStrings_Island:432:RAD_SmPropSignWarning,GameplayStrings_Island,432,«Сотрудникам бара соков. Вход посторонним запрещён.»
gameplay:GameplayStrings_Island:433:RAD_SmPropWallAttach,GameplayStrings_Island,433,Для бара соков это довольно продвинутый замок...
gameplay:GameplayStrings_Island:434:RAD_Surfboard,GameplayStrings_Island,434,"Погнали на сёрф, чувак!"
gameplay:GameplayStrings_Island:435:RAD_TwoKeys,GameplayStrings_Island,435,Два ключа? Теперь дело серьёзное...
gameplay:GameplayStrings_Island:436:RAD_OneMoreKey,GameplayStrings_Island,436,"Ещё один ключ, и мы внутри!"
gameplay:GameplayStrings_Island:437:RAD_Toast,GameplayStrings_Island,437,Эта штука сдохла!
gameplay:GameplayStrings_Island:438:RAD_PuzzleTurnHeads,GameplayStrings_Island,438,Поверни головы
gameplay:GameplayStrings_Island:439:RAD_PuzzleFire,GameplayStrings_Island,439,Открой врата
gameplay:GameplayStrings_Island:440:RAD_PuzzleFireA,GameplayStrings_Island,440,"Синий, зелёный, красный. Синий, зелёный, ...?"
gameplay:GameplayStrings_Island:441:RAD_PuzzleFireB,GameplayStrings_Island,441,Какой цвет обозначает пунктирная линия?
gameplay:GameplayStrings_Island:442:RAD_PuzzleFireC,GameplayStrings_Island,442,У статуи крайнего слева должно быть КРАСНОЕ пламя.
gameplay:GameplayStrings_Island:443:RAD_PuzzleFire1,GameplayStrings_Island,443,Зажги огонь в ртах этих статуй...
gameplay:GameplayStrings_Island:444:RAD_PuzzleFire2,GameplayStrings_Island,444,Совпади с узорами на их головах.
gameplay:GameplayStrings_Island:445:RAD_Drum,GameplayStrings_Island,445,Включай ритм
gameplay:GameplayStrings_Island:446:RAD_DrumA,GameplayStrings_Island,446,Этот джукбокс играет зацепляющую мелодию…
gameplay:GameplayStrings_Island:447:RAD_DrumB,GameplayStrings_Island,447,Сможешь сыграть её тоже?
gameplay:GameplayStrings_Island:448:RAD_DrumC,GameplayStrings_Island,448,Бей в самый правый барабан последним.
gameplay:GameplayStrings_Island:449:RAD_DrumD,GameplayStrings_Island,449,Не забудь свой приз!
gameplay:GameplayStrings_Island:450:RAD_Drums2,GameplayStrings_Island,450,"Сыграй песню сам, чтобы выиграть приз."
gameplay:GameplayStrings_Island:451:RAD_Drums3,GameplayStrings_Island,451,Неограниченные игровые жетоны — твои!
gameplay:GameplayStrings_Island:452:RAD_Heads1,GameplayStrings_Island,452,Найди подозрительный постер…
gameplay:GameplayStrings_Island:453:RAD_HeadsA,GameplayStrings_Island,453,Эти барные стулья могут вращаться…
gameplay:GameplayStrings_Island:454:RAD_HeadsB,GameplayStrings_Island,454,Ты видел шесть лиц где-нибудь ещё?
gameplay:GameplayStrings_Island:455:RAD_Heads2,GameplayStrings_Island,455,Поверни головы на барных стульях…
gameplay:GameplayStrings_Island:456:RAD_Heads3,GameplayStrings_Island,456,Чтобы они совпали с головами посетителей бара.
gameplay:GameplayStrings_Island:457:RAD_Arcade,GameplayStrings_Island,457,Выиграй игру!
gameplay:GameplayStrings_Island:458:RAD_ArcadeA,GameplayStrings_Island,458,Вставь игровой жетон.
gameplay:GameplayStrings_Island:459:RAD_ArcadeB,GameplayStrings_Island,459,"Похоже, из этих деталей можно собрать картинку."
gameplay:GameplayStrings_Island:460:RAD_ArcadeC,GameplayStrings_Island,460,Извержение заставляет несколько деталей падать. Лучше поторопись!
gameplay:GameplayStrings_Island:461:RAD_Arcade1,GameplayStrings_Island,461,Быстро собери пазл извержения.
gameplay:GameplayStrings_Island:462:RAD_Arcade0,GameplayStrings_Island,462,Давай поиграем.
gameplay:GameplayStrings_Island:463:RAD_Arcade2,GameplayStrings_Island,463,И получи доступ к офису менеджера.
gameplay:GameplayStrings_Island:464:RAD_OfficeText,GameplayStrings_Island,464,Кабинет управляющего
gameplay:GameplayStrings_Island:465:RAD_Arrange,GameplayStrings_Island,465,Отшлифуй ритм
gameplay:GameplayStrings_Island:466:RAD_ArrangeA,GameplayStrings_Island,466,Эти кружки должны стоять в определённом порядке.
gameplay:GameplayStrings_Island:467:RAD_ArrangeB,GameplayStrings_Island,467,От быстрого к медленному — вот как надо.
gameplay:GameplayStrings_Island:468:RAD_Arrange1,GameplayStrings_Island,468,Обрати внимание на черепаху и зайца.
gameplay:GameplayStrings_Island:469:RAD_Arrange2,GameplayStrings_Island,469,Расставь кружки от быстрого к медленному.
gameplay:GameplayStrings_Island:470:RAD_Arrange3,GameplayStrings_Island,470,И ключ твой!
gameplay:GameplayStrings_Island:471:RAD_ArrangeC,GameplayStrings_Island,471,Не забудь свой ключ!
gameplay:GameplayStrings_Island:472:RAD_FishA,GameplayStrings_Island,472,Тебе нужно число. Рыб тоже определённое количество. Совпадение?
gameplay:GameplayStrings_Island:473:RAD_FishB,GameplayStrings_Island,473,"Порядок цветов? Приблизь, и рыбы, возможно, покажут тебе."
gameplay:GameplayStrings_Island:474:RAD_FishC,GameplayStrings_Island,474,У красных рыб одна полоска. У синих — две...
gameplay:GameplayStrings_Island:475:RAD_Fish,GameplayStrings_Island,475,Ищем ответ
gameplay:GameplayStrings_Island:476:RAD_Fish1,GameplayStrings_Island,476,Запомни цвет и вид каждой рыбы.
gameplay:GameplayStrings_Island:477:RAD_Fish2,GameplayStrings_Island,477,"Используй эти данные, чтобы взломать рыбную клавиатуру."
gameplay:GameplayStrings_Island:478:RAD_Fish3,GameplayStrings_Island,478,И ещё один ключ твой!
gameplay:GameplayStrings_Island:479:RAD_Call,GameplayStrings_Island,479,Позови на помощь!
gameplay:GameplayStrings_Island:480:RAD_Call1,GameplayStrings_Island,480,"Используй оба ключа, чтобы открыть радиорубку."
gameplay:GameplayStrings_Island:481:RAD_Call2,GameplayStrings_Island,481,"Используй журнал радио и лётный журнал, чтобы узнать частоту директора..."
gameplay:GameplayStrings_Island:482:RAD_Call3,GameplayStrings_Island,482,Шутка!
gameplay:GameplayStrings_Island:483:RAD_Dungeon,GameplayStrings_Island,483,Сбеги из подземелья
gameplay:GameplayStrings_Island:484:RAD_DungeonA,GameplayStrings_Island,484,Перегрузка цепей при 50-50-50? Это может быть к лучшему.
gameplay:GameplayStrings_Island:485:RAD_DungeonB,GameplayStrings_Island,485,"Чёрный, красный и белый отлично сочетаются!"
gameplay:GameplayStrings_Island:486:RAD_DungeonC,GameplayStrings_Island,486,"Сделай так, чтобы на каждом блоке было 50, и ты на верном пути!"
gameplay:GameplayStrings_Island:487:RAD_Dungeon1,GameplayStrings_Island,487,Сними ослабленный экран.
gameplay:GameplayStrings_Island:488:RAD_Dungeon2,GameplayStrings_Island,488,"Покрути провода, пока не произойдёт перегрузка цепи."
gameplay:GameplayStrings_Island:489:RAD_Dungeon3,GameplayStrings_Island,489,Заметь полезную монетку на полу…
gameplay:GameplayStrings_Island:490:RAD_Dungeon4,GameplayStrings_Island,490,"И используй мелочь, чтобы открыть путь к свободе!"
gameplay:GameplayStrings_Island:491:RAD_DungeonD,GameplayStrings_Island,491,"Есть что-нибудь, чем можно открутить эту вентиляцию?"
gameplay:GameplayStrings_Island:492:RAD_Advertisement,GameplayStrings_Island,492,Реклама
gameplay:GameplayStrings_Island:493:largeKey,GameplayStrings_Island,493,Большой ключ
gameplay:GameplayStrings_Island:494:RAD_ManagerCard,GameplayStrings_Island,494,Ключ-карта менеджера
gameplay:GameplayStrings_Island:495:RAD_ArcadeToken,GameplayStrings_Island,495,Жетоны для аркады
gameplay:GameplayStrings_Island:496:RAD_outsidecoconut,GameplayStrings_Island,496,Кто-то оставил здесь свой напиток?
gameplay:GameplayStrings_Island:497:RAD_bigspeakers,GameplayStrings_Island,497,"Ого, какая мощная система."
gameplay:GameplayStrings_Island:498:RAD_bassguitar,GameplayStrings_Island,498,Там не хватает пары струн.
gameplay:GameplayStrings_Island:499:RAD_spilledjuice,GameplayStrings_Island,499,О нет! Кто-то пролил свой сок.
gameplay:GameplayStrings_Island:500:RAD_freshfruit,GameplayStrings_Island,500,Свежие фрукты. Очень подозрительно…
gameplay:GameplayStrings_Island:501:RAD_sadpizza,GameplayStrings_Island,501,Вот это грустный кусок пиццы.
gameplay:GameplayStrings_Island:502:RAD_hightech,GameplayStrings_Island,502,Вот это хай-тек.
gameplay:GameplayStrings_Island:503:RAD_juicebatch,GameplayStrings_Island,503,«Партия мембранного сока №48: на этот раз ноты черники. Требует дальнейшего изучения».
gameplay:GameplayStrings_Island:504:RAD_toilet,GameplayStrings_Island,504,"Не могу понять, это мерзко или роскошно."
gameplay:GameplayStrings_Island:505:RAD_AEG,GameplayStrings_Island,505,"«Газета против побегов» – «Смертельные ловушки смертельны? „Всё в названии“, утверждает любитель ловушек»"
gameplay:GameplayStrings_Island:506:RAD_RadioCallHelp,GameplayStrings_Island,506,"Можно использовать радио, чтобы позвать на помощь."
gameplay:GameplayStrings_Island:507:RAD_Parrot,GameplayStrings_Island,507,"Полли, хочешь загадку?"
gameplay:GameplayStrings_Island:508:RAD_Coffee,GameplayStrings_Island,508,Хм. Я ожидал больше сока.
gameplay:GameplayStrings_Island:509:RAD_ArrowBox,GameplayStrings_Island,509,«Этой стороной вверх»
gameplay:GameplayStrings_Island:510:RAD_HighTech1,GameplayStrings_Island,510,Похоже на очень технологичный офис хранителя сока...
gameplay:GameplayStrings_Island:511:RAD_RadioConsole,GameplayStrings_Island,511,Все системы работают... Пора связаться с директором!
gameplay:GameplayStrings_Island:512:RAD_Microphone,GameplayStrings_Island,512,«Следующий трек называется <i>Блюз эскаписта</i>»
gameplay:GameplayStrings_Island:513:RAD_Fruitbowl1,GameplayStrings_Island,513,Этот соковый бар — просто бомба!
gameplay:GameplayStrings_Island:514:RAD_Fruitbowl2,GameplayStrings_Island,514,Выглядят спелыми и готовыми к употреблению.
gameplay:GameplayStrings_Island:515:RAD_Microwave,GameplayStrings_Island,515,"Зачем кричать «привет», если можно просто помахивать?"
gameplay:GameplayStrings_Island:516:RAD_Sofa,GameplayStrings_Island,516,"Диван, и всё хорошо..."
gameplay:GameplayStrings_Island:517:RAD_mgrnote,GameplayStrings_Island,517,"«Никто не может победить менеджера в Eruption! Клянусь, он читерит...»"
gameplay:GameplayStrings_Island:518:RAD_Eruption,GameplayStrings_Island,518,Eruption!
gameplay:GameplayStrings_Island:519:RAD_HighScore,GameplayStrings_Island,519,Рекорды
gameplay:GameplayStrings_Island:520:RAD_You,GameplayStrings_Island,520,ТЫ
gameplay:GameplayStrings_Island:521:RAD_name,GameplayStrings_Island,521,«Имя?»
gameplay:GameplayStrings_Island:522:RAD_Mug,GameplayStrings_Island,522,Большая Голова
gameplay:GameplayStrings_Island:523:RAD_RecipeA,GameplayStrings_Island,523,<align=center>БОЛЬШАЯ ГОЛОВА</align><br><br>Ингредиенты:<br>-Ананас<br>-Банан<br>-Молоко<br>-Вишня сверху
gameplay:GameplayStrings_Island:524:RAD_RecipeAHeader,GameplayStrings_Island,524,Большая Голова
gameplay:GameplayStrings_Island:525:RAD_RecipeB,GameplayStrings_Island,525,<align=center>НАУЧНЫЙ СОК</align><br><br>Ингредиенты:<br>-[СЕКРЕТНО]
gameplay:GameplayStrings_Island:526:RAD_Ingredients,GameplayStrings_Island,526,Ингредиенты:
gameplay:GameplayStrings_Island:527:RAD_CherryOnTop,GameplayStrings_Island,527,Вишня сверху
gameplay:GameplayStrings_Island:528:RAD_Redacted,GameplayStrings_Island,528,[УДАЛЕНО]
gameplay:GameplayStrings_Island:529:RAD_CupLabel,GameplayStrings_Island,529,«Большая Голова: подаётся в коллекционной кружке!»
gameplay:GameplayStrings_Island:530:RAD_RecipePrompt,GameplayStrings_Island,530,Я бы сейчас выпил один из них...
gameplay:GameplayStrings_Island:531:RAD_RecipePromptB,GameplayStrings_Island,531,Ладно. Храни свои секреты.
gameplay:GameplayStrings_Island:532:RAD_Banana,GameplayStrings_Island,532,Банан
gameplay:GameplayStrings_Island:533:RAD_Milk,GameplayStrings_Island,533,Молоко
gameplay:GameplayStrings_Island:534:RAD_Pineapple,GameplayStrings_Island,534,Ананас
gameplay:GameplayStrings_Island:535:RAD_Cherry,GameplayStrings_Island,535,Вишни
gameplay:GameplayStrings_Island:536:RAD_Apple,GameplayStrings_Island,536,Яблоко в день — и врач не нужен.
gameplay:GameplayStrings_Island:537:RAD_Blender0,GameplayStrings_Island,537,"Одна «Большая Голова», будет готово!"
gameplay:GameplayStrings_Island:538:RAD_Blender1,GameplayStrings_Island,538,Вкусно! Что дальше?
gameplay:GameplayStrings_Island:539:RAD_Blender2,GameplayStrings_Island,539,"Щепотка этого, немного того..."
gameplay:GameplayStrings_Island:540:RAD_Blender3,GameplayStrings_Island,540,И финальный штрих...
gameplay:GameplayStrings_Island:541:RAD_badFlavor,GameplayStrings_Island,541,Это испортит вкус.
gameplay:GameplayStrings_Island:542:RAD_DoneJuicebar,GameplayStrings_Island,542,"Если с «побегами» не сложится, у меня есть будущее в соковыжималках!"
gameplay:GameplayStrings_Island:543:RAD_CupMissing,GameplayStrings_Island,543,Одна из кружек «Большая Голова» пропала...
gameplay:GameplayStrings_Island:544:RAD_BlenderHintA,GameplayStrings_Island,544,Я бы сейчас выпил что-нибудь.
gameplay:GameplayStrings_Island:545:RAD_BlenderHintB,GameplayStrings_Island,545,Следуй рецепту.
gameplay:GameplayStrings_Island:546:RAD_BlenderReviewA,GameplayStrings_Island,546,Собери ингредиенты для смузи «Большая Голова»...
gameplay:GameplayStrings_Island:547:RAD_BlenderReviewB,GameplayStrings_Island,547,...которое подают в специальной кружке.
gameplay:GameplayStrings_Island:549:A,GameplayStrings_Island,549,A
gameplay:GameplayStrings_Island:550:B,GameplayStrings_Island,550,B
gameplay:GameplayStrings_Island:551:C,GameplayStrings_Island,551,C
gameplay:GameplayStrings_Island:552:D,GameplayStrings_Island,552,D
gameplay:GameplayStrings_Island:553:E,GameplayStrings_Island,553,E
gameplay:GameplayStrings_Island:554:F,GameplayStrings_Island,554,F
gameplay:GameplayStrings_Island:555:RAD_CallButton,GameplayStrings_Island,555,Позвонить
gameplay:GameplayStrings_Island:556:RAD_FlightLog,GameplayStrings_Island,556,Журнал полётов
gameplay:GameplayStrings_Island:557:RAD_RadioHint1,GameplayStrings_Island,557,Когда директор пытался позвонить по рации?
gameplay:GameplayStrings_Island:558:RAD_RadioHint2,GameplayStrings_Island,558,Частота директора — 450
gameplay:GameplayStrings_Island:559:RAD_RadioHint3,GameplayStrings_Island,559,Какая последовательность букв соответствует коду шифрования?
gameplay:GameplayStrings_Island:560:RAD_RadioHint3ALT,GameplayStrings_Island,560,Соедини последовательность цветов в журнале рации...
gameplay:GameplayStrings_Island:561:RAD_RadioLog,GameplayStrings_Island,561,Журнал рации
gameplay:GameplayStrings_Island:562:RAD_TimeOfCall,GameplayStrings_Island,562,Время вызова
gameplay:GameplayStrings_Island:563:RAD_RadioFrequency,GameplayStrings_Island,563,Частота рации
gameplay:GameplayStrings_Island:564:RAD_EncryptionCode,GameplayStrings_Island,564,Код шифрования
gameplay:GameplayStrings_Island:565:RAD_TimeOfFlight,GameplayStrings_Island,565,Время полёта
gameplay:GameplayStrings_Island:566:RAD_Aircraft,GameplayStrings_Island,566,Самолёт
gameplay:GameplayStrings_Island:567:RAD_Notes,GameplayStrings_Island,567,Заметки
gameplay:GameplayStrings_Island:568:RAD_DeliveryHelicopter,GameplayStrings_Island,568,Доставочный вертолёт
gameplay:GameplayStrings_Island:569:RAD_EscapeJet,GameplayStrings_Island,569,Самолёт побег
gameplay:GameplayStrings_Island:570:RAD_ParachuteIndividuals,GameplayStrings_Island,570,2 человека на парашютах
gameplay:GameplayStrings_Island:571:RAD_AntiAirplane,GameplayStrings_Island,571,Зенитная ракета
gameplay:GameplayStrings_Island:572:RAD_Note1,GameplayStrings_Island,572,Сок со склада 3
gameplay:GameplayStrings_Island:573:RAD_Note2,GameplayStrings_Island,573,Сок со склада 6
gameplay:GameplayStrings_Island:574:RAD_Note3,GameplayStrings_Island,574,«Эксперимент идёт по плану»
gameplay:GameplayStrings_Island:575:RAD_Note4,GameplayStrings_Island,575,«Они нас нашли???»
gameplay:GameplayStrings_Island:576:RAD_Note5,GameplayStrings_Island,576,Самолёт разбился на пляже
gameplay:GameplayStrings_Island:577:RAD_Note6,GameplayStrings_Island,577,«Директор пытался связаться с нами по рации»
gameplay:GameplayStrings_Island:578:RAD_DungeonNote,GameplayStrings_Island,578,Дам тебе шанс сбежать 50-50-50
gameplay:GameplayStrings_Island:580:EXP_amandabook,GameplayStrings_Island,580,<i>Как создать червоточину</i> Хорншоу и Хьюритч
gameplay:GameplayStrings_Island:581:EXP_sandwich,GameplayStrings_Island,581,Горчица не может скрыть все грехи…
gameplay:GameplayStrings_Island:582:EXP_AEG,GameplayStrings_Island,582,«Газета антипобегов» – «ОПРОС: Лава признана самым безопасным и экстремальным источником энергии»
gameplay:GameplayStrings_Island:583:EXP_TurretMalfunction,GameplayStrings_Island,583,Сбой турели
gameplay:GameplayStrings_Island:584:EXP_All4Silos,GameplayStrings_Island,584,Включи все 3 памяти
gameplay:GameplayStrings_Island:585:EXP_Sign0,GameplayStrings_Island,585,Т
gameplay:GameplayStrings_Island:586:EXP_Sign1,GameplayStrings_Island,586,С
gameplay:GameplayStrings_Island:587:EXP_Sign2,GameplayStrings_Island,587,В
gameplay:GameplayStrings_Island:588:EXP_Sign3,GameplayStrings_Island,588,Т
gameplay:GameplayStrings_Island:589:EXP_Sign4,GameplayStrings_Island,589,Н
gameplay:GameplayStrings_Island:591:EXP_Sign6,GameplayStrings_Island,591,Г
gameplay:GameplayStrings_Island:592:EXP_Sign7,GameplayStrings_Island,592,Н
gameplay:GameplayStrings_Island:593:EXP_Sign8,GameplayStrings_Island,593,И
gameplay:GameplayStrings_Island:595:EXP_Sign10,GameplayStrings_Island,595,В
gameplay:GameplayStrings_Island:596:EXP_Sign11,GameplayStrings_Island,596,В
gameplay:GameplayStrings_Island:597:EXP_DoodadAnalyzer,GameplayStrings_Island,597,Анализатор безделушек
gameplay:GameplayStrings_Island:598:EXP_IQuit,GameplayStrings_Island,598,Я сдаюсь!
gameplay:GameplayStrings_Island:599:EXP_OurBattleEnds,GameplayStrings_Island,599,наш бой закончится
gameplay:GameplayStrings_Island:600:EXP_IWont,GameplayStrings_Island,600,Я не буду
gameplay:GameplayStrings_Island:601:EXP_TEST,GameplayStrings_Island,601,ТЕСТ
gameplay:GameplayStrings_Island:602:EXP_Item_TroubleshootingManual,GameplayStrings_Island,602,Справочник по устранению неполадок
gameplay:GameplayStrings_Island:603:EXP_Item_Key1,GameplayStrings_Island,603,Ключ обслуживания 01
gameplay:GameplayStrings_Island:604:EXP_Item_Key2,GameplayStrings_Island,604,Ключ обслуживания 02
gameplay:GameplayStrings_Island:605:EXP_Item_Key3,GameplayStrings_Island,605,Ключ обслуживания 03
gameplay:GameplayStrings_Island:606:EXP_Item_Wrench,GameplayStrings_Island,606,Гаечный ключ
gameplay:GameplayStrings_Island:607:EXP_PuzzleWires,GameplayStrings_Island,607,Расшифруй провода
gameplay:GameplayStrings_Island:608:EXP_StartHere,GameplayStrings_Island,608,Попробуй начать с этой камеры!
gameplay:GameplayStrings_Island:609:EXP_Directions,GameplayStrings_Island,609,Следуй указаниям…
gameplay:GameplayStrings_Island:610:EXP_2Pipe,GameplayStrings_Island,610,К какой букве ведет левая труба?
gameplay:GameplayStrings_Island:611:EXP_TakeElevator,GameplayStrings_Island,611,Спустись в камеру на лифте.
gameplay:GameplayStrings_Island:612:EXP_SayAloud,GameplayStrings_Island,612,Попробуй произнести это вслух…
gameplay:GameplayStrings_Island:613:EXP_PanelsReview,GameplayStrings_Island,613,"И следуй по трубам, чтобы составить…"
gameplay:GameplayStrings_Island:614:EXP_Tonight,GameplayStrings_Island,614,«Наш бой закончится сегодня ночью»
gameplay:GameplayStrings_Island:615:EXP_Forgive,GameplayStrings_Island,615,...и «Я не прощу».
gameplay:GameplayStrings_Island:616:EXP_RaiseTurret,GameplayStrings_Island,616,Чтобы поднять турель!
gameplay:GameplayStrings_Island:617:EXP_AlignWidgets,GameplayStrings_Island,617,Распредели безделушки
gameplay:GameplayStrings_Island:618:EXP_ConsoleOn,GameplayStrings_Island,618,Консоль включена!
gameplay:GameplayStrings_Island:619:EXP_TryToFire,GameplayStrings_Island,619,"Попробуй выстрелить из турели, но она сломана."
gameplay:GameplayStrings_Island:620:EXP_WhatsInCrate,GameplayStrings_Island,620,Что внутри этого ящика?
gameplay:GameplayStrings_Island:621:EXP_GizmosPrintout,GameplayStrings_Island,621,Что было написано в распечатке?
gameplay:GameplayStrings_Island:622:EXP_WidgetsSolve,GameplayStrings_Island,622,Перераспредели безделушки
gameplay:GameplayStrings_Island:623:EXP_BlastinTime,GameplayStrings_Island,623,Пора стрелять!
gameplay:GameplayStrings_Island:624:EXP_GottaBlast,GameplayStrings_Island,624,Надо стрелять!
gameplay:GameplayStrings_Island:625:EXP_NextChamber,GameplayStrings_Island,625,Пора захватить другую турель.
gameplay:GameplayStrings_Island:626:EXP_Concentric,GameplayStrings_Island,626,У этой спутниковой антенны 3 концентрических цветных кольца…
gameplay:GameplayStrings_Island:627:EXP_Red1Knob,GameplayStrings_Island,627,Какой сегмент внутреннего кольца красный?
gameplay:GameplayStrings_Island:628:EXP_TuneSatelliteA,GameplayStrings_Island,628,Обрати внимание на три концентрических кольца на спутниковой антенне.
gameplay:GameplayStrings_Island:629:EXP_TuneSatelliteB,GameplayStrings_Island,629,Настрой спутник
gameplay:GameplayStrings_Island:630:EXP_TuneSatellite,GameplayStrings_Island,630,"Настрой приемники, чтобы они совпали с узором."
gameplay:GameplayStrings_Island:631:EXP_FixGizmos,GameplayStrings_Island,631,Почини безделушки
gameplay:GameplayStrings_Island:632:EXP_Triangle,GameplayStrings_Island,632,Треугольная деталь вставляется в левый верхний угол
gameplay:GameplayStrings_Island:633:EXP_GizmosSolve,GameplayStrings_Island,633,Перенастрой безделушки
gameplay:GameplayStrings_Island:634:EXP_SortDatums,GameplayStrings_Island,634,Отсортируй данные
gameplay:GameplayStrings_Island:635:EXP_FinalElevator,GameplayStrings_Island,635,Осталась одна камера!
gameplay:GameplayStrings_Island:636:EXP_RubiksHint1,GameplayStrings_Island,636,Расставь три цвета по соответствующим столбцам.
gameplay:GameplayStrings_Island:637:EXP_RubiksHint1B,GameplayStrings_Island,637,Какие цвета касаются каждого числа?
gameplay:GameplayStrings_Island:638:EXP_RubiksHint2,GameplayStrings_Island,638,Попробуй думать на пару ходов вперед.
gameplay:GameplayStrings_Island:639:EXP_RubiksHint3,GameplayStrings_Island,639,"Иногда сетка становится более хаотичной, прежде чем упорядочиться."
gameplay:GameplayStrings_Island:640:EXP_RebootDoodads,GameplayStrings_Island,640,Перезагрузи безделушки
gameplay:GameplayStrings_Island:641:EXP_Multimeter,GameplayStrings_Island,641,"Цвет анализатора меняется в зависимости от того, к каким компонентам он прикасается."
gameplay:GameplayStrings_Island:642:EXP_MultimeterB,GameplayStrings_Island,642,π — это компонент памяти!
gameplay:GameplayStrings_Island:643:EXP_HotHotHot,GameplayStrings_Island,643,"Горячо, горячо, горячо!"
gameplay:GameplayStrings_Island:644:EXP_PostExplosionLabel,GameplayStrings_Island,644,Даже после взрыва всё так же бесполезно.
gameplay:GameplayStrings_Island:645:EXP_EmptyCrate,GameplayStrings_Island,645,Пусто! Это не очень помогает...
gameplay:GameplayStrings_Island:646:EXP_ExpensiveToaster,GameplayStrings_Island,646,Вот это тостер! Должен стоить целое состояние!
gameplay:GameplayStrings_Island:647:EXP_DontLoseHead,GameplayStrings_Island,647,Не теряй голову из-за этого!
gameplay:GameplayStrings_Island:648:EXP_NoPower,GameplayStrings_Island,648,На этот терминал не подается питание...
gameplay:GameplayStrings_Island:649:EXP_SidePower,GameplayStrings_Island,649,Эта сторона под напряжением.
gameplay:GameplayStrings_Island:650:EXP_LookGood,GameplayStrings_Island,650,Выглядит отлично!
gameplay:GameplayStrings_Island:651:EXP_NoPower2,GameplayStrings_Island,651,Питание пока не доходит до этой стороны...
gameplay:GameplayStrings_Island:652:EXP_YesPower,GameplayStrings_Island,652,Питание поступает на этот прибор...
gameplay:GameplayStrings_Island:653:EXP_LabInsurance,GameplayStrings_Island,653,"Надеюсь, у доктора Немет есть страховка лаборатории."
gameplay:GameplayStrings_Island:654:EXP_Wasted,GameplayStrings_Island,654,Пропало даром.
gameplay:GameplayStrings_Island:655:EXP_SoMuchTurret,GameplayStrings_Island,655,Ну и что теперь с этой турелью!
gameplay:GameplayStrings_Island:656:EXP_AccessPanelLocked,GameplayStrings_Island,656,Эта панель доступа заперта...
gameplay:GameplayStrings_Island:657:EXP_EmptyPockets,GameplayStrings_Island,657,Карманы теперь пусты.
gameplay:GameplayStrings_Island:658:EXP_InternshipSucks,GameplayStrings_Island,658,"«Эта стажировка — ужас. Я знал, что надо было взять ту работу в соковом баре.»"
gameplay:GameplayStrings_Island:659:EXP_SafetyFirst,GameplayStrings_Island,659,Безопасность прежде всего!
gameplay:GameplayStrings_Island:660:EXP_Hypothesis,GameplayStrings_Island,660,«Научная гипотеза: доктор Немет потеряла рассудок!»
gameplay:GameplayStrings_Island:661:EXP_NobodyLabels,GameplayStrings_Island,661,"«Здесь никто не подписывает безделушки. Как мы должны знать, что есть что?!»"
gameplay:GameplayStrings_Island:662:EXP_NotSure,GameplayStrings_Island,662,"Не уверен, что это за штука… но рад, что она сломана."
gameplay:GameplayStrings_Island:663:EXP_LooksSame,GameplayStrings_Island,663,"Эй, выглядит примерно так же, как и раньше."
gameplay:GameplayStrings_Island:664:EXP_SpareParts,GameplayStrings_Island,664,Неужели она украла эту тележку для покупок…?
gameplay:GameplayStrings_Island:665:EXP_NobodyTell,GameplayStrings_Island,665,"«Никому не говорите доктору Немет, но ни одна из этих турелей не работает…»"
gameplay:GameplayStrings_Island:666:EXP_SmokingGun,GameplayStrings_Island,666,Я нашел вещественное доказательство!
gameplay:GameplayStrings_Island:667:EXP_ChamberToast,GameplayStrings_Island,667,Эта камера сгорела дотла!
gameplay:GameplayStrings_Island:668:EXP_TotallyRuined,GameplayStrings_Island,668,Эта штука совсем испорчена! Нужно срочно найти другую турель!
gameplay:GameplayStrings_Island:669:EXP_DarnTurret,GameplayStrings_Island,669,Черт! Лучше бы найти другую турель.
gameplay:GameplayStrings_Island:670:EXP_TurretBusted,GameplayStrings_Island,670,Эта турель сломана. Надо срочно найти другую!
gameplay:GameplayStrings_Island:671:EXP_PromisingWires,GameplayStrings_Island,671,"Эти провода выглядят многообещающе. Интересно, куда они ведут…"
gameplay:GameplayStrings_Island:672:EXP_Password1,GameplayStrings_Island,672,прости
gameplay:GameplayStrings_Island:673:EXP_Password2,GameplayStrings_Island,673,сегодня
gameplay:GameplayStrings_Island:674:EXP_Microscope,GameplayStrings_Island,674,"Мои проблемы слишком велики, чтобы их можно было рассмотреть в этот микроскоп!"
gameplay:GameplayStrings_Island:675:EXP_Gears,GameplayStrings_Island,675,Доктор Немет точно сбивает меня с толку!
gameplay:GameplayStrings_Island:676:EXP_Console1,GameplayStrings_Island,676,Бип бип буп боп бип боп!
gameplay:GameplayStrings_Island:677:EXP_Console2,GameplayStrings_Island,677,Разве кто-то должен за этим следить?
gameplay:GameplayStrings_Island:678:EXP_Console3,GameplayStrings_Island,678,Откуда у доктора Немет деньги на все эти гаджеты?
gameplay:GameplayStrings_Island:679:EXP_Console4,GameplayStrings_Island,679,"Мне кажется, этот просто для красоты."
gameplay:GameplayStrings_Island:680:EXP_Console5,GameplayStrings_Island,680,"Понятия не имею, что они делают."
gameplay:GameplayStrings_Island:681:EXP_Console6,GameplayStrings_Island,681,Обновление в процессе: осталось три года.
gameplay:GameplayStrings_Island:682:EXP_Console7,GameplayStrings_Island,682,Здесь просто запущена <i>Эрупция</i>…
gameplay:GameplayStrings_Island:683:EXP_Draft,GameplayStrings_Island,683,"Мне показалось, что здесь сквозняк…"
gameplay:GameplayStrings_Island:684:EXP_Crate1,GameplayStrings_Island,684,«Научный сок»
gameplay:GameplayStrings_Island:685:EXP_Crate2,GameplayStrings_Island,685,«Медвежьи ловушки»
gameplay:GameplayStrings_Island:686:EXP_Crate3,GameplayStrings_Island,686,"«Мемуары доктора Немет, тома 31-33»"
gameplay:GameplayStrings_Island:687:EXP_Crate4,GameplayStrings_Island,687,«Мышеловки и сыр»
gameplay:GameplayStrings_Island:688:EXP_Crate5,GameplayStrings_Island,688,«Экспериментальная трэп-музыка»
gameplay:GameplayStrings_Island:689:EXP_Crate6,GameplayStrings_Island,689,"«Кто поймал, тот и съел»"
gameplay:GameplayStrings_Island:690:EXP_Crate7,GameplayStrings_Island,690,«Схемы ловушек»
gameplay:GameplayStrings_Island:691:EXP_Crate8,GameplayStrings_Island,691,"«Мемуары доктора Немет, приложения 48–50»"
gameplay:GameplayStrings_Island:692:EXP_Crate9,GameplayStrings_Island,692,«Ловушки для мух»
gameplay:GameplayStrings_Island:693:EXP_Crate10,GameplayStrings_Island,693,«Мгновенные зыбучие пески<br><i>Просто добавьте воды!</i>»
gameplay:GameplayStrings_Island:694:EXP_Crate11,GameplayStrings_Island,694,«Мышеловки и сыр»
gameplay:GameplayStrings_Island:695:EXP_Branding,GameplayStrings_Island,695,"Ученые-антиэскаписты, похоже, очень заботятся о своем бренде…"
gameplay:GameplayStrings_Island:696:EXP_pipe1,GameplayStrings_Island,696,К какой букве ведет правая труба?
gameplay:GameplayStrings_Island:697:EXP_pipe2,GameplayStrings_Island,697,К какой букве ведет верхняя труба?
gameplay:GameplayStrings_Island:698:EXP_pipe3,GameplayStrings_Island,698,К какой букве ведет нижняя труба?
gameplay:GameplayStrings_Island:699:EXP_CircuitSymbols,GameplayStrings_Island,699,Символы на этом чипе совпадают с символами на турели.
gameplay:GameplayStrings_Island:700:EXP_WidgetsBroken,GameplayStrings_Island,700,"К счастью, в комплекте есть инструкция по ремонту."
gameplay:GameplayStrings_Island:701:EXP_UnlockPanel,GameplayStrings_Island,701,"Открой сервисную панель ключом, который ты нашел в ящике."
gameplay:GameplayStrings_Island:702:EXP_GizmosSolveC,GameplayStrings_Island,702,"Поверни диски, чтобы они совпали со схемой в инструкции."
gameplay:GameplayStrings_Island:703:EXP_GizmosSolveCALT,GameplayStrings_Island,703,"Поверни диски, чтобы значения совпали со схемой в инструкции."
gameplay:GameplayStrings_Island:704:EXP_FireAtLiz,GameplayStrings_Island,704,И выстрели в доктора Немет!
gameplay:GameplayStrings_Island:705:EXP_FireAtLizB,GameplayStrings_Island,705,И выстрели в доктора Немет (снова)!
gameplay:GameplayStrings_Island:706:EXP_FireAtLizC,GameplayStrings_Island,706,И в последний раз выстрели в доктора Немет!
gameplay:GameplayStrings_Island:707:EXP_TakeElevator2,GameplayStrings_Island,707,Спустись на лифте в другую камеру.
gameplay:GameplayStrings_Island:708:EXP_TakeElevator3,GameplayStrings_Island,708,Спустись на лифте в финальную камеру.
gameplay:GameplayStrings_Island:709:EXP_dish1,GameplayStrings_Island,709,Обрати внимание на три концентрических кольца на спутниковой антенне.
gameplay:GameplayStrings_Island:710:EXP_dish2,GameplayStrings_Island,710,"Настрой приемники, чтобы они совпали с узором."
gameplay:GameplayStrings_Island:711:EXP_TryToFireB,GameplayStrings_Island,711,"Попробуй выстрелить из турели, но она снова сломана (опять же!)"
gameplay:GameplayStrings_Island:712:EXP_UnlockPanelB,GameplayStrings_Island,712,"Открой сервисную панель ключом, который ты нашел в рюкзаке."
gameplay:GameplayStrings_Island:713:EXP_GizmosSolveB,GameplayStrings_Island,713,"Реши логическую головоломку, чтобы перераспределить гаджеты."
gameplay:GameplayStrings_Island:714:EXP_DatumsRecap,GameplayStrings_Island,714,"Расставь сетку так, чтобы цвета совпадали со столбцами."
gameplay:GameplayStrings_Island:715:EXP_TryToFireC,GameplayStrings_Island,715,Попробуй выстрелить из турели. Ты угадал: она сломана.
gameplay:GameplayStrings_Island:716:EXP_UnlockPanelC,GameplayStrings_Island,716,"Открой сервисную панель ключом, который ты нашел в ланч-боксе."
gameplay:GameplayStrings_Island:717:EXP_RebootDoodadsB,GameplayStrings_Island,717,"Используй анализатор дудасов, чтобы определить три компонента памяти."
gameplay:GameplayStrings_Island:718:EXP_ChipSwappingXHint,GameplayStrings_Island,718,[X] не касается [X] или [X]
gameplay:GameplayStrings_Island:719:EXP_GridPuzzleSpinHint1,GameplayStrings_Island,719,Я где-то уже видел эти фигуры?
gameplay:GameplayStrings_Island:720:EXP_GridPuzzleSpinHint2,GameplayStrings_Island,720,Эти детали нужно повернуть в правильном направлении.
gameplay:GameplayStrings_Island:721:EXP_GridPuzzleBGHint1,GameplayStrings_Island,721,У этих деталей должен быть правильный цвет фона.
gameplay:GameplayStrings_Island:722:EXP_GridPuzzleRecap1,GameplayStrings_Island,722,"Поверни все фигуры в правильном направлении, чтобы открыть дверь."
gameplay:GameplayStrings_Island:723:EXP_GridPuzzleRecap2,GameplayStrings_Island,723,"Совпади цвета фона фигур, чтобы открыть дверь."
gameplay:GameplayStrings_Island:724:EXP_DiscLockMathHint1,GameplayStrings_Island,724,4 x 6 = 24
gameplay:GameplayStrings_Island:725:EXP_DiscLockMathHint2,GameplayStrings_Island,725,"Умножь бусины на внутреннее кольцо, а затем сложи все значения."
gameplay:GameplayStrings_Island:727:DIM_BoxWarning,GameplayStrings_Island,727,Лазер режет всё пополам!
gameplay:GameplayStrings_Island:728:DIM_BoxWarning2,GameplayStrings_Island,728,Хотя бы этот ящик в безопасности…
gameplay:GameplayStrings_Island:729:DIM_LaserPuzzleCompleted,GameplayStrings_Island,729,В самое сердце!
gameplay:GameplayStrings_Island:730:DIM_LaserPuzzleIncomplete,GameplayStrings_Island,730,Нужно попасть именно сюда…
gameplay:GameplayStrings_Island:731:ordinal1,GameplayStrings_Island,731,1<sup>й</sup>
gameplay:GameplayStrings_Island:732:ordinal2,GameplayStrings_Island,732,2<sup>й</sup>
gameplay:GameplayStrings_Island:733:ordinal3,GameplayStrings_Island,733,3<sup>й</sup>
gameplay:GameplayStrings_Island:734:ordinal4,GameplayStrings_Island,734,4<sup>й</sup>
gameplay:GameplayStrings_Island:735:ordinal5,GameplayStrings_Island,735,5<sup>й</sup>
gameplay:GameplayStrings_Island:736:DIM_GotTheKey,GameplayStrings_Island,736,У меня уже есть ключ!
gameplay:GameplayStrings_Island:737:DIM_GotJuice,GameplayStrings_Island,737,Сок получен!
gameplay:GameplayStrings_Island:738:DIM_denseComplete,GameplayStrings_Island,738,Не будь таким плотным! Ты справишься.
gameplay:GameplayStrings_Island:739:DIM_BeakerA,GameplayStrings_Island,739,Зачем этот пустой колб стоит так высоко?
gameplay:GameplayStrings_Island:740:DIM_BeakerB,GameplayStrings_Island,740,Можно влить сюда что-нибудь ещё?
gameplay:GameplayStrings_Island:741:DIM_BeakerC,GameplayStrings_Island,741,Почти готово. Ещё чуть-чуть…
gameplay:GameplayStrings_Island:742:DIM_CantReachCrate,GameplayStrings_Island,742,"Было бы здорово, если бы я мог дотянуться до этого ящика."
gameplay:GameplayStrings_Island:743:DIM_EmptyTank,GameplayStrings_Island,743,Должен же быть способ заполнить эти баки…
gameplay:GameplayStrings_Island:744:DIM_CardReader,GameplayStrings_Island,744,Это считыватель карт…
gameplay:GameplayStrings_Island:745:DIM_HookPun,GameplayStrings_Island,745,Я зацепился за эту загадку!
gameplay:GameplayStrings_Island:746:DIM_EmptyTankResponse,GameplayStrings_Island,746,"Это не поможет, если все баки пусты…"
gameplay:GameplayStrings_Island:747:DIM_DisarmedMine,GameplayStrings_Island,747,Мина обезврежена. Лучше так и оставить…
gameplay:GameplayStrings_Island:748:DIM_SeriousScience,GameplayStrings_Island,748,"Сок здесь, похоже, очень важен."
gameplay:GameplayStrings_Island:749:DIM_DuckClue,GameplayStrings_Island,749,У этой утки на шее ключ-подвеска…?
gameplay:GameplayStrings_Island:750:DIM_ReleaseValve,GameplayStrings_Island,750,Сливной клапан. Звучит многообещающе…
gameplay:GameplayStrings_Island:751:DIM_CraneRunning,GameplayStrings_Island,751,Кран уже работает!
gameplay:GameplayStrings_Island:752:DIM_TMP_MineDisarmed,GameplayStrings_Island,752,Мина обезврежена
gameplay:GameplayStrings_Island:753:DIM_TMP_JuiceValve,GameplayStrings_Island,753,Сливной клапан сока
gameplay:GameplayStrings_Island:754:DIM_2Card,GameplayStrings_Island,754,Карта «Два»
gameplay:GameplayStrings_Island:755:DIM_5Card,GameplayStrings_Island,755,Карта «Пять»
gameplay:GameplayStrings_Island:756:DIM_6Card,GameplayStrings_Island,756,Карта «Шесть»
gameplay:GameplayStrings_Island:757:DIM_7Card,GameplayStrings_Island,757,Карта «Семь»
gameplay:GameplayStrings_Island:758:DIM_DuckKey,GameplayStrings_Island,758,Ключ утёнка
gameplay:GameplayStrings_Island:759:DIM_scienceJuice,GameplayStrings_Island,759,Научный сок
gameplay:GameplayStrings_Island:760:DIM_LaserZone,GameplayStrings_Island,760,Добро пожаловать в Лазерную зону
gameplay:GameplayStrings_Island:761:DIM_KeypadColors,GameplayStrings_Island,761,Что означают эти цвета?
gameplay:GameplayStrings_Island:762:DIM_Halfof4,GameplayStrings_Island,762,Сколько будет половина от 4?
gameplay:GameplayStrings_Island:763:DIM_SwapHint,GameplayStrings_Island,763,Придётся как-то использовать розовые и фиолетовые зеркала…
gameplay:GameplayStrings_Island:764:DIM_SolveSwap,GameplayStrings_Island,764,Поменяй зеркала местами…
gameplay:GameplayStrings_Island:765:DIM_UnlockSlide,GameplayStrings_Island,765,Разблокируй вторую лазерную консоль. Поменяй зеркала местами…
gameplay:GameplayStrings_Island:766:DIM_SlideHint,GameplayStrings_Island,766,Придётся как-то использовать оба розовых зеркала…
gameplay:GameplayStrings_Island:767:DIM_LaserRestraints,GameplayStrings_Island,767,Лазер может расплавить оковы Джеба!
gameplay:GameplayStrings_Island:768:DIM_FreeJebLasers,GameplayStrings_Island,768,"И используй лазеры, чтобы освободить Джеба!"
gameplay:GameplayStrings_Island:769:DIM_Density,GameplayStrings_Island,769,Собери соки
gameplay:GameplayStrings_Island:770:DIM_CollectJuice,GameplayStrings_Island,770,Собери весь Научный сок
gameplay:GameplayStrings_Island:771:DIM_Beaker,GameplayStrings_Island,771,и наполни колбу
gameplay:GameplayStrings_Island:772:DIM_PourJuice,GameplayStrings_Island,772,Влей сок сюда!
gameplay:GameplayStrings_Island:773:DIM_ThinkTanks,GameplayStrings_Island,773,Разгадай загадку баков
gameplay:GameplayStrings_Island:774:DIM_TanksHint1,GameplayStrings_Island,774,Утка плавает только в самом плотном соке…
gameplay:GameplayStrings_Island:775:DIM_TanksHint2,GameplayStrings_Island,775,Попробуй сгруппировать соки одного цвета
gameplay:GameplayStrings_Island:776:DIM_DuckKeyClue,GameplayStrings_Island,776,Не забудь про ключ от резиновой утки!
gameplay:GameplayStrings_Island:777:DIM_CollectKey,GameplayStrings_Island,777,и собери ключ…
gameplay:GameplayStrings_Island:778:DIM_SpinValve,GameplayStrings_Island,778,Останови сок!
gameplay:GameplayStrings_Island:779:DIM_PanicMinefield,GameplayStrings_Island,779,"Осторожно, мины"
gameplay:GameplayStrings_Island:780:DIM_CrossMinefield,GameplayStrings_Island,780,"Пересеките минное поле, не задетронув бомбу"
gameplay:GameplayStrings_Island:781:DIM_PayAttention,GameplayStrings_Island,781,Следи за цифрами на каждой плитке
gameplay:GameplayStrings_Island:782:DIM_MinefieldRecap,GameplayStrings_Island,782,Пройди через минное поле целым и невредимым…
gameplay:GameplayStrings_Island:783:DIM_ReverseMine,GameplayStrings_Island,783,Сколько бомб касается каждая плитка?
gameplay:GameplayStrings_Island:784:DIM_SaveJebMines,GameplayStrings_Island,784,…И спаси Джеба!
gameplay:GameplayStrings_Island:785:DIM_CrateJob,GameplayStrings_Island,785,Сделай работу с ящиком
gameplay:GameplayStrings_Island:786:DIM_Crate1,GameplayStrings_Island,786,Этот ящик на 2 единицы выше и на 2 единицы правее
gameplay:GameplayStrings_Island:787:DIM_Crate2,GameplayStrings_Island,787,Этот ящик на 1 единицу выше и на 5 единиц правее
gameplay:GameplayStrings_Island:789:DIM_Crate3,GameplayStrings_Island,789,Этот ящик на 4 единицы выше и на 3 единицы правее
gameplay:GameplayStrings_Island:791:DIM_CollectCrate1,GameplayStrings_Island,791,Собери первый ящик (используя математику)
gameplay:GameplayStrings_Island:792:DIM_CollectCrate2,GameplayStrings_Island,792,Собери второй ящик (ещё больше математики!)
gameplay:GameplayStrings_Island:793:DIM_CollectCrate3,GameplayStrings_Island,793,Собери третий ящик (угадал – ещё больше математики!)
gameplay:GameplayStrings_Island:794:DIM_OffTheHook,GameplayStrings_Island,794,Спаси Джеба с крюка!
gameplay:GameplayStrings_Island:795:DIM_UnlockCrane,GameplayStrings_Island,795,Разблокируй панель управления…
gameplay:GameplayStrings_Island:796:DIM_SaveJebCranes,GameplayStrings_Island,796,Затем отцепи Джеба от его беды!
gameplay:GameplayStrings_Island:797:DIM_BreakHourglass,GameplayStrings_Island,797,Разбей песочные часы
gameplay:GameplayStrings_Island:798:DIM_WeakenDimension,GameplayStrings_Island,798,После того как ослабишь Измерение захвата…
gameplay:GameplayStrings_Island:799:DIM_FinalSolve,GameplayStrings_Island,799,Освободи Джеба и сбеги!
gameplay:GameplayStrings_Island:800:DIM_WeakenHourglass,GameplayStrings_Island,800,"Песочные часы нестабильны, теперь их можно разбить!"
gameplay:GameplayStrings_Island:801:DIM_CraneGain,GameplayStrings_Island,801,Без крана – без добычи.
gameplay:GameplayStrings_Island:802:DIM_Blender,GameplayStrings_Island,802,Это не про смешение миров.
gameplay:GameplayStrings_Island:803:DIM_Anchor,GameplayStrings_Island,803,Почему я не могу избавиться от этого чувства?
gameplay:GameplayStrings_Island:804:DIM_Coral,GameplayStrings_Island,804,Для рифа с хором здесь подозрительно тихо…
gameplay:GameplayStrings_Island:805:DIM_Binoculars,GameplayStrings_Island,805,Взрывной вид…
gameplay:GameplayStrings_Island:806:DIM_BombNotes,GameplayStrings_Island,806,Журнал эксперимента: тест был взрывным!
gameplay:GameplayStrings_Island:807:DIM_Car,GameplayStrings_Island,807,Вот так можно сделать кабриолет
gameplay:GameplayStrings_Island:808:DIM_Car2,GameplayStrings_Island,808,Эта машина выглядит вдвое уставшей…
gameplay:GameplayStrings_Island:809:DIM_Tiki,GameplayStrings_Island,809,Я должен спасти Джеба!
gameplay:GameplayStrings_Island:810:DIM_AEG,GameplayStrings_Island,810,"«Газета против побегов» – «„Три – это хорошо“, – говорит учёный, спросленный о дополнительных измерениях»"
gameplay:GameplayStrings_Island:811:DIM_floatingplant,GameplayStrings_Island,811,Это растение действительно связывает измерение воедино.
gameplay:GameplayStrings_Island:812:DIM_redsquares,GameplayStrings_Island,812,Четыре красных квадрата… это кажется знакомым…
gameplay:GameplayStrings_Island:813:DIM_CraneJeb,GameplayStrings_Island,813,Джеб на 2 единицы выше и на пару единиц левее…
gameplay:GameplayStrings_Island:814:DIM_Lever,GameplayStrings_Island,814,Крути колесо!
gameplay:GameplayStrings_Island:815:DIM_UnshackleLever,GameplayStrings_Island,815,…чтобы освободить клапан.
gameplay:GameplayStrings_Island:816:DIM_Lever2,GameplayStrings_Island,816,…И дай ему покрутиться!
gameplay:GameplayStrings_Island:817:DIM_bullseye,GameplayStrings_Island,817,Нужно попасть в центр мишени лазером.
gameplay:GameplayStrings_Island:818:DIM_hourglassfragile,GameplayStrings_Island,818,Эти песочные часы выглядят очень хрупкими…
gameplay:GameplayStrings_Island:819:DIM_UnlockSwap0,GameplayStrings_Island,819,"Заметь, что цифры на ящиках уменьшаются вдвое."
gameplay:GameplayStrings_Island:820:DIM_UnlockSwap,GameplayStrings_Island,820,"Используй эту подсказку, чтобы разблокировать первую лазерную консоль."
gameplay:GameplayStrings_Island:821:DIM_SolveSlide,GameplayStrings_Island,821,…И сдвинь зеркала…
gameplay:GameplayStrings_Island:822:DIM_TanksSolve,GameplayStrings_Island,822,Раздели жидкости и подними утку наверх в её резервуаре.
gameplay:GameplayStrings_Island:823:DIM_UnlockTank,GameplayStrings_Island,823,"Используй это, чтобы открыть клапан сброса…"
gameplay:GameplayStrings_Island:824:DIM_SaveJebTanks,GameplayStrings_Island,824,…И спаси Джеба!
gameplay:GameplayStrings_Island:825:DIM_DiffuseMine,GameplayStrings_Island,825,"Размини бомбу, играя в сапёр наизнанку."
gameplay:GameplayStrings_Island:826:DIM_CollectCards,GameplayStrings_Island,826,Собери пронумерованные карточки по всей комнате.
gameplay:GameplayStrings_Island:827:DIM_programcrane,GameplayStrings_Island,827,"Используй их, чтобы запрограммировать управление краном и собрать ещё больше ящиков."
gameplay:GameplayStrings_Island:828:DIM_encryptedbox,GameplayStrings_Island,828,В ящиках зашифрованный набор инструкций.
gameplay:GameplayStrings_Island:829:DIM_secretcode,GameplayStrings_Island,829,"Введи секретный код, чтобы активировать второй набор управления краном."
gameplay:GameplayStrings_Island:830:DIM_Jeboffhook,GameplayStrings_Island,830,Сними Джеба с крюка.
gameplay:GameplayStrings_Island:831:DIM_smash,GameplayStrings_Island,831,"Разбей песочные часы, и ты свободен!"
gameplay:GameplayStrings_Island:832:DIM_brokenjuice1,GameplayStrings_Island,832,Ключ к межпространственному путешествию был соком?!
gameplay:GameplayStrings_Island:833:DIM_brokenjuice2,GameplayStrings_Island,833,"Неудивительно, что это измерение пахнет вишней!"
gameplay:GameplayStrings_Island:834:DIM_blowingmine,GameplayStrings_Island,834,Это место взрывает мне мозг!
gameplay:GameplayStrings_Island:835:DIM_crates,GameplayStrings_Island,835,"«Журналы неудачных экспериментов – из глаз, из ума»"
gameplay:GameplayStrings_Island:836:DIM_wreckingball,GameplayStrings_Island,836,Как будто этому месту нужно ещё больше разрушений!
gameplay:GameplayStrings_Island:837:DIM_Disc,GameplayStrings_Island,837,Колесо логики
gameplay:GameplayStrings_Island:838:DIM_DiscSlot,GameplayStrings_Island,838,"Похоже, я могу прикрепить что-то к этой оси."
gameplay:GameplayStrings_Island:839:DIM_blast,GameplayStrings_Island,839,взрыв
gameplay:GameplayStrings_Island:840:DIM_LadderLocked,GameplayStrings_Island,840,"Мне нужно открыть эти ворота, прежде чем я смогу спуститься!"
gameplay:GameplayStrings_Island:841:DIM_TopL,GameplayStrings_Island,841,С
gameplay:GameplayStrings_Island:842:DIM_TopM,GameplayStrings_Island,842,Ю
gameplay:GameplayStrings_Island:843:DIM_TopR,GameplayStrings_Island,843,В
gameplay:GameplayStrings_Island:844:DIM_MidL,GameplayStrings_Island,844,М
gameplay:GameplayStrings_Island:845:DIM_Mid,GameplayStrings_Island,845,С
gameplay:GameplayStrings_Island:846:DIM_MidR,GameplayStrings_Island,846,К
gameplay:GameplayStrings_Island:847:DIM_BotL,GameplayStrings_Island,847,С
gameplay:GameplayStrings_Island:848:DIM_BotM,GameplayStrings_Island,848,М
gameplay:GameplayStrings_Island:849:DIM_BotR,GameplayStrings_Island,849,Т
gameplay:GameplayStrings_Island:850:DIM_MinefieldGate1,GameplayStrings_Island,850,Каждая буква касается 4 огней.
gameplay:GameplayStrings_Island:851:DIM_MinefieldGate2,GameplayStrings_Island,851,Первая буква — С
gameplay:GameplayStrings_Island:852:DIM_MinefieldGateRecap,GameplayStrings_Island,852,"Расшифруй мигающие огни, чтобы открыть ворота башни."
gameplay:GameplayStrings_Island:853:DIM_CraneStopHint1,GameplayStrings_Island,853,"Начни со звезды и сложи стрелки, чтобы добраться до замка."
gameplay:GameplayStrings_Island:854:DIM_CraneStopHint2,GameplayStrings_Island,854,Первый диск должен быть в этом положении.
gameplay:GameplayStrings_Island:855:DIM_CraneUnlockHint1,GameplayStrings_Island,855,Ты видел четыре квадрата где-нибудь ещё?
gameplay:GameplayStrings_Island:856:DIM_CraneUnlockHint2,GameplayStrings_Island,856,Первое направление — влево…
gameplay:GameplayStrings_Island:857:DIM_CraneStopReview1,GameplayStrings_Island,857,Собери три диска логики.
gameplay:GameplayStrings_Island:858:DIM_CraneStopReview2,GameplayStrings_Island,858,"Сложи стрелки, чтобы попасть в цель и остановить конвейер."
gameplay:GameplayStrings_Island:859:DIM_CraneReviewHeader,GameplayStrings_Island,859,Включи свой краниум
gameplay:GameplayStrings_Island:860:DIM_MinePosterClue,GameplayStrings_Island,860,Помни правила…
gameplay:GameplayStrings_Island:862:base_gameName,GameplayStrings_Island,862,Академия побегов: Первый год
gameplay:GameplayStrings_Island:863:base_gameDLC,GameplayStrings_Island,863,Выбери пакет
gameplay:GameplayStrings_Island:864:base_gameDLC_Callout,GameplayStrings_Island,864,Пакеты уровней
gameplay:GameplayStrings_Island:865:base_gameName_island,GameplayStrings_Island,865,Побег с Острова Анти-Побегов
gameplay:GameplayStrings_Island:866:base_gameDLC_escapade,GameplayStrings_Island,866,Эскапады
gameplay:GameplayStrings_Island:867:metagame_AEG,GameplayStrings_Island,867,Газета «Анти-Побег» — «Плохие эскаписты позволили бунтовать в школе»
gameplay:GameplayStrings_Island:868:base_gameDLCB,GameplayStrings_Island,868,Выбери эскападу
gameplay:GameplayStrings_Island:869:base_gameDLCC,GameplayStrings_Island,869,Выбери эскападу
gameplay:GameplayStrings_Island:870:classifiedReport,GameplayStrings_Island,870,Секретный отчет
gameplay:GameplayStrings_Island:871:dontOwnPack,GameplayStrings_Island,871,У тебя нет этого пакета.
gameplay:GameplayStrings_Island:872:dontOwnPackB,GameplayStrings_Island,872,У твоего напарника нет этого пакета.
gameplay:GameplayStrings_Island:873:spoileralert,GameplayStrings_Island,873,"Внимание, спойлеры"
gameplay:GameplayStrings_Island:874:MG_werecommend,GameplayStrings_Island,874,Рекомендуем сначала пройти {0}. Играть все равно?
gameplay:GameplayStrings_Island:875:MG_DontOwnPack,GameplayStrings_Island,875,У тебя нет этого пакета.
gameplay:GameplayStrings_Island:876:MG_togglesplit,GameplayStrings_Island,876,Разделить экран
gameplay:GameplayStrings_Island:877:MG_partnerquit,GameplayStrings_Island,877,Твой напарник вышел из игры.
gameplay:GameplayStrings_Island:878:playInstrument,GameplayStrings_Island,878,Играть
gameplay:GameplayStrings_Island:879:optionScreenShake,GameplayStrings_Island,879,Включить тряску камеры?
gameplay:GameplayStrings_Island:880:titlemenu_dlc_yes,GameplayStrings_Island,880,DLC установлен!
gameplay:GameplayStrings_Island:881:titlemenu_dlc_no,GameplayStrings_Island,881,DLC доступен!
gameplay:GameplayStrings_Island:882:partnerNeedsDlc,GameplayStrings_Island,882,У твоего напарника нет этого DLC.
gameplay:GameplayStrings_Island:883:Purchase,GameplayStrings_Island,883,Купить
gameplay:GameplayStrings_ProcGen:2:defautlSaveData,GameplayStrings_ProcGen,2,Сохранение
gameplay:GameplayStrings_ProcGen:3:name_ProcGen,GameplayStrings_ProcGen,3,Турнир головоломок
gameplay:GameplayStrings_ProcGen:4:Procgen_Area,GameplayStrings_ProcGen,4,Турнир головоломок
gameplay:GameplayStrings_ProcGen:5:coach,GameplayStrings_ProcGen,5,Тренер Йоач
gameplay:GameplayStrings_ProcGen:6:coachReport,GameplayStrings_ProcGen,6,Отчёт тренера
gameplay:GameplayStrings_ProcGen:7:opponent,GameplayStrings_ProcGen,7,Соперник
gameplay:GameplayStrings_ProcGen:8:tourneyRound,GameplayStrings_ProcGen,8,Раунд
gameplay:GameplayStrings_ProcGen:9:arenaHeader,GameplayStrings_ProcGen,9,Арена
gameplay:GameplayStrings_ProcGen:10:random,GameplayStrings_ProcGen,10,Случайный
gameplay:GameplayStrings_ProcGen:11:DIG_ArenaName,GameplayStrings_ProcGen,11,Гробница первого эскаписта
gameplay:GameplayStrings_ProcGen:12:USB_ArenaName,GameplayStrings_ProcGen,12,Хаканнерия
gameplay:GameplayStrings_ProcGen:13:TDA_ArenaName,GameplayStrings_ProcGen,13,Студия шоумена
gameplay:GameplayStrings_ProcGen:14:DIG_Name,GameplayStrings_ProcGen,14,Исторический лицей
gameplay:GameplayStrings_ProcGen:15:USB_Name,GameplayStrings_ProcGen,15,Хаканнерия
gameplay:GameplayStrings_ProcGen:16:BIZ_Name,GameplayStrings_ProcGen,16,Институт Локфеллера
gameplay:GameplayStrings_ProcGen:17:TDA_Name,GameplayStrings_ProcGen,17,Студия шоумена
gameplay:GameplayStrings_ProcGen:18:BND_Name,GameplayStrings_ProcGen,18,Подготовительная школа И.И.А.
gameplay:GameplayStrings_ProcGen:19:enterTourney,GameplayStrings_ProcGen,19,Соревноваться
gameplay:GameplayStrings_ProcGen:20:EA_Name,GameplayStrings_ProcGen,20,Академия побегов
gameplay:GameplayStrings_ProcGen:21:pg_round0,GameplayStrings_ProcGen,21,Квалификация
gameplay:GameplayStrings_ProcGen:22:pg_round1,GameplayStrings_ProcGen,22,Полуфинал
gameplay:GameplayStrings_ProcGen:23:pg_round2,GameplayStrings_ProcGen,23,Финал
gameplay:GameplayStrings_ProcGen:24:pg_d0,GameplayStrings_ProcGen,24,Юниоры
gameplay:GameplayStrings_ProcGen:25:pg_d1,GameplayStrings_ProcGen,25,Основной состав
gameplay:GameplayStrings_ProcGen:26:pg_d22,GameplayStrings_ProcGen,26,Старший состав
gameplay:GameplayStrings_ProcGen:27:pg_d3,GameplayStrings_ProcGen,27,Эксперт
gameplay:GameplayStrings_ProcGen:28:pg_d4,GameplayStrings_ProcGen,28,Суперэксперт
gameplay:GameplayStrings_ProcGen:29:pg_d5,GameplayStrings_ProcGen,29,Суперэксперт-элита
gameplay:GameplayStrings_ProcGen:30:pg_d6,GameplayStrings_ProcGen,30,Мастер
gameplay:GameplayStrings_ProcGen:31:pg_d7,GameplayStrings_ProcGen,31,Грандмастер
gameplay:GameplayStrings_ProcGen:32:pg_d8,GameplayStrings_ProcGen,32,Верховный грандмастер
gameplay:GameplayStrings_ProcGen:33:pg_d9,GameplayStrings_ProcGen,33,Разрушитель мозгов
gameplay:GameplayStrings_ProcGen:34:lockedDivision,GameplayStrings_ProcGen,34,Ты ещё не открыл этот дивизион.
gameplay:GameplayStrings_ProcGen:35:pg_d0_desc,GameplayStrings_ProcGen,35,"Идеальный дивизион для новичков, выходящих на арену."
gameplay:GameplayStrings_ProcGen:36:pg_d1_desc,GameplayStrings_ProcGen,36,"Дивизион, где открываются новые таланты среди эскапистов."
gameplay:GameplayStrings_ProcGen:37:pg_d2_desc,GameplayStrings_ProcGen,37,Этот дивизион отделяет любителей от профессионалов.
gameplay:GameplayStrings_ProcGen:38:pg_d3_desc,GameplayStrings_ProcGen,38,Навыки решения головоломок крайне желательны.
gameplay:GameplayStrings_ProcGen:39:pg_d4_desc,GameplayStrings_ProcGen,39,До сюда доходят только самые сильные эскаписты.
gameplay:GameplayStrings_ProcGen:40:pg_d5_desc,GameplayStrings_ProcGen,40,"Суперэксперт, но только самый суперский!"
gameplay:GameplayStrings_ProcGen:41:pg_d6_desc,GameplayStrings_ProcGen,41,Здесь всё начинает становиться странным.
gameplay:GameplayStrings_ProcGen:42:pg_d7_desc,GameplayStrings_ProcGen,42,Абсолютная беспощадность.
gameplay:GameplayStrings_ProcGen:43:pg_d8_desc,GameplayStrings_ProcGen,43,Удачи.
gameplay:GameplayStrings_ProcGen:44:pg_d9_desc,GameplayStrings_ProcGen,44,Мозг вряд ли останется целым.
gameplay:GameplayStrings_ProcGen:45:changeDivision,GameplayStrings_ProcGen,45,Сменить дивизион
gameplay:GameplayStrings_ProcGen:46:tournamentHeader,GameplayStrings_ProcGen,46,Вступить в турнир?
gameplay:GameplayStrings_ProcGen:47:forfeit,GameplayStrings_ProcGen,47,Сдаться
gameplay:GameplayStrings_ProcGen:48:forfeitWarning,GameplayStrings_ProcGen,48,"Ты уверен, что хочешь сдаться в турнире? Весь прогресс будет потерян."
gameplay:GameplayStrings_ProcGen:49:tourneyLoseTip,GameplayStrings_ProcGen,49,Академия побегов разбита! Попробуют ли они ещё раз?
gameplay:GameplayStrings_ProcGen:50:tourneyLoseHeader,GameplayStrings_ProcGen,50,Вылет
gameplay:GameplayStrings_ProcGen:51:DIG_Fluff,GameplayStrings_ProcGen,51,"Слышал, что одного новобранца раздавило валуном на вступительном экзамене... А я-то думал, газ памяти — это уже перебор!"
gameplay:GameplayStrings_ProcGen:52:USB_Fluff,GameplayStrings_ProcGen,52,"Говорят, никто из «Хаканнери» даже не ВИДЕЛ директора «h3rring» вживую. Настоящая загадка."
gameplay:GameplayStrings_ProcGen:53:BIZ_Fluff,GameplayStrings_ProcGen,53,Временный текст. (BIZ)
gameplay:GameplayStrings_ProcGen:54:TDA_Fluff,GameplayStrings_ProcGen,54,Если их заявления о магии и предвидении правдивы... нам будет непросто затмить их!
gameplay:GameplayStrings_ProcGen:55:EA_Fluff,GameplayStrings_ProcGen,55,Это мы!
gameplay:GameplayStrings_ProcGen:56:Div0_Badge,GameplayStrings_ProcGen,56,Чемпион дивизиона «Юниоры»
gameplay:GameplayStrings_ProcGen:57:Div1_Badge,GameplayStrings_ProcGen,57,Чемпион дивизиона «Студенты»
gameplay:GameplayStrings_ProcGen:58:Div2_Badge,GameplayStrings_ProcGen,58,Чемпион дивизиона «Старшие студенты»
gameplay:GameplayStrings_ProcGen:59:Div3_Badge,GameplayStrings_ProcGen,59,Чемпион дивизиона «Эксперт»
gameplay:GameplayStrings_ProcGen:60:Div4_Badge,GameplayStrings_ProcGen,60,Чемпион дивизиона «Суперэксперт»
gameplay:GameplayStrings_ProcGen:61:Div5_Badge,GameplayStrings_ProcGen,61,Чемпион дивизиона «Суперэксперт-прим»
gameplay:GameplayStrings_ProcGen:62:Div6_Badge,GameplayStrings_ProcGen,62,Чемпион дивизиона «Мастер»
gameplay:GameplayStrings_ProcGen:63:Div7_Badge,GameplayStrings_ProcGen,63,Чемпион дивизиона «Грандмастер»
gameplay:GameplayStrings_ProcGen:64:Div8_Badge,GameplayStrings_ProcGen,64,Чемпион дивизиона «Верховный грандмастер»
gameplay:GameplayStrings_ProcGen:65:Div9_Badge,GameplayStrings_ProcGen,65,Чемпион дивизиона «Разрушитель мозга»
gameplay:GameplayStrings_ProcGen:66:clockwise,GameplayStrings_ProcGen,66,По часовой
gameplay:GameplayStrings_ProcGen:67:counterclockwise,GameplayStrings_ProcGen,67,Против часовой
gameplay:GameplayStrings_ProcGen:68:tourneyMode,GameplayStrings_ProcGen,68,Режим турнира
gameplay:GameplayStrings_ProcGen:69:versusMode,GameplayStrings_ProcGen,69,Дуэль головоломок
gameplay:GameplayStrings_ProcGen:70:tourneyHeader,GameplayStrings_ProcGen,70,Четыре школы входят. Одна выходит.
gameplay:GameplayStrings_ProcGen:71:vs,GameplayStrings_ProcGen,71,против
gameplay:GameplayStrings_ProcGen:72:confirm,GameplayStrings_ProcGen,72,Подтвердить
gameplay:GameplayStrings_ProcGen:73:versusLocked,GameplayStrings_ProcGen,73,{0} — это игра на двоих! Лучше позвать друга...
gameplay:GameplayStrings_ProcGen:74:DIG_victoryNote,GameplayStrings_ProcGen,74,Комната трофеев «Исторической школы» хороша хотя бы в одном — собирать пыль!
gameplay:GameplayStrings_ProcGen:75:BIZ_victoryNote,GameplayStrings_ProcGen,75,"Надеюсь, этим бизнес-ботанам понравится принимать заказы на кофе!"
gameplay:GameplayStrings_ProcGen:76:USB_victoryNote,GameplayStrings_ProcGen,76,«Хаканнери» наверняка захочет стереть это поражение со своих дисков.
gameplay:GameplayStrings_ProcGen:77:TDA_victoryNote,GameplayStrings_ProcGen,77,"В «Студии шоумена» много блеска, но мало головоломок. Типично."
gameplay:GameplayStrings_ProcGen:78:pvpDroneFlavor,GameplayStrings_ProcGen,78,Как... реалистично?
gameplay:GameplayStrings_ProcGen:79:p1Abbrev,GameplayStrings_ProcGen,79,И1
gameplay:GameplayStrings_ProcGen:80:p2Abbrev,GameplayStrings_ProcGen,80,И2
gameplay:GameplayStrings_ProcGen:81:winnerEscapedVerb,GameplayStrings_ProcGen,81,Сбежала!
gameplay:GameplayStrings_ProcGen:82:PG_Versus,GameplayStrings_ProcGen,82,Против
gameplay:GameplayStrings_ProcGen:83:PG_ad_1-1,GameplayStrings_ProcGen,83,Головоломные штаны
gameplay:GameplayStrings_ProcGen:84:PG_ad_1-2,GameplayStrings_ProcGen,84,Ключевые города
gameplay:GameplayStrings_ProcGen:85:PG_ad_1-3,GameplayStrings_ProcGen,85,Одежда с ключами
gameplay:GameplayStrings_ProcGen:86:PG_ad_1-4,GameplayStrings_ProcGen,86,Основано в 1762
gameplay:GameplayStrings_ProcGen:87:PG_ad_1-5,GameplayStrings_ProcGen,87,Проблема с выбором наряда на сегодня решена!
gameplay:GameplayStrings_ProcGen:88:PG_ad_2-1,GameplayStrings_ProcGen,88,Escapist’s Edge
gameplay:GameplayStrings_ProcGen:89:PG_ad_2-2,GameplayStrings_ProcGen,89,"Предупреждение: быстрое употребление Escapist’s Edge может привести к разрушению печени, сильной головной боли или газам!"
gameplay:GameplayStrings_ProcGen:90:PG_ad_3-1,GameplayStrings_ProcGen,90,Выбор номер один — для замков!
gameplay:GameplayStrings_ProcGen:91:PG_ad_3-2,GameplayStrings_ProcGen,91,Отмычки Лесли
gameplay:GameplayStrings_ProcGen:92:PG_ad_4-1,GameplayStrings_ProcGen,92,Время эскапистов
gameplay:GameplayStrings_ProcGen:93:PG_ad_4-2,GameplayStrings_ProcGen,93,Правде не спрятаться
gameplay:GameplayStrings_ProcGen:94:PG_ad_5-1,GameplayStrings_ProcGen,94,Блестящие замки
gameplay:GameplayStrings_ProcGen:95:PG_ad_5-2,GameplayStrings_ProcGen,95,Доверяй только «Блестящим»
gameplay:GameplayStrings_ProcGen:96:PG_ad_6-1,GameplayStrings_ProcGen,96,Кейлоги
gameplay:GameplayStrings_ProcGen:97:PG_ad_6-2,GameplayStrings_ProcGen,97,Любимый бранч эскапистов
gameplay:GameplayStrings_ProcGen:98:PG_ad_6-3,GameplayStrings_ProcGen,98,Кейтиз
gameplay:GameplayStrings_ProcGen:99:PG_ad_6-4,GameplayStrings_ProcGen,99,"Джимоти Бойдемейкер, мастер головоломок"
gameplay:GameplayStrings_ProcGen:100:PG_ad_7-1,GameplayStrings_ProcGen,100,Банк ESC
gameplay:GameplayStrings_ProcGen:101:PG_ad_7-2,GameplayStrings_ProcGen,101,Куда ещё можно положить деньги?
gameplay:GameplayStrings_ProcGen:102:PG_ad_8-1,GameplayStrings_ProcGen,102,Совет эскапистов
gameplay:GameplayStrings_ProcGen:103:PG_ad_8-2,GameplayStrings_ProcGen,103,"Мы ведём, чтобы тебе не пришлось"
gameplay:GameplayStrings_ProcGen:104:PG_ad_9-1,GameplayStrings_ProcGen,104,Донosi науку!
gameplay:GameplayStrings_ProcGen:105:PG_ad_9-2,GameplayStrings_ProcGen,105,Не дай науке остаться без внимания!
gameplay:GameplayStrings_ProcGen:106:ToP_ad_1-1,GameplayStrings_ProcGen,106,Живи головоломками
gameplay:GameplayStrings_ProcGen:107:ToP_ad_1-2 ,GameplayStrings_ProcGen,107,Смелость побега
gameplay:GameplayStrings_ProcGen:108:ToP_ad_2-1,GameplayStrings_ProcGen,108,Раскрой свой потенциал
gameplay:GameplayStrings_ProcGen:109:ToP_ad_3-1,GameplayStrings_ProcGen,109,Дай всё ради сетки!
gameplay:GameplayStrings_ProcGen:110:DLC2_Title,GameplayStrings_ProcGen,110,Побег из прошлого
gameplay:GameplayStrings_ProcGen:111:RaceCTA_A,GameplayStrings_ProcGen,111,Забери
gameplay:GameplayStrings_ProcGen:112:RaceCTA_B,GameplayStrings_ProcGen,112,трофей!
gameplay:GameplayStrings_ProcGen:113:tutorializationCallout,GameplayStrings_ProcGen,113,Правила головоломок
gameplay:GameplayStrings_ProcGen:114:ticTacToeLocked,GameplayStrings_ProcGen,114,Ошибки не исправляются.
gameplay:GameplayStrings_ProcGen:115:TicTacToe_X,GameplayStrings_ProcGen,115,«X»
gameplay:GameplayStrings_ProcGen:116:TicTacToe_O,GameplayStrings_ProcGen,116,«O»
gameplay:GameplayStrings_ProcGen:117:TicTacToe_Prompt,GameplayStrings_ProcGen,117,"«Крестики-нолики, три в ряд…»"
gameplay:GameplayStrings_ProcGen:118:TicTacToeCTA_A,GameplayStrings_ProcGen,118,Поставь три
gameplay:GameplayStrings_ProcGen:119:TicTacToeCTA_B,GameplayStrings_ProcGen,119,в ряд
gameplay:GameplayStrings_ProcGen:120:ScavengerHuntCTA_A,GameplayStrings_ProcGen,120,Найди
gameplay:GameplayStrings_ProcGen:121:ScavengerHuntCTA_B,GameplayStrings_ProcGen,121,трофеи!
gameplay:GameplayStrings_ProcGen:122:GameMode_Race,GameplayStrings_ProcGen,122,Гонка на побег
gameplay:GameplayStrings_ProcGen:123:GameMode_TicTacToe,GameplayStrings_ProcGen,123,Крестики-нолики
gameplay:GameplayStrings_ProcGen:124:GameMode_ScavengerHunt,GameplayStrings_ProcGen,124,Поиск сокровищ
gameplay:GameplayStrings_ProcGen:125:TOP_PowerupboxLocked,GameplayStrings_ProcGen,125,Подожди усиления!
gameplay:GameplayStrings_ProcGen:126:TOP_SkeletonKey,GameplayStrings_ProcGen,126,Всепроходная ключ
gameplay:GameplayStrings_ProcGen:127:TOP_SkeletonKeyDIG,GameplayStrings_ProcGen,127,Всепроходный ключ
gameplay:GameplayStrings_ProcGen:128:TOP_SkeletonKeyTDA,GameplayStrings_ProcGen,128,Всепроходная карта
gameplay:GameplayStrings_ProcGen:129:TOP_SkeletonKeyUSB,GameplayStrings_ProcGen,129,Всепроходная флешка
gameplay:GameplayStrings_ProcGen:130:TOP_RunningShoes,GameplayStrings_ProcGen,130,Беговые кроссовки
gameplay:GameplayStrings_ProcGen:131:TOP_DistractingMaskDebuff,GameplayStrings_ProcGen,131,<color=red>Маска отвлечения</color>
gameplay:GameplayStrings_ProcGen:132:TOP_DunceCapDebuff,GameplayStrings_ProcGen,132,<color=red>Шляпа позора</color>
gameplay:GameplayStrings_ProcGen:133:TOP_StickyShoesDebuff,GameplayStrings_ProcGen,133,<color=red>Клей для обуви</color>
gameplay:GameplayStrings_ProcGen:134:ProcGen_TicTacToe1,GameplayStrings_ProcGen,134,По правилам я могу носить только один предмет за раз!
gameplay:GameplayStrings_ProcGen:135:TOP_OffensiveTip,GameplayStrings_ProcGen,135,Передай это сопернику!
gameplay:GameplayStrings_ProcGen:136:TOP_DistractingMaskEffect,GameplayStrings_ProcGen,136,<color=red>С этой маской на голове плохо видно!</color>
gameplay:GameplayStrings_ProcGen:137:TOP_DistractingMaskPowerUp,GameplayStrings_ProcGen,137,<color=orange>Атака маской лошади</color>
gameplay:GameplayStrings_ProcGen:138:TOP_DunceCapPowerUp,GameplayStrings_ProcGen,138,<color=orange>Атака шляпой позора</color>
gameplay:GameplayStrings_ProcGen:139:TOP_CantRemoveHat,GameplayStrings_ProcGen,139,Не могу снять!
gameplay:GameplayStrings_ProcGen:140:TOP_SkeletonKeyDescription,GameplayStrings_ProcGen,140,Открывает любые двери!
gameplay:GameplayStrings_ProcGen:141:TOP_RunningShoesDescription,GameplayStrings_ProcGen,141,Двигайся быстрее!
gameplay:GameplayStrings_ProcGen:142:TOP_CantPassItem,GameplayStrings_ProcGen,142,"Эй, это моё!"
gameplay:GameplayStrings_ProcGen:143:TOP_DunceCapDescription,GameplayStrings_ProcGen,143,<color=red>Твои движения запутались!</color>
gameplay:GameplayStrings_ProcGen:144:TOP_StickyShoesDescription,GameplayStrings_ProcGen,144,<color=red>Ты двигаешься очень медленно!</color>
gameplay:GameplayStrings_ProcGen:145:TOP_StickyShoesPowerUp,GameplayStrings_ProcGen,145,<color=orange>Атака клеем для обуви</color>
gameplay:GameplayStrings_ProcGen:146:TOP_TutorialHeader,GameplayStrings_ProcGen,146,"Чего тебе нужно, эскапист?"
gameplay:GameplayStrings_ProcGen:147:TOP_TutorialBasics,GameplayStrings_ProcGen,147,Основы!
gameplay:GameplayStrings_ProcGen:148:TOP_TutorialGameModes,GameplayStrings_ProcGen,148,Режимы игры!
gameplay:GameplayStrings_ProcGen:149:TOP_TutorialArenas,GameplayStrings_ProcGen,149,Арены!
gameplay:GameplayStrings_ProcGen:150:TOP_TutorialPowerUps,GameplayStrings_ProcGen,150,Бонусы!
gameplay:GameplayStrings_ProcGen:151:TOP_TutorialFluff,GameplayStrings_ProcGen,151,Кем ты вообще являешься?
gameplay:GameplayStrings_ProcGen:152:TOP_ReportCardA,GameplayStrings_ProcGen,152,Тебя назовут Разрушителем головоломок!!
gameplay:GameplayStrings_ProcGen:153:TOP_ReportCardB,GameplayStrings_ProcGen,153,Тренировки начинают приносить плоды!
gameplay:GameplayStrings_ProcGen:154:TOP_ReportCardC,GameplayStrings_ProcGen,154,Ты отлично справляешься! Я тоже был двоечником!
gameplay:GameplayStrings_ProcGen:155:TOP_ReportCardD,GameplayStrings_ProcGen,155,Впереди будет только сложнее!
gameplay:GameplayStrings_ProcGen:156:TOP_ReportCardF,GameplayStrings_ProcGen,156,F за старания!
gameplay:GameplayStrings_ProcGen:157:TOP_TheEscapistTimes1,GameplayStrings_ProcGen,157,Время эскаписта — «Матч турнира закончился скандалом из-за провалившейся бомбы в чемодане»
gameplay:GameplayStrings_ProcGen:158:TOP_TheEscapistTimes2,GameplayStrings_ProcGen,158,Время эскаписта — «Эскаписта исключают за отказ решать одну головоломку»
gameplay:GameplayStrings_ProcGen:159:TOP_TheEscapistTimes3,GameplayStrings_ProcGen,159,Время эскаписта — «СРОЧНО: Край эскаписта теперь считается допингом»
gameplay:GameplayStrings_ProcGen:160:TOP_TheEscapistTimes4,GameplayStrings_ProcGen,160,Время эскаписта — «Совещание эскапистов снова сорвано из-за пчёл»
gameplay:GameplayStrings_ProcGen:161:lobby_TheEscapistTimes,GameplayStrings_ProcGen,161,Время эскаписта — «Слухи из раздевалки: тренер Йоач носит накладные усы»
gameplay:GameplayStrings_ProcGen:162:topArena,GameplayStrings_ProcGen,162,Арена:
gameplay:GameplayStrings_ProcGen:163:topGameMode,GameplayStrings_ProcGen,163,Режим:
gameplay:GameplayStrings_ProcGen:164:topTrack,GameplayStrings_ProcGen,164,Трек:
gameplay:GameplayStrings_ProcGen:165:PG_RedTeam,GameplayStrings_ProcGen,165,Красная команда
gameplay:GameplayStrings_ProcGen:166:PG_BlueTeam,GameplayStrings_ProcGen,166,Синяя команда
gameplay:GameplayStrings_ProcGen:168:DIG_LaserStart,GameplayStrings_ProcGen,168,Свет идёт отсюда…
gameplay:GameplayStrings_ProcGen:169:DIG_LaserEnd,GameplayStrings_ProcGen,169,Нужно направить свет сюда…
gameplay:GameplayStrings_ProcGen:170:DIGDoorPattern,GameplayStrings_ProcGen,170,Это дверь с узором {0}…
gameplay:GameplayStrings_ProcGen:171:DIG_FalconKey,GameplayStrings_ProcGen,171,Ключ сокола
gameplay:GameplayStrings_ProcGen:172:DIG_KeyEye,GameplayStrings_ProcGen,172,Ключ Ока Хора
gameplay:GameplayStrings_ProcGen:173:DIG_falcon,GameplayStrings_ProcGen,173,сокол
gameplay:GameplayStrings_ProcGen:174:DIG_foot,GameplayStrings_ProcGen,174,нога
gameplay:GameplayStrings_ProcGen:175:DIG_FootKey,GameplayStrings_ProcGen,175,Ключ ноги
gameplay:GameplayStrings_ProcGen:176:DIG_eye,GameplayStrings_ProcGen,176,Око Хора
gameplay:GameplayStrings_ProcGen:177:DIG_AnkhKey,GameplayStrings_ProcGen,177,Ключ анха
gameplay:GameplayStrings_ProcGen:178:DIG_ankh,GameplayStrings_ProcGen,178,анх
gameplay:GameplayStrings_ProcGen:179:DIG_FeatherKey,GameplayStrings_ProcGen,179,Ключ пера
gameplay:GameplayStrings_ProcGen:180:DIG_feather,GameplayStrings_ProcGen,180,перо
gameplay:GameplayStrings_ProcGen:181:DIG_LionKey,GameplayStrings_ProcGen,181,Ключ льва
gameplay:GameplayStrings_ProcGen:182:toth,GameplayStrings_ProcGen,182,Тот
gameplay:GameplayStrings_ProcGen:183:anubis,GameplayStrings_ProcGen,183,Анубис
gameplay:GameplayStrings_ProcGen:184:horus,GameplayStrings_ProcGen,184,Хор
gameplay:GameplayStrings_ProcGen:185:isis,GameplayStrings_ProcGen,185,Исида
gameplay:GameplayStrings_ProcGen:186:god_ra,GameplayStrings_ProcGen,186,Ра
gameplay:GameplayStrings_ProcGen:187:DIG_tothStatue,GameplayStrings_ProcGen,187,Урна Тота
gameplay:GameplayStrings_ProcGen:188:DIG_anubisStatue,GameplayStrings_ProcGen,188,Урна Анубиса
gameplay:GameplayStrings_ProcGen:189:DIG_horusStatue,GameplayStrings_ProcGen,189,Урна Хора
gameplay:GameplayStrings_ProcGen:190:DIG_isisStatue,GameplayStrings_ProcGen,190,Урна Исиды
gameplay:GameplayStrings_ProcGen:191:DIG_raStatue,GameplayStrings_ProcGen,191,Урна Ра
gameplay:GameplayStrings_ProcGen:192:DIG_Papyrus,GameplayStrings_ProcGen,192,Папирус
gameplay:GameplayStrings_ProcGen:193:DIG_NoAccess,GameplayStrings_ProcGen,193,Скоро я туда не вернусь…
gameplay:GameplayStrings_ProcGen:194:DIG_CTA_EscapeTombA,GameplayStrings_ProcGen,194,Сбеги из
gameplay:GameplayStrings_ProcGen:195:DIG_CTA_EscapeTombB,GameplayStrings_ProcGen,195,Гробницы
gameplay:GameplayStrings_ProcGen:196:DIG_Ruby,GameplayStrings_ProcGen,196,Рубин
gameplay:GameplayStrings_ProcGen:197:DIG_RubyAlt,GameplayStrings_ProcGen,197,Сапфир
gameplay:GameplayStrings_ProcGen:198:DIG_SkullPuzzle,GameplayStrings_ProcGen,198,У него нет глаза. Жутко…
gameplay:GameplayStrings_ProcGen:199:DIG_IronMaiden,GameplayStrings_ProcGen,199,Мне даже страшно это открывать…
gameplay:GameplayStrings_ProcGen:200:DIG_Lock_Key,GameplayStrings_ProcGen,200,Ключ палача
gameplay:GameplayStrings_ProcGen:201:DIG_MissingUrns,GameplayStrings_ProcGen,201,Некоторые урны отсутствуют…
gameplay:GameplayStrings_ProcGen:202:DIG_MissingUrnsCont,GameplayStrings_ProcGen,202,Хорошее начало. Но мне нужно больше…
gameplay:GameplayStrings_ProcGen:203:dig_crowbar,GameplayStrings_ProcGen,203,Монтировка
gameplay:GameplayStrings_ProcGen:204:dig_lever,GameplayStrings_ProcGen,204,Деревянный рычаг
gameplay:GameplayStrings_ProcGen:205:dig_knife,GameplayStrings_ProcGen,205,Угрозливый нож
gameplay:GameplayStrings_ProcGen:206:DIGScarabPieceFullBody,GameplayStrings_ProcGen,206,Тело скарабея
gameplay:GameplayStrings_ProcGen:207:DIG_Scarab_Piece_Full_Wings,GameplayStrings_ProcGen,207,Крылья скарабея
gameplay:GameplayStrings_ProcGen:208:DIG_CTA_EscapeTombC,GameplayStrings_ProcGen,208,Взять
gameplay:GameplayStrings_ProcGen:209:DIG_CTA_EscapeTombD,GameplayStrings_ProcGen,209,Скамью
gameplay:GameplayStrings_ProcGen:210:DIG_CTA_AnubisA,GameplayStrings_ProcGen,210,Встретиться с
gameplay:GameplayStrings_ProcGen:211:DIG_CTA_AnubisB,GameplayStrings_ProcGen,211,Анубисом
gameplay:GameplayStrings_ProcGen:212:DIG_CTA_TreeA,GameplayStrings_ProcGen,212,Взобраться на
gameplay:GameplayStrings_ProcGen:213:DIG_CTA_TreeB,GameplayStrings_ProcGen,213,Дерево
gameplay:GameplayStrings_ProcGen:214:DIG_CTA_FreshAirA,GameplayStrings_ProcGen,214,Подышать
gameplay:GameplayStrings_ProcGen:215:DIG_CTA_FreshAirB,GameplayStrings_ProcGen,215,Свежим воздухом
gameplay:GameplayStrings_ProcGen:216:DIG_CTA_EscapeTombE,GameplayStrings_ProcGen,216,Обогатиться
gameplay:GameplayStrings_ProcGen:217:DIG_CTA_EscapeTombF,GameplayStrings_ProcGen,217,Сразу
gameplay:GameplayStrings_ProcGen:218:sit,GameplayStrings_ProcGen,218,Сесть
gameplay:GameplayStrings_ProcGen:219:DIG_HelmetA,GameplayStrings_ProcGen,219,"Надеюсь, для этого курса не понадобится каска…"
gameplay:GameplayStrings_ProcGen:220:DIG_HelmetB,GameplayStrings_ProcGen,220,"Я люблю головоломки, как люблю головные уборы: крепкие."
gameplay:GameplayStrings_ProcGen:221:DIG_Skeleton1A,GameplayStrings_ProcGen,221,"Надеюсь, он умер спокойно…"
gameplay:GameplayStrings_ProcGen:222:DIG_Skeleton1B,GameplayStrings_ProcGen,222,"Не хватило совсем чуть-чуть до саркофага, да?"
gameplay:GameplayStrings_ProcGen:223:DIG_SkellySpawn1A,GameplayStrings_ProcGen,223,Это место — настоящий кошмар!
gameplay:GameplayStrings_ProcGen:224:DIG_SkellySpawn1B,GameplayStrings_ProcGen,224,"В этой гробнице больше скелетов, чем в шкафу Академии!"
gameplay:GameplayStrings_ProcGen:225:DIG_SkellySpawn2A,GameplayStrings_ProcGen,225,"Если я буду неосторожен, мне грозит та же участь, что и этому бедняге."
gameplay:GameplayStrings_ProcGen:226:DIG_SkellySpawn2B,GameplayStrings_ProcGen,226,"Полагаю, от смерти не убежишь."
gameplay:GameplayStrings_ProcGen:227:DIG_SkellySpawn3A,GameplayStrings_ProcGen,227,Вот это череп.
gameplay:GameplayStrings_ProcGen:228:DIG_SkellySpawn3B,GameplayStrings_ProcGen,228,"Этому не избежать, даже если выкрошить кости."
gameplay:GameplayStrings_ProcGen:229:DIG_AnubisStatueLargeA,GameplayStrings_ProcGen,229,"Похоже, от Анубиса не уйти."
gameplay:GameplayStrings_ProcGen:230:DIG_AnubisStatueLargeB,GameplayStrings_ProcGen,230,"Впечатляет, но и пугает одновременно."
gameplay:GameplayStrings_ProcGen:231:DIG_ReflectingPoolA,GameplayStrings_ProcGen,231,Не время разглядывать отражение!
gameplay:GameplayStrings_ProcGen:232:DIG_ReflectingPoolB,GameplayStrings_ProcGen,232,После всего этого мне бы не помешала ванна.
gameplay:GameplayStrings_ProcGen:233:DIG_TreeA,GameplayStrings_ProcGen,233,Корни Академии уходят глубоко.
gameplay:GameplayStrings_ProcGen:234:DIG_TreeB,GameplayStrings_ProcGen,234,"Ставлю, что профессор Бонилья сочла бы это место просто прелестью."
gameplay:GameplayStrings_ProcGen:235:DIG_ShovelA,GameplayStrings_ProcGen,235,"Лучше быть осторожнее, чтобы не выкопать себе яму."
gameplay:GameplayStrings_ProcGen:236:DIG_ShovelB,GameplayStrings_ProcGen,236,Я могу с этим справиться.
gameplay:GameplayStrings_ProcGen:237:DIG_Weapon1A,GameplayStrings_ProcGen,237,"Подход к головоломкам попростоватее, чем у нас сейчас."
gameplay:GameplayStrings_ProcGen:238:DIG_Weapon1B,GameplayStrings_ProcGen,238,Эти украшения выглядят немного колючими.
gameplay:GameplayStrings_ProcGen:239:DIG_Weapon2A,GameplayStrings_ProcGen,239,"Хм. Нам всегда говорили, что «Ключ сильнее меча»."
gameplay:GameplayStrings_ProcGen:240:DIG_Weapon2B,GameplayStrings_ProcGen,240,"Использование оружия, вероятно, противоречит правилам турнира… или <i>должно</i> противоречить."
gameplay:GameplayStrings_ProcGen:241:DIG_Column,GameplayStrings_ProcGen,241,"Надеюсь, это была не несущая колонна."
gameplay:GameplayStrings_ProcGen:242:DIG_Bone1A,GameplayStrings_ProcGen,242,У меня есть счет к дизайнеру этого курса.
gameplay:GameplayStrings_ProcGen:243:DIG_Bone1B,GameplayStrings_ProcGen,243,Что случилось с остальными…?
gameplay:GameplayStrings_ProcGen:244:DIG_ScarabA,GameplayStrings_ProcGen,244,Я боюсь жуков!
gameplay:GameplayStrings_ProcGen:245:DIG_ScarabB,GameplayStrings_ProcGen,245,Жуки… Мой худший кошмар.
gameplay:GameplayStrings_ProcGen:246:DIG_PickaxeA,GameplayStrings_ProcGen,246,Это не выглядит как особенно деликатный инструмент…
gameplay:GameplayStrings_ProcGen:247:DIG_PickaxeB,GameplayStrings_ProcGen,247,Я бы не выбрал это место для захоронения.
gameplay:GameplayStrings_ProcGen:248:dig_illustration,GameplayStrings_ProcGen,248,Древняя иллюстрация
gameplay:GameplayStrings_ProcGen:249:DIG_LockedGem,GameplayStrings_ProcGen,249,Это не сдвинется с места…
gameplay:GameplayStrings_ProcGen:250:DIG_GodsA1,GameplayStrings_ProcGen,250,• Исида стоит в равновесии между 2 птицами.
gameplay:GameplayStrings_ProcGen:251:DIG_GodsA2,GameplayStrings_ProcGen,251,• Анубис и Тот стоят рядом.
gameplay:GameplayStrings_ProcGen:252:DIG_GodsA3,GameplayStrings_ProcGen,252,• Один из соседей Хора — Ра.
gameplay:GameplayStrings_ProcGen:253:DIG_GodsA4,GameplayStrings_ProcGen,253,• Ра ближе всего к солнцу.
gameplay:GameplayStrings_ProcGen:254:DIG_GodsB1,GameplayStrings_ProcGen,254,• Исида и Анубис находятся в поле зрения глаз.
gameplay:GameplayStrings_ProcGen:255:DIG_GodsB2,GameplayStrings_ProcGen,255,• Ра и Тот разделены Исидой.
gameplay:GameplayStrings_ProcGen:256:DIG_GodsB3,GameplayStrings_ProcGen,256,• У Хора и Тота по одному соседу.
gameplay:GameplayStrings_ProcGen:257:DIG_GodsB4,GameplayStrings_ProcGen,257,"• Анубис ближе к ночи, чем к дню."
gameplay:GameplayStrings_ProcGen:258:DIG_GodsC1,GameplayStrings_ProcGen,258,• Тот не находится в поле зрения глаз.
gameplay:GameplayStrings_ProcGen:259:DIG_GodsC2,GameplayStrings_ProcGen,259,• Ра находится между Хором и Анубисом.
gameplay:GameplayStrings_ProcGen:260:DIG_GodsC3,GameplayStrings_ProcGen,260,• Исида и Хор находятся в поле зрения глаз.
gameplay:GameplayStrings_ProcGen:261:DIG_GodsC4,GameplayStrings_ProcGen,261,"• Ра ближе к дню, чем к ночи."
gameplay:GameplayStrings_ProcGen:262:DIG_GodsD1,GameplayStrings_ProcGen,262,"• Тот не касается ни Исиды, ни Хора."
gameplay:GameplayStrings_ProcGen:263:DIG_GodsD2,GameplayStrings_ProcGen,263,• Ра находится в поле зрения глаз.
gameplay:GameplayStrings_ProcGen:264:DIG_GodsD3,GameplayStrings_ProcGen,264,"• Хор ближе к солнцу, чем Анубис."
gameplay:GameplayStrings_ProcGen:265:DIG_GodsD4,GameplayStrings_ProcGen,265,• У Исиды только один сосед.
gameplay:GameplayStrings_ProcGen:266:DIG_GodsD5,GameplayStrings_ProcGen,266,• Ра находится между Исидой и Тотом.
gameplay:GameplayStrings_ProcGen:267:DIG_GodsE1,GameplayStrings_ProcGen,267,"• Анубис ближе к луне, чем Ра или Исида."
gameplay:GameplayStrings_ProcGen:268:DIG_GodsE2,GameplayStrings_ProcGen,268,"• Тот ближе к солнцу, чем Хор."
gameplay:GameplayStrings_ProcGen:269:DIG_GodsE3,GameplayStrings_ProcGen,269,• Ра и Хор — соседи.
gameplay:GameplayStrings_ProcGen:270:DIG_GodsE4,GameplayStrings_ProcGen,270,"• Исида так же далеко от Ра, как Тот от Анубиса."
gameplay:GameplayStrings_ProcGen:271:DIG_PyramidClue,GameplayStrings_ProcGen,271,Эта пирамида пытается мне что-то сказать… но что?
gameplay:GameplayStrings_ProcGen:272:DIG_CrateOpen,GameplayStrings_ProcGen,272,Не могу снять крышку руками…
gameplay:GameplayStrings_ProcGen:273:DIG_TiedBag,GameplayStrings_ProcGen,273,Для такого древнего мешка он запечатан очень плотно!
gameplay:GameplayStrings_ProcGen:274:dig_fieldnotes,GameplayStrings_ProcGen,274,Полевые заметки
gameplay:GameplayStrings_ProcGen:275:dig_fieldnotes6,GameplayStrings_ProcGen,275,«Именно шесть колец укажут вам путь к выходу».
gameplay:GameplayStrings_ProcGen:276:dig_fieldnotes15,GameplayStrings_ProcGen,276,«Именно пятнадцать колец укажут вам путь к выходу».
gameplay:GameplayStrings_ProcGen:277:dig_fieldnotes12,GameplayStrings_ProcGen,277,«Именно двенадцать колец укажут вам путь к выходу».
gameplay:GameplayStrings_ProcGen:278:dig_fieldnotes8,GameplayStrings_ProcGen,278,«Именно восемь колец укажут вам путь к выходу».
gameplay:GameplayStrings_ProcGen:279:dig_fieldnotes3,GameplayStrings_ProcGen,279,«Именно три кольца укажут путь к выходу».
gameplay:GameplayStrings_ProcGen:280:DIG_RaisedPalette,GameplayStrings_ProcGen,280,Почему самое интересное всегда вне досягаемости?
gameplay:GameplayStrings_ProcGen:281:DIG_WinchHandle,GameplayStrings_ProcGen,281,Ручка лебёдки
gameplay:GameplayStrings_ProcGen:282:DIG_ConstellationA,GameplayStrings_ProcGen,282,"Ой, звёзды!"
gameplay:GameplayStrings_ProcGen:283:DIG_SandA,GameplayStrings_ProcGen,283,Ой.
gameplay:GameplayStrings_ProcGen:284:DIG_SandB,GameplayStrings_ProcGen,284,"Место-то было бы отличное, <i>если б</i> не все эти скелеты."
gameplay:GameplayStrings_ProcGen:285:DIG_EmbalmingMuralA,GameplayStrings_ProcGen,285,Этот обелиск — огонь.
gameplay:GameplayStrings_ProcGen:286:DIG_EmbalmingMuralB,GameplayStrings_ProcGen,286,"Эскаписты, похоже, уже давно на свете."
gameplay:GameplayStrings_ProcGen:287:DIG_ShortcutPlant1A,GameplayStrings_ProcGen,287,Смотрю на это — и чешутся руки.
gameplay:GameplayStrings_ProcGen:288:DIG_ShortcutPlant1B,GameplayStrings_ProcGen,288,"Надо было взять солнцезащитный крем, я тут папоротничаю от жары!"
gameplay:GameplayStrings_ProcGen:289:DIG_ShortcutTreeA,GameplayStrings_ProcGen,289,"Вау. Песок тут, похоже, очень плодородный."
gameplay:GameplayStrings_ProcGen:290:DIG_ShortcutTreeB,GameplayStrings_ProcGen,290,Лучше мне уйти.
gameplay:GameplayStrings_ProcGen:291:DIG_ShortcutPlant2A,GameplayStrings_ProcGen,291,Я в полном восторге от этой флоры.
gameplay:GameplayStrings_ProcGen:292:DIG_ShortcutPlant2B,GameplayStrings_ProcGen,292,Скорее <i>Атлас кустов.</i>
gameplay:GameplayStrings_ProcGen:293:DIG_SpearsA,GameplayStrings_ProcGen,293,Надо быть острым!
gameplay:GameplayStrings_ProcGen:294:DIG_SpearsB,GameplayStrings_ProcGen,294,Вот это копь-е!
gameplay:GameplayStrings_ProcGen:295:DIG_DoubleAxe1A,GameplayStrings_ProcGen,295,"Это топор-идент, который ждёт своего часа."
gameplay:GameplayStrings_ProcGen:296:DIG_DoubleAxe1B,GameplayStrings_ProcGen,296,Это Турнир головоломок — без топор-ения за помощью.
gameplay:GameplayStrings_ProcGen:297:DIG_DoubleAxe2A,GameplayStrings_ProcGen,297,"Ставлю топор, что выиграю."
gameplay:GameplayStrings_ProcGen:298:DIG_DoubleAxe2B,GameplayStrings_ProcGen,298,Что лучше однолезвийного топора…?
gameplay:GameplayStrings_ProcGen:299:DIG_Sand2A,GameplayStrings_ProcGen,299,Хотелось бы спрятать голову в песок.
gameplay:GameplayStrings_ProcGen:300:DIG_Sand2B,GameplayStrings_ProcGen,300,Стоит ли мне беспокоиться?
gameplay:GameplayStrings_ProcGen:301:DIG_Vine1A,GameplayStrings_ProcGen,301,Этот храм просто вайн.
gameplay:GameplayStrings_ProcGen:302:DIG_Vine1B,GameplayStrings_ProcGen,302,Сегодня я реально хочу победить.
gameplay:GameplayStrings_ProcGen:303:DIG_LitA,GameplayStrings_ProcGen,303,Свет.
gameplay:GameplayStrings_ProcGen:304:DIG_LitB,GameplayStrings_ProcGen,304,Уютно.
gameplay:GameplayStrings_ProcGen:305:DIG_FireA,GameplayStrings_ProcGen,305,Огонь.
gameplay:GameplayStrings_ProcGen:306:DIG_FireB,GameplayStrings_ProcGen,306,Жарко.
gameplay:GameplayStrings_ProcGen:307:DIG_LPad1A,GameplayStrings_ProcGen,307,"Жаль, что нельзя перепрыгнуть пару головоломок."
gameplay:GameplayStrings_ProcGen:308:DIG_LPad2A,GameplayStrings_ProcGen,308,Хотел бы я иметь такую комнату в своей берлоге.
gameplay:GameplayStrings_ProcGen:309:DIG_WaterSpout1A,GameplayStrings_ProcGen,309,Мне не хватает W.
gameplay:GameplayStrings_ProcGen:310:DIG_WaterSpout1B,GameplayStrings_ProcGen,310,"Наверное, мне стоит выпить больше воды..."
gameplay:GameplayStrings_ProcGen:311:DIG_WaterSpout2A,GameplayStrings_ProcGen,311,"Наверное, лучше не пить отсюда."
gameplay:GameplayStrings_ProcGen:312:DIG_WaterSpout2B,GameplayStrings_ProcGen,312,Выпей до дна!
gameplay:GameplayStrings_ProcGen:313:DIG_Skeleton2A,GameplayStrings_ProcGen,313,Чёрт. Его просто бросили здесь?
gameplay:GameplayStrings_ProcGen:314:DIG_Skeleton2B,GameplayStrings_ProcGen,314,Просто ужас.
gameplay:GameplayStrings_ProcGen:315:DIG_RootA,GameplayStrings_ProcGen,315,Мой корень побега!
gameplay:GameplayStrings_ProcGen:316:DIG_RootB,GameplayStrings_ProcGen,316,"Надеюсь, люди болеют за меня."
gameplay:GameplayStrings_ProcGen:317:DIG_JackleA,GameplayStrings_ProcGen,317,На Турнире нужно быть мастером на все руки.
gameplay:GameplayStrings_ProcGen:318:DIG_JackleB,GameplayStrings_ProcGen,318,"Что нового, пёсик?"
gameplay:GameplayStrings_ProcGen:319:DIG_MainRootA,GameplayStrings_ProcGen,319,Надо найти корень выхода отсюда...
gameplay:GameplayStrings_ProcGen:320:DIG_MainRootB,GameplayStrings_ProcGen,320,"Не думаю, что это поможет мне добраться до корня моих проблем."
gameplay:GameplayStrings_ProcGen:321:DIG_MushroomA,GameplayStrings_ProcGen,321,"Несмотря на голод... нет, не буду."
gameplay:GameplayStrings_ProcGen:322:DIG_MushroomB,GameplayStrings_ProcGen,322,"Интересно, зачем древние эскаписты выращивали это..."
gameplay:GameplayStrings_ProcGen:323:DIG_SpikesA,GameplayStrings_ProcGen,323,Лучше смотреть под ноги!
gameplay:GameplayStrings_ProcGen:324:DIG_SpikesB,GameplayStrings_ProcGen,324,Упасть здесь было бы... больно.
gameplay:GameplayStrings_ProcGen:325:DIG_SpawnBarrelsA,GameplayStrings_ProcGen,325,"О, здесь целое бочонко веселья."
gameplay:GameplayStrings_ProcGen:326:DIG_SpawnBarrelsB,GameplayStrings_ProcGen,326,Не дам этому месту загнать меня в угол.
gameplay:GameplayStrings_ProcGen:327:DIG_BannerA,GameplayStrings_ProcGen,327,Так вот откуда Академия взяла этот дизайн...
gameplay:GameplayStrings_ProcGen:328:DIG_BannerB,GameplayStrings_ProcGen,328,Отличный материал!
gameplay:GameplayStrings_ProcGen:329:DIG_Ladder1A,GameplayStrings_ProcGen,329,Между верхом и низом я предпочитаю лестницу.
gameplay:GameplayStrings_ProcGen:330:DIG_Ladder1B,GameplayStrings_ProcGen,330,От этого места у меня кружится голова.
gameplay:GameplayStrings_ProcGen:331:DIG_BrokenLadderA,GameplayStrings_ProcGen,331,Возвращаться туда я не собираюсь.
gameplay:GameplayStrings_ProcGen:332:DIG_BrokenLadderB,GameplayStrings_ProcGen,332,Лучше двигаться вперёд по этому абсолютно не жуткому туннелю!
gameplay:GameplayStrings_ProcGen:333:DIG_ScrollShelfA,GameplayStrings_ProcGen,333,Настоящие хранители архивов!
gameplay:GameplayStrings_ProcGen:334:DIG_ScrollShelfB,GameplayStrings_ProcGen,334,"Интересно, какие древние секреты эскапистов скрыты во всех этих свитках."
gameplay:GameplayStrings_ProcGen:335:DIG_PyramidA,GameplayStrings_ProcGen,335,У этой гробницы просто потрясающий вид.
gameplay:GameplayStrings_ProcGen:336:DIG_PyramidB,GameplayStrings_ProcGen,336,Наш Памятник побегу на этом фоне выглядит бледно...
gameplay:GameplayStrings_ProcGen:337:DIG_ObeliskA,GameplayStrings_ProcGen,337,Заметно…
gameplay:GameplayStrings_ProcGen:338:DIG_ObeliskB,GameplayStrings_ProcGen,338,Я мог бы составить список всего подозрительного в этом месте.
gameplay:GameplayStrings_ProcGen:339:DIG_SpotlightsA,GameplayStrings_ProcGen,339,Это не вызывает у меня никаких идей.
gameplay:GameplayStrings_ProcGen:340:DIG_SpotlightsB,GameplayStrings_ProcGen,340,Лампочка!
gameplay:GameplayStrings_ProcGen:341:DIG_PileofGoldA,GameplayStrings_ProcGen,341,Тempting…
gameplay:GameplayStrings_ProcGen:342:DIG_PileofGoldB,GameplayStrings_ProcGen,342,Кто-нибудь учитывает количество золота здесь?
gameplay:GameplayStrings_ProcGen:343:DIG_HHSuppliesA,GameplayStrings_ProcGen,343,Здесь просто... ещё больше песка?
gameplay:GameplayStrings_ProcGen:344:DIG_HHSuppliesB,GameplayStrings_ProcGen,344,«Внимание: может содержать кости»
gameplay:GameplayStrings_ProcGen:345:DIG_CavernChairA,GameplayStrings_ProcGen,345,"Похоже, он уязвим для зыбучих песков."
gameplay:GameplayStrings_ProcGen:346:DIG_CavernChairB,GameplayStrings_ProcGen,346,После всего этого мне точно нужно будет сесть.
gameplay:GameplayStrings_ProcGen:347:DIG_CavernCrystalA,GameplayStrings_ProcGen,347,Вот это кристалл по моему вкусу.
gameplay:GameplayStrings_ProcGen:348:DIG_CavernCrystalB,GameplayStrings_ProcGen,348,"Нет смысла <i>кристаллизовать</i>, у меня матч на кону!"
gameplay:GameplayStrings_ProcGen:349:DIG_CavernSkelly1A,GameplayStrings_ProcGen,349,О нет…! Они приковали только одну руку.
gameplay:GameplayStrings_ProcGen:350:DIG_CavernSkelly1B,GameplayStrings_ProcGen,350,Пять пальцев!
gameplay:GameplayStrings_ProcGen:351:DIG_CavernSkelly2A,GameplayStrings_ProcGen,351,"Ставлю, что они были друзьями…"
gameplay:GameplayStrings_ProcGen:352:DIG_CavernSkelly2B,GameplayStrings_ProcGen,352,Этот парень не ушёл далеко.
gameplay:GameplayStrings_ProcGen:353:DIG_BigBonesA,GameplayStrings_ProcGen,353,Если бы у меня был такой позвоночник!
gameplay:GameplayStrings_ProcGen:354:DIG_BigBonesB,GameplayStrings_ProcGen,354,К кому в мире это вообще могло принадлежать?
gameplay:GameplayStrings_ProcGen:355:DIG_SpawnyShelfA,GameplayStrings_ProcGen,355,Очаровательно.
gameplay:GameplayStrings_ProcGen:356:DIG_SpawnyShelfB,GameplayStrings_ProcGen,356,"Думаю, это обычное дело для декора гробниц."
gameplay:GameplayStrings_ProcGen:357:DIG_SpawnyScrollA,GameplayStrings_ProcGen,357,"Да, я понятия не имею, что здесь написано."
gameplay:GameplayStrings_ProcGen:358:DIG_SpawnyScrollB,GameplayStrings_ProcGen,358,Хотя иероглифы <i>выглядят</i> красиво.
gameplay:GameplayStrings_ProcGen:359:DIG_SpawnyRopeA,GameplayStrings_ProcGen,359,Как я оказался в этой истории?
gameplay:GameplayStrings_ProcGen:360:DIG_SpawnyRopeB,GameplayStrings_ProcGen,360,Верёвок много не бывает!
gameplay:GameplayStrings_ProcGen:361:DIG_SpawnyPlatesA,GameplayStrings_ProcGen,361,Давайте перейдём к сути.
gameplay:GameplayStrings_ProcGen:362:DIG_SpawnyPlatesB,GameplayStrings_ProcGen,362,Хм. У меня дома и так достаточно посуды.
gameplay:GameplayStrings_ProcGen:363:DIG_AnkhSculpture,GameplayStrings_ProcGen,363,Золотой анх
gameplay:GameplayStrings_ProcGen:364:DIG_GiantBlade,GameplayStrings_ProcGen,364,"Нет, спасибо."
gameplay:GameplayStrings_ProcGen:365:DIG_BigCrank,GameplayStrings_ProcGen,365,Большая рукоятка
gameplay:GameplayStrings_ProcGen:366:DIG_BigCrankSlot,GameplayStrings_ProcGen,366,"Похоже, тут есть шанс…"
gameplay:GameplayStrings_ProcGen:367:DIG_TorchSoaked,GameplayStrings_ProcGen,367,Я чувствую запах масла от этой штуки…
gameplay:GameplayStrings_ProcGen:368:DIG_Matchbook,GameplayStrings_ProcGen,368,Коробок спичек
gameplay:GameplayStrings_ProcGen:369:DIG_SkyItemLock,GameplayStrings_ProcGen,369,"Похоже, я могу прикрепить что-то к этим штырям…"
gameplay:GameplayStrings_ProcGen:370:DIG_SkyItems,GameplayStrings_ProcGen,370,"Солнце, Луна и Звезда"
gameplay:GameplayStrings_ProcGen:371:DIG_SolarNeed,GameplayStrings_ProcGen,371,«Пусть сила солнца ведёт тебя». Хм…
gameplay:GameplayStrings_ProcGen:372:DIG_SolarCrystal,GameplayStrings_ProcGen,372,Солнечные кристаллы
gameplay:GameplayStrings_ProcGen:373:DIG_ScarabMissing,GameplayStrings_ProcGen,373,"Хм, этот отсутствует…"
gameplay:GameplayStrings_ProcGen:374:DIG_Flow_BizOrTreasure,GameplayStrings_ProcGen,374,Дело или сокровище
gameplay:GameplayStrings_ProcGen:375:DIG_HitTheBooks,GameplayStrings_ProcGen,375,За книги
gameplay:GameplayStrings_ProcGen:376:DIG_Flow_EyeOfRa,GameplayStrings_ProcGen,376,Око Ра
gameplay:GameplayStrings_ProcGen:377:DIG_Flow_BranchingOut,GameplayStrings_ProcGen,377,Разветвление
gameplay:GameplayStrings_ProcGen:378:DIG_Flow_CallToArms,GameplayStrings_ProcGen,378,Призыв к оружию
gameplay:GameplayStrings_ProcGen:379:DIG_Flow_GoWithTheFlow,GameplayStrings_ProcGen,379,Потеките по течению
gameplay:GameplayStrings_ProcGen:380:DIG_Flow_CrossChasm,GameplayStrings_ProcGen,380,Перейди пропасть
gameplay:GameplayStrings_ProcGen:381:DIG_Flow_TicTacToe1,GameplayStrings_ProcGen,381,Дуэль самоцветов
gameplay:GameplayStrings_ProcGen:382:DIG_Flow_TicTacToe2,GameplayStrings_ProcGen,382,Три в ряд
gameplay:GameplayStrings_ProcGen:383:DIG_Flow_TicTacToe3,GameplayStrings_ProcGen,383,Анхи и кости
gameplay:GameplayStrings_ProcGen:384:DIG_Flow_TicTacToe4,GameplayStrings_ProcGen,384,Тик-так-гробница
gameplay:GameplayStrings_ProcGen:385:DIG_SH_Excavator,GameplayStrings_ProcGen,385,"До встречи, экскаватор"
gameplay:GameplayStrings_ProcGen:386:DIG_DeepRoots,GameplayStrings_ProcGen,386,Глубокие корни
gameplay:GameplayStrings_ProcGen:387:DIG_SH_MetalDetector,GameplayStrings_ProcGen,387,Металлодетектор
gameplay:GameplayStrings_ProcGen:388:DIG_GemdokuHint,GameplayStrings_ProcGen,388,"Разместите по одному самоцвету каждого цвета в каждом ряду, столбце и квадранте."
gameplay:GameplayStrings_ProcGen:389:DIG_AnimalSoundsHint,GameplayStrings_ProcGen,389,Переведите бумагу с иероглифами…
gameplay:GameplayStrings_ProcGen:390:DIG_AnimalSoundsHint2,GameplayStrings_ProcGen,390,…чтобы расшифровать последовательность звуков животных.
gameplay:GameplayStrings_ProcGen:391:DIG_FingerPointingHint,GameplayStrings_ProcGen,391,"В уровне спрятаны пять рук, которые считают от одного до пяти…"
gameplay:GameplayStrings_ProcGen:392:DIG_FingerPointingHint2,GameplayStrings_ProcGen,392,…направление поворота каждой руки — это последовательность для открытия замка.
gameplay:GameplayStrings_ProcGen:393:DIG_SwappingGodsHint,GameplayStrings_ProcGen,393,"Расставьте урны в правильном порядке, опираясь на подсказки в полевых заметках."
gameplay:GameplayStrings_ProcGen:394:DIG_LaserHint,GameplayStrings_ProcGen,394,"Найдите солнечные кристаллы, затем отразите луч света с помощью зеркал, чтобы соединить их."
gameplay:GameplayStrings_ProcGen:395:DIG_ScarabLockHint,GameplayStrings_ProcGen,395,"Каждый тип скарабея соответствует цвету самоцвета. Посчитайте количество скарабеев, чтобы открыть замок."
gameplay:GameplayStrings_ProcGen:396:DIG_PyramazeHint,GameplayStrings_ProcGen,396,"Проложите путь на пирамиде от начала до конца. Введите символы, которые вы встретите на пути, а не те, что в тупиках."
gameplay:GameplayStrings_ProcGen:397:DIG_PyramidSkiesHint,GameplayStrings_ProcGen,397,"Ориентируйтесь на изображения на стенах, чтобы определить расположение солнца, луны и звезд."
gameplay:GameplayStrings_ProcGen:398:DIG_FlippingTilesHint,GameplayStrings_ProcGen,398,"Ориентируйтесь на фигуры, нарисованные на боковых сторонах саркофага, чтобы перевернуть плитки на светлую или темную сторону."
gameplay:GameplayStrings_ProcGen:399:DIG_ShapesLockHint,GameplayStrings_ProcGen,399,Посчитайте количество сторон у каждой фигуры и нажмите соответствующую кнопку столько же раз.
gameplay:GameplayStrings_ProcGen:400:DIG_SlidingStavesHint,GameplayStrings_ProcGen,400,"Сдвиньте жезлы, чтобы показать нужное количество колец, затем нажмите на лезвие, чтобы подтвердить."
gameplay:GameplayStrings_ProcGen:401:DIG_SpotTheDifferenceHint,GameplayStrings_ProcGen,401,Найдите 3 отличия между папирусом и мозаикой на шкафу.
gameplay:GameplayStrings_ProcGen:402:DIG_TrafficJamHint,GameplayStrings_ProcGen,402,Освободите золотой блок и сдвиньте его со стола.
gameplay:GameplayStrings_ProcGen:403:DIG_IronMaidenHint,GameplayStrings_ProcGen,403,Ключ от этого где-то здесь…
gameplay:GameplayStrings_ProcGen:404:DIG_TheEscapistTimes1,GameplayStrings_ProcGen,404,"«Время эскаписта» — «ИССЛЕДОВАНИЕ: Гигантский катящийся куб оказался «менее эффективным», чем его сферический аналог»"
gameplay:GameplayStrings_ProcGen:405:DIG_TheEscapistTimes2,GameplayStrings_ProcGen,405,«Время эскаписта» — «Радиоуглеродный анализ таинственного артефакта показал возраст более трех недель»
gameplay:GameplayStrings_ProcGen:406:DIG_TheEscapistTimes3,GameplayStrings_ProcGen,406,«Время эскаписта» — «СКАНДАЛ: Старейший ключ в мире подходит к нескольким замкам»
gameplay:GameplayStrings_ProcGen:407:DIG_TheEscapistTimes4,GameplayStrings_ProcGen,407,«Время эскаписта» — «Археолог погиб в гробнице; грант на исследования продлен для расследования»
gameplay:GameplayStrings_ProcGen:408:DIG_LOTR_Tutorial,GameplayStrings_ProcGen,408,"Нажимайте на иероглифы на кольцах в правильном порядке, имея ограниченное количество поворотов."
gameplay:GameplayStrings_ProcGen:409:DIG_SpinAndSlide_Tutorial,GameplayStrings_ProcGen,409,"Вращайте шестерни, чтобы выдвинуть самоцвет из лабиринта."
gameplay:GameplayStrings_ProcGen:410:DIG_AnimalGemHint,GameplayStrings_ProcGen,410,"Найдите недостающий самоцвет, чтобы вставить его в глаз шакала."
gameplay:GameplayStrings_ProcGen:411:DIG_WinchHint,GameplayStrings_ProcGen,411,"Найдите лебедку, чтобы освободить кран и сбросить подвешенный груз."
gameplay:GameplayStrings_ProcGen:413:USB_NoAccess,GameplayStrings_ProcGen,413,Крепкие металлические прутья. Отсюда не сбежать.
gameplay:GameplayStrings_ProcGen:414:USB_NoAccess2,GameplayStrings_ProcGen,414,Забито досками. Не очень-то полезно.
gameplay:GameplayStrings_ProcGen:415:USB_Key1Desc,GameplayStrings_ProcGen,415,око
gameplay:GameplayStrings_ProcGen:416:USB_Key2Desc,GameplayStrings_ProcGen,416,смайлик
gameplay:GameplayStrings_ProcGen:417:USB_Key3Desc,GameplayStrings_ProcGen,417,рыба
gameplay:GameplayStrings_ProcGen:418:USB_Key4Desc,GameplayStrings_ProcGen,418,паук
gameplay:GameplayStrings_ProcGen:419:USB_Key0Desc,GameplayStrings_ProcGen,419,робот
gameplay:GameplayStrings_ProcGen:420:USB_Key1,GameplayStrings_ProcGen,420,Флешка «Иллюминаты»
gameplay:GameplayStrings_ProcGen:421:USB_Key2,GameplayStrings_ProcGen,421,Флешка «Смайлик»
gameplay:GameplayStrings_ProcGen:422:USB_Key3,GameplayStrings_ProcGen,422,Флешка «Рыбка»
gameplay:GameplayStrings_ProcGen:423:USB_Key4,GameplayStrings_ProcGen,423,Флешка «Паучок»
gameplay:GameplayStrings_ProcGen:424:USB_Key0,GameplayStrings_ProcGen,424,Флешка «Робот»
gameplay:GameplayStrings_ProcGen:425:USBDoorPattern,GameplayStrings_ProcGen,425,На этом замке узор {0}…
gameplay:GameplayStrings_ProcGen:426:USB_NoAccess3,GameplayStrings_ProcGen,426,Это тупик.
gameplay:GameplayStrings_ProcGen:427:USB_phishMarket,GameplayStrings_ProcGen,427,Рыбный рынок
gameplay:GameplayStrings_ProcGen:428:USB_CTA_OutsideA,GameplayStrings_ProcGen,428,На
gameplay:GameplayStrings_ProcGen:429:USB_CTA_OutsideB,GameplayStrings_ProcGen,429,Корабль
gameplay:GameplayStrings_ProcGen:430:USB_CTASleepA,GameplayStrings_ProcGen,430,Поймать
gameplay:GameplayStrings_ProcGen:431:USB_CTASleepB,GameplayStrings_ProcGen,431,Сон
gameplay:GameplayStrings_ProcGen:432:USB_CTAStorageA,GameplayStrings_ProcGen,432,Забрать
gameplay:GameplayStrings_ProcGen:433:USB_CTAStorageB,GameplayStrings_ProcGen,433,Приз
gameplay:GameplayStrings_ProcGen:434:USB_CTAOfficeA,GameplayStrings_ProcGen,434,Встретиться с
gameplay:GameplayStrings_ProcGen:435:USB_CTAOfficeB,GameplayStrings_ProcGen,435,Боссом
gameplay:GameplayStrings_ProcGen:436:USB_CTA_TurntableA,GameplayStrings_ProcGen,436,Переверни
gameplay:GameplayStrings_ProcGen:437:USB_CTA_TurntableB,GameplayStrings_ProcGen,437,Стол!
gameplay:GameplayStrings_ProcGen:438:USB_CTA_AboveA,GameplayStrings_ProcGen,438,Подняться на
gameplay:GameplayStrings_ProcGen:439:USB_CTA_AboveB,GameplayStrings_ProcGen,439,Верхний этаж
gameplay:GameplayStrings_ProcGen:440:USB_CTA_BelowA,GameplayStrings_ProcGen,440,Спуститься
gameplay:GameplayStrings_ProcGen:441:USB_CTA_BelowB,GameplayStrings_ProcGen,441,Ни палубы
gameplay:GameplayStrings_ProcGen:442:USB_CTA_WarehouseA,GameplayStrings_ProcGen,442,Сбеги из
gameplay:GameplayStrings_ProcGen:443:USB_CTA_WarehouseB,GameplayStrings_ProcGen,443,Склада
gameplay:GameplayStrings_ProcGen:444:USB_CTA_ChopperA,GameplayStrings_ProcGen,444,Побеги к
gameplay:GameplayStrings_ProcGen:445:USB_CTA_ChopperB,GameplayStrings_ProcGen,445,Вертолету!
gameplay:GameplayStrings_ProcGen:446:USB_HelpfulGlass,GameplayStrings_ProcGen,446,Выглядит полезно. Но как мне это достать?
gameplay:GameplayStrings_ProcGen:447:USB_Portapotty1A,GameplayStrings_ProcGen,447,"Я еще не настолько отчаялся, чтобы открывать <i>эту</i> дверь…"
gameplay:GameplayStrings_ProcGen:448:USB_Portapotty1B,GameplayStrings_ProcGen,448,Кому вообще нужен нормальный туалет?
gameplay:GameplayStrings_ProcGen:449:USB_Portapotty2A,GameplayStrings_ProcGen,449,Нет.
gameplay:GameplayStrings_ProcGen:450:USB_Portapotty2B,GameplayStrings_ProcGen,450,Словно тут не хватало вони.
gameplay:GameplayStrings_ProcGen:451:USB_InstruxPaper,GameplayStrings_ProcGen,451,Странная бумага
gameplay:GameplayStrings_ProcGen:452:USB_Remote,GameplayStrings_ProcGen,452,Пульт от телевизора
gameplay:GameplayStrings_ProcGen:453:USB_StaticTV,GameplayStrings_ProcGen,453,Ничего не видно. Кто-нибудь переключит канал?
gameplay:GameplayStrings_ProcGen:454:USB_Generator1A,GameplayStrings_ProcGen,454,Участие Хаканнери в турнире вызвало настоящий ажиотаж!
gameplay:GameplayStrings_ProcGen:455:USB_Generator1B,GameplayStrings_ProcGen,455,Это место только и порождает проблемы...
gameplay:GameplayStrings_ProcGen:456:USB_BeanBag1A,GameplayStrings_ProcGen,456,Выглядит как грустное место для сидения.
gameplay:GameplayStrings_ProcGen:457:USB_BeanBag1B,GameplayStrings_ProcGen,457,Пока что с Хаканнери у меня смешанные чувства.
gameplay:GameplayStrings_ProcGen:458:USB_BasketballHoopA,GameplayStrings_ProcGen,458,Нужно держать голову в игре!
gameplay:GameplayStrings_ProcGen:459:USB_BasketballHoopB,GameplayStrings_ProcGen,459,Мне приходится прыгать через кучу колец на этом курсе!
gameplay:GameplayStrings_ProcGen:460:USB_BarrelMonitorA,GameplayStrings_ProcGen,460,Идеальная настройка.
gameplay:GameplayStrings_ProcGen:461:USB_BarrelMonitorB,GameplayStrings_ProcGen,461,Не выглядит очень надёжно.
gameplay:GameplayStrings_ProcGen:462:USB_Pipes1A,GameplayStrings_ProcGen,462,Лично я бы построил арену <i>до</i> начала матча.
gameplay:GameplayStrings_ProcGen:463:USB_Pipes1B,GameplayStrings_ProcGen,463,"Надеюсь, ни одна из этих труб не несущая."
gameplay:GameplayStrings_ProcGen:464:USB_ExtLight1A,GameplayStrings_ProcGen,464,Ничто не сравнится с лёгкой световой головоломкой.
gameplay:GameplayStrings_ProcGen:465:USB_ExtLight1B,GameplayStrings_ProcGen,465,Три ошибки не сделают из меня свет!
gameplay:GameplayStrings_ProcGen:466:USB_Pallet1A,GameplayStrings_ProcGen,466,"Мне начинает казаться, что я в ящике."
gameplay:GameplayStrings_ProcGen:467:USB_Pallet1B,GameplayStrings_ProcGen,467,"Здесь тесно, как сардинам в банке."
gameplay:GameplayStrings_ProcGen:468:USB_Pitcher1A,GameplayStrings_ProcGen,468,Там только дождевая вода?
gameplay:GameplayStrings_ProcGen:469:USB_Pitcher1B,GameplayStrings_ProcGen,469,За здоровье!
gameplay:GameplayStrings_ProcGen:470:USB_Pitcher2A,GameplayStrings_ProcGen,470,Я это не буду пить...
gameplay:GameplayStrings_ProcGen:471:USB_Pitcher2B,GameplayStrings_ProcGen,471,Студентам стоит реально помочь с уборкой здесь.
gameplay:GameplayStrings_ProcGen:472:USB_Flamingo1A,GameplayStrings_ProcGen,472,Фламинго улетели.
gameplay:GameplayStrings_ProcGen:473:USB_Flamingo1B,GameplayStrings_ProcGen,473,Выглядит просто супер.
gameplay:GameplayStrings_ProcGen:474:USB_Flamingo2A,GameplayStrings_ProcGen,474,Держись крепче!
gameplay:GameplayStrings_ProcGen:475:USB_Flamingo2B,GameplayStrings_ProcGen,475,Надо не дать себе увлечься.
gameplay:GameplayStrings_ProcGen:476:USB_Flamingo3A,GameplayStrings_ProcGen,476,Мистер Пикси тут.
gameplay:GameplayStrings_ProcGen:477:USB_Flamingo3B,GameplayStrings_ProcGen,477,"Я знал, что за нами наблюдают."
gameplay:GameplayStrings_ProcGen:478:USB_Flamingo4A,GameplayStrings_ProcGen,478,Не стоит из-за этого терять голову.
gameplay:GameplayStrings_ProcGen:479:USB_Flamingo4B,GameplayStrings_ProcGen,479,Надо быть на шаг впереди конкурентов!
gameplay:GameplayStrings_ProcGen:480:USB_Flamingo5A,GameplayStrings_ProcGen,480,Что-то пошло ужасно не так.
gameplay:GameplayStrings_ProcGen:481:USB_Flamingo5B,GameplayStrings_ProcGen,481,"Этот фламинго выглядит так, будто сидит в кресле."
gameplay:GameplayStrings_ProcGen:482:USB_FruitPlateA,GameplayStrings_ProcGen,482,"Нужно продолжать, иначе усилия тренера будут безрезультатны!"
gameplay:GameplayStrings_ProcGen:483:USB_FruitPlateB,GameplayStrings_ProcGen,483,Какой разброс!
gameplay:GameplayStrings_ProcGen:484:USB_Cooler1A,GameplayStrings_ProcGen,484,Эти фламинго пришли во всеоружии.
gameplay:GameplayStrings_ProcGen:485:USB_Cooler1B,GameplayStrings_ProcGen,485,Круто.
gameplay:GameplayStrings_ProcGen:486:USB_GrilledFishA,GameplayStrings_ProcGen,486,"Тренер Йоач бы меня прожарил, если бы я ел во время матча."
gameplay:GameplayStrings_ProcGen:487:USB_GrilledFishB,GameplayStrings_ProcGen,487,"Держись в движении, я не хочу стать объектом шуток."
gameplay:GameplayStrings_ProcGen:488:USB_CaughtFishA,GameplayStrings_ProcGen,488,Любимый язык программирования Хаканнери — Sea++.
gameplay:GameplayStrings_ProcGen:489:USB_CaughtFishB,GameplayStrings_ProcGen,489,Лучше придерживаться основ.
gameplay:GameplayStrings_ProcGen:490:USB_Dumpster2A,GameplayStrings_ProcGen,490,"Мусковоз, должно быть, редко заходит сюда..."
gameplay:GameplayStrings_ProcGen:491:USB_Dumpster2B,GameplayStrings_ProcGen,491,Это место похоже на свалку...
gameplay:GameplayStrings_ProcGen:492:USB_TurnTables,GameplayStrings_ProcGen,492,"Интересно, как попасть в список приглашенных на вечеринку Хаканнери..."
gameplay:GameplayStrings_ProcGen:493:USB_BarrelBlock1A,GameplayStrings_ProcGen,493,Они не убрали это место перед переездом или это... по замыслу?
gameplay:GameplayStrings_ProcGen:494:USB_BarrelBlock1B,GameplayStrings_ProcGen,494,Всегда смотрю в дуло очередной головоломки.
gameplay:GameplayStrings_ProcGen:495:USB_BarrelBlock2A,GameplayStrings_ProcGen,495,Это выглядит крайне небезопасно.
gameplay:GameplayStrings_ProcGen:496:USB_BarrelBlock2B,GameplayStrings_ProcGen,496,Нужно продолжать двигаться вперед.
gameplay:GameplayStrings_ProcGen:497:USB_JukeboxA,GameplayStrings_ProcGen,497,У Хаканнери... эклектичный вкус.
gameplay:GameplayStrings_ProcGen:498:USB_JukeboxB,GameplayStrings_ProcGen,498,«Сейчас играет: Puzzle Hacktics (twouno Remix)»
gameplay:GameplayStrings_ProcGen:499:USB_StereoA,GameplayStrings_ProcGen,499,Громче!
gameplay:GameplayStrings_ProcGen:500:USB_StereoB,GameplayStrings_ProcGen,500,«Невозможно прочитать диск». Обидно...
gameplay:GameplayStrings_ProcGen:501:USB_PoolA,GameplayStrings_ProcGen,501,Этот стол полностью поцарапан.
gameplay:GameplayStrings_ProcGen:502:USB_PoolB,GameplayStrings_ProcGen,502,Хаканнери действительно объединились ради этого места.
gameplay:GameplayStrings_ProcGen:503:USB_Drives1A,GameplayStrings_ProcGen,503,Ого! Здесь должно быть почти целый гигабайт!
gameplay:GameplayStrings_ProcGen:504:USB_Drives1B,GameplayStrings_ProcGen,504,"Надеюсь, они не одолжили это у Кванти..."
gameplay:GameplayStrings_ProcGen:505:USB_Drives2A,GameplayStrings_ProcGen,505,Ты получил сервер.
gameplay:GameplayStrings_ProcGen:506:USB_Drives2B,GameplayStrings_ProcGen,506,"Я взволнован, просто глядя на это."
gameplay:GameplayStrings_ProcGen:507:USB_Drives3A,GameplayStrings_ProcGen,507,Хаканнери точно подключены.
gameplay:GameplayStrings_ProcGen:508:USB_Drives3B,GameplayStrings_ProcGen,508,Это количество железа свело бы меня с ума!
gameplay:GameplayStrings_ProcGen:509:USB_Drives4A,GameplayStrings_ProcGen,509,"Не завидую тому, кто застрял с прокладкой кабелей."
gameplay:GameplayStrings_ProcGen:510:USB_Drives4B,GameplayStrings_ProcGen,510,"По словам тренера, это одна из самых продвинутых технологий в мире!"
gameplay:GameplayStrings_ProcGen:511:USB_BasementChairA,GameplayStrings_ProcGen,511,"У меня уже болит шея, просто глядя на это…"
gameplay:GameplayStrings_ProcGen:512:USB_BasementChairB,GameplayStrings_ProcGen,512,"Интересно, это кабинет h3rring?"
gameplay:GameplayStrings_ProcGen:513:USB_Speakers1A,GameplayStrings_ProcGen,513,Как они вообще могут думать с таким шумом?
gameplay:GameplayStrings_ProcGen:514:USB_Speakers1B,GameplayStrings_ProcGen,514,"Жутко представить, как это звучит на одиннадцать."
gameplay:GameplayStrings_ProcGen:515:USB_Speakers2A,GameplayStrings_ProcGen,515,"Столько колонок, а акустики — кот наплакал."
gameplay:GameplayStrings_ProcGen:516:USB_Speakers2B,GameplayStrings_ProcGen,516,Они вообще... включают их все одновременно?
gameplay:GameplayStrings_ProcGen:517:USB_CDStackA,GameplayStrings_ProcGen,517,Будущее музыки!
gameplay:GameplayStrings_ProcGen:518:USB_CDStackB,GameplayStrings_ProcGen,518,Вау! CD-диски ведь еще даже не вышли на рынок.
gameplay:GameplayStrings_ProcGen:519:USB_LibraryA,GameplayStrings_ProcGen,519,"Похоже, их библиотека теперь почти полностью цифровая..."
gameplay:GameplayStrings_ProcGen:520:USB_LibraryB,GameplayStrings_ProcGen,520,Это и есть библиотека Хаканнери?
gameplay:GameplayStrings_ProcGen:521:USB_BearFishingA,GameplayStrings_ProcGen,521,"Я всегда думал, что медведи ловят рыбу более активно..."
gameplay:GameplayStrings_ProcGen:522:USB_BearFishingB,GameplayStrings_ProcGen,522,Я едва могу вынести их медвежью милоту.
gameplay:GameplayStrings_ProcGen:523:USB_LAN1A,GameplayStrings_ProcGen,523,Это просто LAN-тастичная сборка.
gameplay:GameplayStrings_ProcGen:524:USB_LAN1B,GameplayStrings_ProcGen,524,Solcraft 2v2. Классика.
gameplay:GameplayStrings_ProcGen:525:USB_LAN2A,GameplayStrings_ProcGen,525,CRT-ично важно продолжать движение.
gameplay:GameplayStrings_ProcGen:526:USB_LAN2B,GameplayStrings_ProcGen,526,"Counter-Attack: Origin, да? Я так и не проникся этой игрой."
gameplay:GameplayStrings_ProcGen:527:USB_PlasticChairA,GameplayStrings_ProcGen,527,"Функция важнее формы, да? Для Хаканнери это в духе."
gameplay:GameplayStrings_ProcGen:528:USB_PlasticChairB,GameplayStrings_ProcGen,528,"Похоже, комфорт здесь не в приоритете."
gameplay:GameplayStrings_ProcGen:529:USB_ChipsA,GameplayStrings_ProcGen,529,Компьютерные чипы: они [СЛОГАН НЕ НАЙДЕН]
gameplay:GameplayStrings_ProcGen:530:USB_ChipsB,GameplayStrings_ProcGen,530,"Надеюсь, у них есть салфетки поблизости."
gameplay:GameplayStrings_ProcGen:531:USB_CableSpoolA,GameplayStrings_ProcGen,531,Инструменты их ремесла...
gameplay:GameplayStrings_ProcGen:532:USB_CableSpoolB,GameplayStrings_ProcGen,532,"Нельзя, чтобы меня обмотали."
gameplay:GameplayStrings_ProcGen:533:USB_Pallet2A,GameplayStrings_ProcGen,533,Этому месту не помешало бы стать чуть более палетным.
gameplay:GameplayStrings_ProcGen:534:USB_Pallet2B,GameplayStrings_ProcGen,534,Ну... хотя бы Хаканнери определились со своей цветовой палетой.
gameplay:GameplayStrings_ProcGen:535:USB_UnderwaterA,GameplayStrings_ProcGen,535,"Всегда знал, что Хаканнери — подпольные, но под водой?"
gameplay:GameplayStrings_ProcGen:536:USB_UnderwaterB,GameplayStrings_ProcGen,536,Что бы я ни делал — я тону в головоломках!
gameplay:GameplayStrings_ProcGen:537:USB_Paint1A,GameplayStrings_ProcGen,537,Без краски — без выгоды!
gameplay:GameplayStrings_ProcGen:538:USB_Paint1B,GameplayStrings_ProcGen,538,Здесь живописное количество выброшенных баллонов с краской...
gameplay:GameplayStrings_ProcGen:539:USB_Drum1A,GameplayStrings_ProcGen,539,"Барабанная дробь, пожалуйста!"
gameplay:GameplayStrings_ProcGen:540:USB_Drum1B,GameplayStrings_ProcGen,540,"Кому-то стоит задуматься о том, чтобы ударить в барабан чистоты."
gameplay:GameplayStrings_ProcGen:541:USB_Trash1A,GameplayStrings_ProcGen,541,Как ученики Хаканнери вообще чему-то учатся при таком вонючем запахе?
gameplay:GameplayStrings_ProcGen:542:USB_Trash1B,GameplayStrings_ProcGen,542,Ого. Мусорный контейнер прямо ТАМ!
gameplay:GameplayStrings_ProcGen:543:USB_RecordsA,GameplayStrings_ProcGen,543,"Сосредоточься, иначе никогда не поставишь рекорд курса!"
gameplay:GameplayStrings_ProcGen:544:USB_RecordsB,GameplayStrings_ProcGen,544,Иди за золотом!
gameplay:GameplayStrings_ProcGen:545:USB_NeonHeadphonesA,GameplayStrings_ProcGen,545,Унтс. Унтс. Унтс. Унтс.
gameplay:GameplayStrings_ProcGen:546:USB_NeonHeadphonesB,GameplayStrings_ProcGen,546,БутснКатсБутснКатс.
gameplay:GameplayStrings_ProcGen:547:USB_MonitorPillar1A,GameplayStrings_ProcGen,547,"Лучше продолжать движение, тренер следит за каждым моим шагом."
gameplay:GameplayStrings_ProcGen:548:USB_MonitorPillar1B,GameplayStrings_ProcGen,548,"Есть ли вообще достаточно каналов, чтобы заполнить все эти экраны?"
gameplay:GameplayStrings_ProcGen:549:USB_MonitorPillar2A,GameplayStrings_ProcGen,549,Здесь завалено телевизорами.
gameplay:GameplayStrings_ProcGen:550:USB_MonitorPillar2B,GameplayStrings_ProcGen,550,Хочу мой ETV.
gameplay:GameplayStrings_ProcGen:551:USB_BeanBags1A,GameplayStrings_ProcGen,551,Ах. Уголок крутых ребят.
gameplay:GameplayStrings_ProcGen:552:USB_BeanBags1B,GameplayStrings_ProcGen,552,"Интересно, они взяли их из «Человеческой лаунж-зоны» Кванти...?"
gameplay:GameplayStrings_ProcGen:553:USB_BigScreenA,GameplayStrings_ProcGen,553,Я всегда мечтал попасть на большой экран.
gameplay:GameplayStrings_ProcGen:554:USB_BigScreenB,GameplayStrings_ProcGen,554,"За кулисами... не так захватывающе, как я надеялся."
gameplay:GameplayStrings_ProcGen:555:USB_BasementMonitorStackA,GameplayStrings_ProcGen,555,"Что они, собственно, могут здесь мониторить...?"
gameplay:GameplayStrings_ProcGen:556:USB_BasementMonitorStackB,GameplayStrings_ProcGen,556,"Говорят, слишком много экранов вредно для здоровья."
gameplay:GameplayStrings_ProcGen:557:USB_CorkboardA,GameplayStrings_ProcGen,557,«Хаканнери Хедлайнерс представляет: DJ SkeaKy».
gameplay:GameplayStrings_ProcGen:558:USB_CorkboardB,GameplayStrings_ProcGen,558,«Рейв по электронике с h3rring в пятницу. Пароль: softdrive».
gameplay:GameplayStrings_ProcGen:559:USB_BillboardA,GameplayStrings_ProcGen,559,У Хаканнери точно есть отличные рекламные площади...
gameplay:GameplayStrings_ProcGen:560:USB_BillboardB,GameplayStrings_ProcGen,560,"Это, пожалуй, знак, что пора навести здесь порядок."
gameplay:GameplayStrings_ProcGen:561:USB_TopFloorTVStackA,GameplayStrings_ProcGen,561,Пора посмотреть немного телевидения!
gameplay:GameplayStrings_ProcGen:562:USB_TopFloorTVStackB,GameplayStrings_ProcGen,562,"Вот это да, телемарафон..."
gameplay:GameplayStrings_ProcGen:563:USB_MattressA,GameplayStrings_ProcGen,563,Хотя бы в Академии общежития получше...
gameplay:GameplayStrings_ProcGen:564:USB_MattressB,GameplayStrings_ProcGen,564,"Похоже, здесь не очень-то спят."
gameplay:GameplayStrings_ProcGen:565:USB_CouchA,GameplayStrings_ProcGen,565,Не было бы против немного времени на подушке.
gameplay:GameplayStrings_ProcGen:566:USB_CouchB,GameplayStrings_ProcGen,566,"Ой — в не очень-то хорошей форме, да?"
gameplay:GameplayStrings_ProcGen:567:USB_NeonHackLogoA,GameplayStrings_ProcGen,567,Это знак — никогда не сдавайся!
gameplay:GameplayStrings_ProcGen:568:USB_NeonHackLogoB,GameplayStrings_ProcGen,568,У Хаканнери есть кое-какая вывеска.
gameplay:GameplayStrings_ProcGen:569:USB_CraftA,GameplayStrings_ProcGen,569,"Хаканнери, конечно, изобретательны в своих угощениях."
gameplay:GameplayStrings_ProcGen:570:USB_CraftB,GameplayStrings_ProcGen,570,Они тут устроили настоящий квест.
gameplay:GameplayStrings_ProcGen:571:USB_VendingA,GameplayStrings_ProcGen,571,"Я предпочитаю <i>заслуживать</i> свои перекусы, спасибо."
gameplay:GameplayStrings_ProcGen:572:USB_VendingB,GameplayStrings_ProcGen,572,"Скорее склад, чем столовая."
gameplay:GameplayStrings_ProcGen:573:USB_FridgeA,GameplayStrings_ProcGen,573,Не время сейчас замерзать!
gameplay:GameplayStrings_ProcGen:574:USB_FridgeB,GameplayStrings_ProcGen,574,Хаканнери тут всё вычистили до дна...
gameplay:GameplayStrings_ProcGen:575:USB_JokableComputerA,GameplayStrings_ProcGen,575,Где Хаканнерия раздобывает столько компьютеров?
gameplay:GameplayStrings_ProcGen:576:USB_JokableComputerB,GameplayStrings_ProcGen,576,«Перезагрузка для обновления! Это займёт всего мгновение»
gameplay:GameplayStrings_ProcGen:577:USB_SharkA,GameplayStrings_ProcGen,577,"Если я буду отвлекаться, мне никогда не выиграть матч!"
gameplay:GameplayStrings_ProcGen:578:USB_SharkB,GameplayStrings_ProcGen,578,"Говорят, они чуют головоломки за сотни метров."
gameplay:GameplayStrings_ProcGen:579:USB_ClawgameName,GameplayStrings_ProcGen,579,Клешня
gameplay:GameplayStrings_ProcGen:580:USB_ClawInProgress,GameplayStrings_ProcGen,580,Клешня уже движется!
gameplay:GameplayStrings_ProcGen:581:USB_PrizeBox,GameplayStrings_ProcGen,581,"Похоже, это подозрительно полезно..."
gameplay:GameplayStrings_ProcGen:582:USB_PrizeFake,GameplayStrings_ProcGen,582,Почему главные призы всегда невозможно выиграть?
gameplay:GameplayStrings_ProcGen:583:USB_Jumpers,GameplayStrings_ProcGen,583,Переноска
gameplay:GameplayStrings_ProcGen:584:USB_NeedsJump,GameplayStrings_ProcGen,584,Этому дingu нужна переноска.
gameplay:GameplayStrings_ProcGen:585:USB_NeedsJumpB,GameplayStrings_ProcGen,585,Кабели подключены. Что дальше?
gameplay:GameplayStrings_ProcGen:586:USB_Either,GameplayStrings_ProcGen,586,ИЛИ
gameplay:GameplayStrings_ProcGen:587:USB_Or,GameplayStrings_ProcGen,587,ИЛИ
gameplay:GameplayStrings_ProcGen:588:USB_Both,GameplayStrings_ProcGen,588,ОБА
gameplay:GameplayStrings_ProcGen:590:USB_Not,GameplayStrings_ProcGen,590,НЕ
gameplay:GameplayStrings_ProcGen:591:USB_Nor,GameplayStrings_ProcGen,591,НИ
gameplay:GameplayStrings_ProcGen:592:USB_Neither,GameplayStrings_ProcGen,592,НИ
gameplay:GameplayStrings_ProcGen:593:USB_FishWarning,GameplayStrings_ProcGen,593,Это вообще слово такое!?
gameplay:GameplayStrings_ProcGen:594:USB_FishPuzzleA,GameplayStrings_ProcGen,594,THUNNUS GLADRATA     -
gameplay:GameplayStrings_ProcGen:595:USB_FishPuzzleB,GameplayStrings_ProcGen,595,XIPHIAS HARENLOSUS     -
gameplay:GameplayStrings_ProcGen:596:USB_FishPuzzleC,GameplayStrings_ProcGen,596,CYNOSCION PENSENGUS     -
gameplay:GameplayStrings_ProcGen:597:USB_FishPuzzleD,GameplayStrings_ProcGen,597,ANGUILLA ALALIATA     -
gameplay:GameplayStrings_ProcGen:598:USB_FishPuzzleE,GameplayStrings_ProcGen,598,HARENGULA ROSTOSUS     -
gameplay:GameplayStrings_ProcGen:599:USB_FishEelSci,GameplayStrings_ProcGen,599,ANGUILLA ROSTRATA
gameplay:GameplayStrings_ProcGen:600:USB_FishAlbacoreSci,GameplayStrings_ProcGen,600,THUNNUS ALALUNGA
gameplay:GameplayStrings_ProcGen:601:USB_FishSeabassSci,GameplayStrings_ProcGen,601,CENTROPRISTIS STRIATA
gameplay:GameplayStrings_ProcGen:602:USB_FishSardineSci,GameplayStrings_ProcGen,602,HARENGULA PENSACOLA
gameplay:GameplayStrings_ProcGen:603:USB_FishSwordfishSci,GameplayStrings_ProcGen,603,XIPHIAS GLADIUS
gameplay:GameplayStrings_ProcGen:604:USB_FishHerringSci,GameplayStrings_ProcGen,604,CLUPEA HARENGUS
gameplay:GameplayStrings_ProcGen:605:USB_FishSalmonSci,GameplayStrings_ProcGen,605,CYNOSCION NEBULOSUS
gameplay:GameplayStrings_ProcGen:606:USB_FishHerring,GameplayStrings_ProcGen,606,Сельдь
gameplay:GameplayStrings_ProcGen:607:USB_FishEel,GameplayStrings_ProcGen,607,Угорь
gameplay:GameplayStrings_ProcGen:608:USB_FishAlbacore,GameplayStrings_ProcGen,608,Белый тунец
gameplay:GameplayStrings_ProcGen:609:USB_FishSalmon,GameplayStrings_ProcGen,609,Лосось
gameplay:GameplayStrings_ProcGen:610:USB_FishSardine,GameplayStrings_ProcGen,610,Сардина
gameplay:GameplayStrings_ProcGen:611:USB_FishSwordfish,GameplayStrings_ProcGen,611,Меч-рыба
gameplay:GameplayStrings_ProcGen:612:USB_FishSeabass,GameplayStrings_ProcGen,612,Судак
gameplay:GameplayStrings_ProcGen:613:USB_NeonTriangleA,GameplayStrings_ProcGen,613,Лучше попробуй другой угол.
gameplay:GameplayStrings_ProcGen:614:USB_NeonTriangleB,GameplayStrings_ProcGen,614,Треугольник — метка места?
gameplay:GameplayStrings_ProcGen:615:USB_WetCouchA,GameplayStrings_ProcGen,615,Водяной диван: дальний родственник водяного ложа.
gameplay:GameplayStrings_ProcGen:616:USB_WetCouchB,GameplayStrings_ProcGen,616,Хм. Чуть промок...
gameplay:GameplayStrings_ProcGen:617:USB_SunkContainersA,GameplayStrings_ProcGen,617,"Я немного жалею, что заглянул за борт…"
gameplay:GameplayStrings_ProcGen:618:USB_SunkContainersB,GameplayStrings_ProcGen,618,"Кажется, они что-то потеряли..."
gameplay:GameplayStrings_ProcGen:619:USB_ConesA,GameplayStrings_ProcGen,619,"Очевидно, эти ящики не заметили предупреждающие конусы."
gameplay:GameplayStrings_ProcGen:620:USB_ConesB,GameplayStrings_ProcGen,620,Хотя бы они обозначили это конусами…
gameplay:GameplayStrings_ProcGen:621:USB_OvenA,GameplayStrings_ProcGen,621,Я больше никогда не буду жаловаться на еду в Академии.
gameplay:GameplayStrings_ProcGen:622:USB_OvenB,GameplayStrings_ProcGen,622,Уборка тут явно была наполовину сделана.
gameplay:GameplayStrings_ProcGen:623:USB_LadderA,GameplayStrings_ProcGen,623,"Надеюсь, кто-то держал лестницу."
gameplay:GameplayStrings_ProcGen:624:USB_LadderB,GameplayStrings_ProcGen,624,Не выглядит очень прочной.
gameplay:GameplayStrings_ProcGen:625:USB_CraneA,GameplayStrings_ProcGen,625,"Что-то подсказывает, что у них нет лицензии на управление этой штукой…"
gameplay:GameplayStrings_ProcGen:626:USB_CraneB,GameplayStrings_ProcGen,626,"Думаю, это объясняет, как они успели покрасить <i>всё</i>."
gameplay:GameplayStrings_ProcGen:627:USB_SafetySign,GameplayStrings_ProcGen,627,Уже чувствую себя в безопасности.
gameplay:GameplayStrings_ProcGen:628:USB_NeonUSBA,GameplayStrings_ProcGen,628,Эти штуки реально USBлезны.
gameplay:GameplayStrings_ProcGen:629:USB_NeonUSBB,GameplayStrings_ProcGen,629,"Похоже, USB — ключ к этому месту."
gameplay:GameplayStrings_ProcGen:630:USB_RadioactiveA,GameplayStrings_ProcGen,630,"О, отлично!"
gameplay:GameplayStrings_ProcGen:631:USB_RadioactiveB,GameplayStrings_ProcGen,631,Прямо рядом с пиццей на полу?
gameplay:GameplayStrings_ProcGen:632:USB_ArcadeCabinetA,GameplayStrings_ProcGen,632,Здесь вообще кто-то учится?
gameplay:GameplayStrings_ProcGen:633:USB_ArcadeCabinetB,GameplayStrings_ProcGen,633,Я просто не фанат видеоигр...
gameplay:GameplayStrings_ProcGen:634:USB_GroceryCartA,GameplayStrings_ProcGen,634,Вот так они и завезли сюда всё это.
gameplay:GameplayStrings_ProcGen:635:USB_GroceryCartB,GameplayStrings_ProcGen,635,Стоило бы вывезти на нём весь этот хлам.
gameplay:GameplayStrings_ProcGen:636:USB_Links,GameplayStrings_ProcGen,636,Звенья?
gameplay:GameplayStrings_ProcGen:637:USB_TogetherClue,GameplayStrings_ProcGen,637,Найди путь по этим запискам!
gameplay:GameplayStrings_ProcGen:638:USB_SheetMusic,GameplayStrings_ProcGen,638,Ноты
gameplay:GameplayStrings_ProcGen:639:USB_scanInstrux,GameplayStrings_ProcGen,639,Сканируй от меньшего к большему
gameplay:GameplayStrings_ProcGen:640:USB_Can_Caviar,GameplayStrings_ProcGen,640,«Икра»
gameplay:GameplayStrings_ProcGen:641:USB_Can_Oysters,GameplayStrings_ProcGen,641,Устрицы
gameplay:GameplayStrings_ProcGen:642:USB_Can_Sardines,GameplayStrings_ProcGen,642,Сардины
gameplay:GameplayStrings_ProcGen:643:USB_Can_Salmon,GameplayStrings_ProcGen,643,Копчёный лосось
gameplay:GameplayStrings_ProcGen:644:USB_Can_SalmonA,GameplayStrings_ProcGen,644,Копчёный
gameplay:GameplayStrings_ProcGen:645:USB_Can_SalmonB,GameplayStrings_ProcGen,645,Лосось
gameplay:GameplayStrings_ProcGen:646:USB_Can_Tuna,GameplayStrings_ProcGen,646,Тунец кусочками
gameplay:GameplayStrings_ProcGen:647:USB_Can_TunaA,GameplayStrings_ProcGen,647,Кусочками
gameplay:GameplayStrings_ProcGen:648:USB_Can_TunaB,GameplayStrings_ProcGen,648,Тунец
gameplay:GameplayStrings_ProcGen:649:USB_Can_Eel,GameplayStrings_ProcGen,649,Угорь
gameplay:GameplayStrings_ProcGen:650:USB_Can_Herring,GameplayStrings_ProcGen,650,Солёная сельдь
gameplay:GameplayStrings_ProcGen:651:USB_Can_HerringA,GameplayStrings_ProcGen,651,Солёная
gameplay:GameplayStrings_ProcGen:652:USB_Can_HerringB,GameplayStrings_ProcGen,652,Сельдь
gameplay:GameplayStrings_ProcGen:653:USB_Can_Anchovies,GameplayStrings_ProcGen,653,Анчоусы
gameplay:GameplayStrings_ProcGen:654:USB_WhatAmI,GameplayStrings_ProcGen,654,Что я?
gameplay:GameplayStrings_ProcGen:655:USB_Maxmimum,GameplayStrings_ProcGen,655,Ниже
gameplay:GameplayStrings_ProcGen:656:cowSound,GameplayStrings_ProcGen,656,Му
gameplay:GameplayStrings_ProcGen:657:pigSound,GameplayStrings_ProcGen,657,Хрю
gameplay:GameplayStrings_ProcGen:658:catSound,GameplayStrings_ProcGen,658,Мяу
gameplay:GameplayStrings_ProcGen:659:dogSound,GameplayStrings_ProcGen,659,Гав-гав
gameplay:GameplayStrings_ProcGen:660:roosterSound,GameplayStrings_ProcGen,660,Ку-ка-ре-ку
gameplay:GameplayStrings_ProcGen:661:owlSound,GameplayStrings_ProcGen,661,Уху
gameplay:GameplayStrings_ProcGen:662:snakeSound,GameplayStrings_ProcGen,662,Шшш
gameplay:GameplayStrings_ProcGen:663:duckSound,GameplayStrings_ProcGen,663,Кря-кря
gameplay:GameplayStrings_ProcGen:664:USB_FarmKey0,GameplayStrings_ProcGen,664,Пользователь 0
gameplay:GameplayStrings_ProcGen:665:USB_FarmKey1,GameplayStrings_ProcGen,665,Пользователь 1
gameplay:GameplayStrings_ProcGen:666:USB_FarmKey2,GameplayStrings_ProcGen,666,Пользователь 2
gameplay:GameplayStrings_ProcGen:667:USB_FarmKey3,GameplayStrings_ProcGen,667,Пользователь 3
gameplay:GameplayStrings_ProcGen:668:USB_FarmKey4,GameplayStrings_ProcGen,668,Пользователь 4
gameplay:GameplayStrings_ProcGen:669:USB_FarmKey5,GameplayStrings_ProcGen,669,Пользователь 5
gameplay:GameplayStrings_ProcGen:670:cowRot13,GameplayStrings_ProcGen,670,Zbb
gameplay:GameplayStrings_ProcGen:671:pigRot13,GameplayStrings_ProcGen,671,Bvax
gameplay:GameplayStrings_ProcGen:672:catRot13,GameplayStrings_ProcGen,672,Zrbj
gameplay:GameplayStrings_ProcGen:673:dogRot13,GameplayStrings_ProcGen,673,Jbbs Jbbs
gameplay:GameplayStrings_ProcGen:674:roosterRot13,GameplayStrings_ProcGen,674,Pbpx-n-qbbqyr-qbb
gameplay:GameplayStrings_ProcGen:675:duckRot13,GameplayStrings_ProcGen,675,Dhnpx Dhnpx
gameplay:GameplayStrings_ProcGen:676:cipher,GameplayStrings_ProcGen,676,Шифр
gameplay:GameplayStrings_ProcGen:677:USB_unlockMe,GameplayStrings_ProcGen,677,Unlock_Me
gameplay:GameplayStrings_ProcGen:678:USB_FarmPaper,GameplayStrings_ProcGen,678,Лист регистрации
gameplay:GameplayStrings_ProcGen:679:USB_pw_dog,GameplayStrings_ProcGen,679,собака
gameplay:GameplayStrings_ProcGen:680:USB_pw_cat,GameplayStrings_ProcGen,680,кошка
gameplay:GameplayStrings_ProcGen:681:USB_pw_pig,GameplayStrings_ProcGen,681,свинья
gameplay:GameplayStrings_ProcGen:682:USB_pw_cow,GameplayStrings_ProcGen,682,корова
gameplay:GameplayStrings_ProcGen:683:USB_pw_rooster,GameplayStrings_ProcGen,683,петух
gameplay:GameplayStrings_ProcGen:684:USB_pw_duck,GameplayStrings_ProcGen,684,утка
gameplay:GameplayStrings_ProcGen:685:USB_oldmacdonald,GameplayStrings_ProcGen,685,Админ: Олд Макдональд
gameplay:GameplayStrings_ProcGen:686:USB_ErrorMessage3,GameplayStrings_ProcGen,686,Обнаружено 3 ошибки
gameplay:GameplayStrings_ProcGen:687:USB_ErrorMessage4,GameplayStrings_ProcGen,687,Обнаружено 4 ошибки
gameplay:GameplayStrings_ProcGen:688:USB_ErrorMessage5,GameplayStrings_ProcGen,688,Обнаружено 5 ошибок
gameplay:GameplayStrings_ProcGen:689:USB_ErrorMessage6,GameplayStrings_ProcGen,689,Обнаружено 6 ошибок
gameplay:GameplayStrings_ProcGen:690:USB_ErrorMessage7,GameplayStrings_ProcGen,690,Обнаружено 7 ошибок
gameplay:GameplayStrings_ProcGen:691:USB_HeavyLid,GameplayStrings_ProcGen,691,Оно такое тяжёлое! Без электричества я это не открою.
gameplay:GameplayStrings_ProcGen:692:USB_Generator,GameplayStrings_ProcGen,692,Это генератор! Но топливо закончилось…
gameplay:GameplayStrings_ProcGen:693:USB_GeneratorOn,GameplayStrings_ProcGen,693,"Слышишь, как гудит двигатель!"
gameplay:GameplayStrings_ProcGen:694:USB_NoPowerDiorama,GameplayStrings_ProcGen,694,Без <i>электричества</i> эти удлинители бесполезны…
gameplay:GameplayStrings_ProcGen:695:USB_GasTank,GameplayStrings_ProcGen,695,Бак с дизелем
gameplay:GameplayStrings_ProcGen:696:USB_DangerZone,GameplayStrings_ProcGen,696,Опасность
gameplay:GameplayStrings_ProcGen:697:USB_SafetyZone,GameplayStrings_ProcGen,697,Безопасность
gameplay:GameplayStrings_ProcGen:698:USB_ServerPaperHeader,GameplayStrings_ProcGen,698,Настройка сервера
gameplay:GameplayStrings_ProcGen:699:USB_DriveRuleA1,GameplayStrings_ProcGen,699,> Оранжевый диск не в опасной зоне
gameplay:GameplayStrings_ProcGen:700:USB_DriveRuleA2,GameplayStrings_ProcGen,700,> В безопасной зоне нет дисков с чётными номерами
gameplay:GameplayStrings_ProcGen:701:USB_DriveRuleA3,GameplayStrings_ProcGen,701,> Диск C находится между дисками A и E
gameplay:GameplayStrings_ProcGen:702:USB_DriveRuleA4,GameplayStrings_ProcGen,702,> Диск B слева от красного диска
gameplay:GameplayStrings_ProcGen:703:USB_DriveRuleA5,GameplayStrings_ProcGen,703,> Зелёный диск правее синего
gameplay:GameplayStrings_ProcGen:704:USB_DriveRuleB1,GameplayStrings_ProcGen,704,> Оба номера в опасной зоне больше 2
gameplay:GameplayStrings_ProcGen:705:USB_DriveRuleB2,GameplayStrings_ProcGen,705,> Сумма номеров в безопасной зоне равна 5
gameplay:GameplayStrings_ProcGen:706:USB_DriveRuleB3,GameplayStrings_ProcGen,706,> Зелёный находится между оранжевым и жёлтым
gameplay:GameplayStrings_ProcGen:707:USB_DriveRuleB4,GameplayStrings_ProcGen,707,> B слева от E
gameplay:GameplayStrings_ProcGen:708:USB_DriveRuleC1,GameplayStrings_ProcGen,708,> Сумма номеров в безопасной зоне равна 6
gameplay:GameplayStrings_ProcGen:709:USB_DriveRuleC2,GameplayStrings_ProcGen,709,> В опасной зоне нет чётных номеров
gameplay:GameplayStrings_ProcGen:710:USB_DriveRuleC3,GameplayStrings_ProcGen,710,> A и E не соприкасаются
gameplay:GameplayStrings_ProcGen:711:USB_DriveRuleC4,GameplayStrings_ProcGen,711,> Жёлтый справа от красного
gameplay:GameplayStrings_ProcGen:712:USB_DriveRuleC5,GameplayStrings_ProcGen,712,> Зелёный слева от синего
gameplay:GameplayStrings_ProcGen:713:USB_DriveRuleD1,GameplayStrings_ProcGen,713,"> Сумма номеров в опасной зоне на 5 больше, чем в безопасной"
gameplay:GameplayStrings_ProcGen:714:USB_DriveRuleD2,GameplayStrings_ProcGen,714,"> У жёлтого два соседа, у оранжевого — один"
gameplay:GameplayStrings_ProcGen:715:USB_DriveRuleE1,GameplayStrings_ProcGen,715,> В безопасной зоне нет гласных
gameplay:GameplayStrings_ProcGen:716:USB_DriveRuleE2,GameplayStrings_ProcGen,716,> В опасной зоне нет чётных номеров
gameplay:GameplayStrings_ProcGen:717:USB_DriveRuleE3,GameplayStrings_ProcGen,717,> Красный соприкасается с оранжевым и зелёным
gameplay:GameplayStrings_ProcGen:718:USB_GoodLuck,GameplayStrings_ProcGen,718,Удачи!
gameplay:GameplayStrings_ProcGen:719:USB_IcecreamSheet1,GameplayStrings_ProcGen,719,Факты о мороженом
gameplay:GameplayStrings_ProcGen:720:USB_MathA3,GameplayStrings_ProcGen,720,«Третья цифра на два меньше второй».
gameplay:GameplayStrings_ProcGen:721:USB_MathA2,GameplayStrings_ProcGen,721,«Вторая цифра — простое число».
gameplay:GameplayStrings_ProcGen:722:USB_MathA1,GameplayStrings_ProcGen,722,«Первая цифра в четыре раза больше третьей».
gameplay:GameplayStrings_ProcGen:723:USB_MathB3,GameplayStrings_ProcGen,723,«Третья цифра на два больше первой».
gameplay:GameplayStrings_ProcGen:724:USB_MathB1,GameplayStrings_ProcGen,724,«Первая цифра в два раза меньше второй».
gameplay:GameplayStrings_ProcGen:725:USB_MathB2,GameplayStrings_ProcGen,725,«Сумма первой и второй цифр в два раза больше третьей».
gameplay:GameplayStrings_ProcGen:726:USB_MathC1,GameplayStrings_ProcGen,726,«Первая цифра на четыре меньше третьей».
gameplay:GameplayStrings_ProcGen:727:USB_MathC3,GameplayStrings_ProcGen,727,«Третья цифра в три раза больше второй».
gameplay:GameplayStrings_ProcGen:728:USB_MathC2,GameplayStrings_ProcGen,728,«Вторая цифра на два меньше первой».
gameplay:GameplayStrings_ProcGen:729:USB_MathD1,GameplayStrings_ProcGen,729,«Первая цифра в два раза больше третьей».
gameplay:GameplayStrings_ProcGen:730:USB_MathD2,GameplayStrings_ProcGen,730,«Вторая цифра на единицу меньше первой».
gameplay:GameplayStrings_ProcGen:731:USB_MathD3,GameplayStrings_ProcGen,731,«Третья цифра на три меньше второй».
gameplay:GameplayStrings_ProcGen:732:USB_MathE2,GameplayStrings_ProcGen,732,«Вторая цифра на три меньше третьей».
gameplay:GameplayStrings_ProcGen:733:USB_MathE3,GameplayStrings_ProcGen,733,«Третья цифра на шесть меньше первой».
gameplay:GameplayStrings_ProcGen:734:USB_MathE1,GameplayStrings_ProcGen,734,«Первая цифра в три раза больше третьей».
gameplay:GameplayStrings_ProcGen:735:USB_Student0,GameplayStrings_ProcGen,735,Комбо Денниса
gameplay:GameplayStrings_ProcGen:736:USB_Student1,GameplayStrings_ProcGen,736,Комбо Слейера
gameplay:GameplayStrings_ProcGen:737:USB_Student2,GameplayStrings_ProcGen,737,Комбо Села
gameplay:GameplayStrings_ProcGen:738:USB_Student0b,GameplayStrings_ProcGen,738,Деннис
gameplay:GameplayStrings_ProcGen:739:USB_Student1b,GameplayStrings_ProcGen,739,Слейер
gameplay:GameplayStrings_ProcGen:740:USB_Student2b,GameplayStrings_ProcGen,740,Сел
gameplay:GameplayStrings_ProcGen:741:USB_HackerFloppy,GameplayStrings_ProcGen,741,«Вирус Руби»
gameplay:GameplayStrings_ProcGen:742:USB_HackerPrompt,GameplayStrings_ProcGen,742,"Не будь простаком. Ты знаешь, что делать."
gameplay:GameplayStrings_ProcGen:743:USB_InsertDisk,GameplayStrings_ProcGen,743,Вставить дискету
gameplay:GameplayStrings_ProcGen:744:USB_SealedScrewDoor,GameplayStrings_ProcGen,744,Она прикручена...
gameplay:GameplayStrings_ProcGen:745:USB_CrawMachineTutorial,GameplayStrings_ProcGen,745,"Расставь плитки с числами правильно, чтобы сдвинуть клешню и забрать приз..."
gameplay:GameplayStrings_ProcGen:746:USB_CrawMachineTutorial2,GameplayStrings_ProcGen,746,"Нет нужных чисел? Используй вычитание, чтобы найти позицию приза."
gameplay:GameplayStrings_ProcGen:747:USB_RubicsGridTutorial,GameplayStrings_ProcGen,747,"Сдвигай строки и столбцы жуков, чтобы все оказались в правильных столбцах."
gameplay:GameplayStrings_ProcGen:748:USB_AnimalCipherTutorial,GameplayStrings_ProcGen,748,"Расшифруй сообщение, чтобы узнать пароль-животное."
gameplay:GameplayStrings_ProcGen:749:USB_AnimalCipherTutorial2,GameplayStrings_ProcGen,749,Ключ расшифровки хранится на компьютере.
gameplay:GameplayStrings_ProcGen:750:USB_GantryScanningTutorial,GameplayStrings_ProcGen,750,"Найди и посчитай количество цепей, соединяющих каждый чип."
gameplay:GameplayStrings_ProcGen:751:USB_GefilteFishTutorial,GameplayStrings_ProcGen,751,Найди плакаты с рыбами в комнате и сопоставь части их латинских названий с частями тела.
gameplay:GameplayStrings_ProcGen:752:USB_HarddriveSwapTutorial,GameplayStrings_ProcGen,752,"Расставь жёсткие диски компьютера в правильном порядке, опираясь на подсказки в распечатке."
gameplay:GameplayStrings_ProcGen:753:USB_MidiTutorial,GameplayStrings_ProcGen,753,"Найди непрерывный путь из кнопок на MIDI-паде, соответствующий цветам на нотном стане."
gameplay:GameplayStrings_ProcGen:754:USB_NumberValueDeductionTutorial,GameplayStrings_ProcGen,754,"Определи пароль, используя подсказки на обёртках от мороженого."
gameplay:GameplayStrings_ProcGen:755:USB_PowerCordTutorial,GameplayStrings_ProcGen,755,"Распредели питание по розеткам так, чтобы не перегрузить ни одну удлинительную сетку."
gameplay:GameplayStrings_ProcGen:756:USB_FlipTileTVTutorial,GameplayStrings_ProcGen,756,"Опираясь на фигуры на экранах телевизоров, переверни плитки сейфа на тёмную или светлую сторону."
gameplay:GameplayStrings_ProcGen:757:USB_SnackdokuTutorial,GameplayStrings_ProcGen,757,"В каждой строке, столбце и квадрате содержатся числа от 1 до 4 и буквы от A до D в уникальной комбинации."
gameplay:GameplayStrings_ProcGen:758:USB_SnackdokuTutorial2,GameplayStrings_ProcGen,758,"Узнай серийный код ячейки с подарком, чтобы получить его из автомата."
gameplay:GameplayStrings_ProcGen:759:USB_SpotTheDifferenceTutorial,GameplayStrings_ProcGen,759,Найди и нажми на все различия на экранах компьютеров.
gameplay:GameplayStrings_ProcGen:760:USB_SwitcherClueTutorial,GameplayStrings_ProcGen,760,"Опираясь на знаки в комнате, определи, какие выключатели включены, а какие выключены."
gameplay:GameplayStrings_ProcGen:761:USB_RaceToTheBottom,GameplayStrings_ProcGen,761,Гонка на дно
gameplay:GameplayStrings_ProcGen:762:USB_WhatsUpDock,GameplayStrings_ProcGen,762,"Как дела, Док?"
gameplay:GameplayStrings_ProcGen:763:USB_HookLineThinker,GameplayStrings_ProcGen,763,"Крючок, леска и думалка"
gameplay:GameplayStrings_ProcGen:764:USB_AReelChallenge,GameplayStrings_ProcGen,764,Настоящее испытание
gameplay:GameplayStrings_ProcGen:765:USB_FathomsBelow,GameplayStrings_ProcGen,765,Глубины
gameplay:GameplayStrings_ProcGen:766:USB_OutOfReach,GameplayStrings_ProcGen,766,Она немного недосягаема...
gameplay:GameplayStrings_ProcGen:767:USB_ScavengerFlow1,GameplayStrings_ProcGen,767,Трофейная рыбалка
gameplay:GameplayStrings_ProcGen:768:USB_ScavengerFlow2,GameplayStrings_ProcGen,768,Поиск на пляже
gameplay:GameplayStrings_ProcGen:769:USB_ScavengerFlow3,GameplayStrings_ProcGen,769,Поиск сокровищ
gameplay:GameplayStrings_ProcGen:770:USB_TheEscapistTimes1,GameplayStrings_ProcGen,770,The Escapist Times — «Взятие фламинго: насколько это <i>реально</i> возможно?»
gameplay:GameplayStrings_ProcGen:771:USB_TheEscapistTimes2,GameplayStrings_ProcGen,771,"The Escapist Times — «Компьютер никогда не сделает мою работу», — говорит мужчина, сжимая абакус"
gameplay:GameplayStrings_ProcGen:772:USB_TheEscapistTimes3,GameplayStrings_ProcGen,772,The Escapist Times — h3rring высмеяли на хакерской конференции за абсурдную идею «Интер-Нета»
gameplay:GameplayStrings_ProcGen:773:USB_TheEscapistTimes4,GameplayStrings_ProcGen,773,The Escapist Times — «Местный эскапист съел флешку»
gameplay:GameplayStrings_ProcGen:774:USB_TheEscapistTimes4_Alt,GameplayStrings_ProcGen,774,The Escapist Times — «Местный эскапист съел флешку и подхватил желудочный вирус»
gameplay:GameplayStrings_ProcGen:775:USB_Tsunami,GameplayStrings_ProcGen,775,Цунами
gameplay:GameplayStrings_ProcGen:776:USB_YouWin,GameplayStrings_ProcGen,776,Победа!
gameplay:GameplayStrings_ProcGen:777:USB_ClamPH,GameplayStrings_ProcGen,777,pH
gameplay:GameplayStrings_ProcGen:778:USB_ClamSalinity,GameplayStrings_ProcGen,778,Солёность
gameplay:GameplayStrings_ProcGen:779:USB_ClamTemp,GameplayStrings_ProcGen,779,Темп.
gameplay:GameplayStrings_ProcGen:780:USB_Clam45,GameplayStrings_ProcGen,780,45°F
gameplay:GameplayStrings_ProcGen:781:USB_Clam50,GameplayStrings_ProcGen,781,50°F
gameplay:GameplayStrings_ProcGen:782:USB_Clam55,GameplayStrings_ProcGen,782,55°F
gameplay:GameplayStrings_ProcGen:783:USB_Clam60,GameplayStrings_ProcGen,783,60°F
gameplay:GameplayStrings_ProcGen:784:USB_Clam65,GameplayStrings_ProcGen,784,65°F
gameplay:GameplayStrings_ProcGen:785:USB_Clam70,GameplayStrings_ProcGen,785,70°F
gameplay:GameplayStrings_ProcGen:786:USB_Clam75,GameplayStrings_ProcGen,786,75°F
gameplay:GameplayStrings_ProcGen:787:USB_Clam80,GameplayStrings_ProcGen,787,80°F
gameplay:GameplayStrings_ProcGen:788:USB_ClamScallopedA,GameplayStrings_ProcGen,788,Мидия с рифлением
gameplay:GameplayStrings_ProcGen:789:USB_ClamScallopedB,GameplayStrings_ProcGen,789,"pH: 6<br><br>Солёность: на 20% меньше, чем у солёной мидии.<br><br>Темп.: на 10 градусов холоднее, чем у ворчливой мидии."
gameplay:GameplayStrings_ProcGen:790:USB_ClamScalloped,GameplayStrings_ProcGen,790,С рифлением
gameplay:GameplayStrings_ProcGen:791:USB_ClamBrinyA,GameplayStrings_ProcGen,791,Солёная мидия
gameplay:GameplayStrings_ProcGen:792:USB_ClamBrinyB,GameplayStrings_ProcGen,792,"pH: на 3 больше, чем у мидии с рифлением. <br><br>Солёность: 80%<br><br>Темп.: на 15 градусов теплее, чем у прибойной мидии."
gameplay:GameplayStrings_ProcGen:793:USB_ClamBriny,GameplayStrings_ProcGen,793,Солёная
gameplay:GameplayStrings_ProcGen:794:USB_ClamGrumpyA,GameplayStrings_ProcGen,794,Ворчливая мидия
gameplay:GameplayStrings_ProcGen:795:USB_ClamGrumpyB,GameplayStrings_ProcGen,795,"pH: половина pH серной мидии.<br><br>Солёность: на 10% меньше, чем у прибойной мидии.<br><br>Темп.: 65°F"
gameplay:GameplayStrings_ProcGen:796:USB_ClamGrumpy,GameplayStrings_ProcGen,796,Ворчливая
gameplay:GameplayStrings_ProcGen:797:USB_ClamSurfA,GameplayStrings_ProcGen,797,Прибойная мидия
gameplay:GameplayStrings_ProcGen:798:USB_ClamSurfB,GameplayStrings_ProcGen,798,"pH: 7<br><br>Солёность: половина солёности мидии с рифлением.<br><br>Темп.: на 5 градусов теплее, чем у мидии с рифлением."
gameplay:GameplayStrings_ProcGen:799:USB_ClamSurf,GameplayStrings_ProcGen,799,Прибойная
gameplay:GameplayStrings_ProcGen:800:USB_ClamSulfurA,GameplayStrings_ProcGen,800,Серная мидия
gameplay:GameplayStrings_ProcGen:801:USB_ClamSulfurB,GameplayStrings_ProcGen,801,"pH: на 2 больше, чем у мидии с рифлением.<br><br>Солёность: на 10% меньше, чем у солёной мидии.<br><br>Темп.: 80°F"
gameplay:GameplayStrings_ProcGen:802:USB_ClamSulfur,GameplayStrings_ProcGen,802,Серная
gameplay:GameplayStrings_ProcGen:803:USB_SelectClams,GameplayStrings_ProcGen,803,Выбери все мидии.
gameplay:GameplayStrings_ProcGen:804:USB_ScanCanSale1,GameplayStrings_ProcGen,804,"Купи 2 Fishemite, получи 1 в подарок!"
gameplay:GameplayStrings_ProcGen:805:USB_ScanCanSale2,GameplayStrings_ProcGen,805,"Купи один DYNAFISH, получи второй со скидкой 50%!"
gameplay:GameplayStrings_ProcGen:806:USB_ScanCanSale3,GameplayStrings_ProcGen,806,"Купи 3 Carpola, получи 1 в подарок!"
gameplay:GameplayStrings_ProcGen:807:USB_BarcodeScanner,GameplayStrings_ProcGen,807,Сканер штрихкодов
gameplay:GameplayStrings_ProcGen:808:USB_RegisterSealed,GameplayStrings_ProcGen,808,Наглухо запечатано!
gameplay:GameplayStrings_ProcGen:809:USB_CansTip,GameplayStrings_ProcGen,809,Нет ценников…
gameplay:GameplayStrings_ProcGen:810:USB_ThankYouShopping,GameplayStrings_ProcGen,810,Спасибо за покупку.
gameplay:GameplayStrings_ProcGen:811:USB_ThankYouShoppingB,GameplayStrings_ProcGen,811,Итого:
gameplay:GameplayStrings_ProcGen:812:USB_FeedingFrenzy,GameplayStrings_ProcGen,812,Пир горой
gameplay:GameplayStrings_ProcGen:813:USB_AnchorsAway,GameplayStrings_ProcGen,813,Якорь вправо!
gameplay:GameplayStrings_ProcGen:814:USB_TicTackleToe,GameplayStrings_ProcGen,814,Крестики-крючки
gameplay:GameplayStrings_ProcGen:815:USB_PR_PhishMarket,GameplayStrings_ProcGen,815,Рыбный рынок
gameplay:GameplayStrings_ProcGen:816:USB_CrabWalk,GameplayStrings_ProcGen,816,Краб-танцор
gameplay:GameplayStrings_ProcGen:817:USB_FollowMe,GameplayStrings_ProcGen,817,За мной!
gameplay:GameplayStrings_ProcGen:818:USB_TVMaze_Tutorial,GameplayStrings_ProcGen,818,"Пройди путь от старта до финиша, выполняя математические действия по дороге."
gameplay:GameplayStrings_ProcGen:819:USB_HackerJuice_Tutorial,GameplayStrings_ProcGen,819,Разлей каждый вид Хакерского сока по отдельным дозаторам.
gameplay:GameplayStrings_ProcGen:820:USB_Scan4Cans_Tutorial,GameplayStrings_ProcGen,820,"Посчитай общую стоимость банок в корзине, ориентируясь на цены в ящиках."
gameplay:GameplayStrings_ProcGen:821:USB_Scan4Cans_Tutorial2,GameplayStrings_ProcGen,821,Следи за специальными скидками!
gameplay:GameplayStrings_ProcGen:822:USB_HappyAsAClam_Tutorial,GameplayStrings_ProcGen,822,Найди предпочтения мидий в Мидий-компьютере и подбери оптимальные настройки аквариума.
gameplay:GameplayStrings_ProcGen:823:USB_Clamputer,GameplayStrings_ProcGen,823,Мидий-компьютер
gameplay:GameplayStrings_ProcGen:824:USB_Crabwalk_Tutorial,GameplayStrings_ProcGen,824,"Следуй стрелкам на экране и танцуй, как краб..."
gameplay:GameplayStrings_ProcGen:825:USB_Crabwalk_Tutorial2,GameplayStrings_ProcGen,825,Следи за поворотами и отражениями краба — тебе придется менять направление!
gameplay:GameplayStrings_ProcGen:826:USB_Tsunami_Tutorial,GameplayStrings_ProcGen,826,"Расставь все части изображения по местам, пока цунами снова их не перепутало!"
gameplay:GameplayStrings_ProcGen:827:USB_ThermalATM_Tutorial,GameplayStrings_ProcGen,827,"Используй тепловизор, чтобы увидеть код банкомата..."
gameplay:GameplayStrings_ProcGen:828:USB_ThermalATM_Tutorial2,GameplayStrings_ProcGen,828,Помни: самое горячее пятно — это последняя цифра.
gameplay:GameplayStrings_ProcGen:829:USB_HackTheShapes_Tutorial,GameplayStrings_ProcGen,829,"Кликай по плиткам, чтобы уместить все фигуры в сетку. Фигуры нельзя поворачивать!"
gameplay:GameplayStrings_ProcGen:830:USB_LockerCombo_Tutorial,GameplayStrings_ProcGen,830,"Найди комбинацию, чтобы открыть шкафчик."
gameplay:GameplayStrings_ProcGen:831:USB_LockerKey_Tutorial,GameplayStrings_ProcGen,831,"Найди ключ, чтобы открыть шкафчик."
gameplay:GameplayStrings_ProcGen:832:USB_PressToStart,GameplayStrings_ProcGen,832,"Нажми любую кнопку, чтобы начать"
gameplay:GameplayStrings_ProcGen:833:USB_Bedbugs,GameplayStrings_ProcGen,833,Не дай постельным клопам укусить.
gameplay:GameplayStrings_ProcGen:834:USB_TakePrize,GameplayStrings_ProcGen,834,Забери приз
gameplay:GameplayStrings_ProcGen:835:USB_hackannery,GameplayStrings_ProcGen,835,Хаканнери
gameplay:GameplayStrings_ProcGen:836:USB_ThermalCamera_Item,GameplayStrings_ProcGen,836,Тепловизор
gameplay:GameplayStrings_ProcGen:837:USB_ThermalCamStand,GameplayStrings_ProcGen,837,Штатив для камеры?
gameplay:GameplayStrings_ProcGen:838:USB_InputPIN,GameplayStrings_ProcGen,838,Введите PIN
gameplay:GameplayStrings_ProcGen:841:TDA_Generator1A,GameplayStrings_ProcGen,841,Всё это ради театра..?
gameplay:GameplayStrings_ProcGen:842:TDA_Generator1B,GameplayStrings_ProcGen,842,"Здесь, наверное, неограниченная мощность!"
gameplay:GameplayStrings_ProcGen:843:TDA_Furnace1A,GameplayStrings_ProcGen,843,Разгоняем жар!
gameplay:GameplayStrings_ProcGen:844:TDA_Furnace1B,GameplayStrings_ProcGen,844,Теперь я по-настоящему начинаю потеть.
gameplay:GameplayStrings_ProcGen:845:TDA_Coil1A,GameplayStrings_ProcGen,845,Да. Лучше не трогать.
gameplay:GameplayStrings_ProcGen:846:TDA_Coil1B,GameplayStrings_ProcGen,846,"Чуть-чуть искрит, если что."
gameplay:GameplayStrings_ProcGen:847:TDA_GeneratorPanel1A,GameplayStrings_ProcGen,847,Оно вообще к чему-то подключено?
gameplay:GameplayStrings_ProcGen:848:TDA_GeneratorPanel1B,GameplayStrings_ProcGen,848,"Ах... электро-монитор. Хорошо, что у них есть такой."
gameplay:GameplayStrings_ProcGen:849:TDA_CatapultA,GameplayStrings_ProcGen,849,"Жаль, что это не выстрелит меня на первое место."
gameplay:GameplayStrings_ProcGen:850:TDA_CatapultB,GameplayStrings_ProcGen,850,Я больше по собакам.
gameplay:GameplayStrings_ProcGen:851:TDA_BootSkellyA,GameplayStrings_ProcGen,851,Классные ботинки.
gameplay:GameplayStrings_ProcGen:852:TDA_BootSkellyB,GameplayStrings_ProcGen,852,Очень минималистичный образ.
gameplay:GameplayStrings_ProcGen:853:TDA_NooseA,GameplayStrings_ProcGen,853,Чуть-чуть мрачновато...
gameplay:GameplayStrings_ProcGen:854:TDA_NooseB,GameplayStrings_ProcGen,854,"Надеюсь, это просто декорация."
gameplay:GameplayStrings_ProcGen:855:TDA_HouseA,GameplayStrings_ProcGen,855,Какая милая хибарка.
gameplay:GameplayStrings_ProcGen:856:TDA_HouseB,GameplayStrings_ProcGen,856,"Всё равно больше любого дома, который я могу себе позволить!"
gameplay:GameplayStrings_ProcGen:857:TDA_CloudsA,GameplayStrings_ProcGen,857,Надо не летать в облаках!
gameplay:GameplayStrings_ProcGen:858:TDA_CloudsB,GameplayStrings_ProcGen,858,"Облачно, местами головоломки."
gameplay:GameplayStrings_ProcGen:859:TDA_WheelbarrowA,GameplayStrings_ProcGen,859,"Может, и не нужно изобретать заново, но починить бы."
gameplay:GameplayStrings_ProcGen:860:TDA_WheelbarrowB,GameplayStrings_ProcGen,860,Это просто колесная жалость.
gameplay:GameplayStrings_ProcGen:861:TDA_Manequin1A,GameplayStrings_ProcGen,861,Вот <i>это</i> называется мода.
gameplay:GameplayStrings_ProcGen:862:TDA_Manequin1B,GameplayStrings_ProcGen,862,Хм. Без штанов? Без штанов.
gameplay:GameplayStrings_ProcGen:863:TDA_CoffeeA,GameplayStrings_ProcGen,863,"Надеюсь, они правильно приняли заказы."
gameplay:GameplayStrings_ProcGen:864:TDA_CoffeeB,GameplayStrings_ProcGen,864,«Пятикратный эспрессо?» Сердце моё...
gameplay:GameplayStrings_ProcGen:865:TDA_CoatrackA,GameplayStrings_ProcGen,865,Мой мозг уже повис на вешалке!
gameplay:GameplayStrings_ProcGen:866:TDA_CoatrackB,GameplayStrings_ProcGen,866,Пока не собираюсь вешать шляпу.
gameplay:GameplayStrings_ProcGen:867:TDA_JebA,GameplayStrings_ProcGen,867,"Похоже, кто-то неравнодушен к нашему старому Джебу."
gameplay:GameplayStrings_ProcGen:868:TDA_JebB,GameplayStrings_ProcGen,868,"«Моей единственной фанатке, удачи! — Джеб»"
gameplay:GameplayStrings_ProcGen:869:TDA_UnicycleA,GameplayStrings_ProcGen,869,"Решать головоломки на моноцикле? Да, я бы заплатил за это."
gameplay:GameplayStrings_ProcGen:870:TDA_UnicycleB,GameplayStrings_ProcGen,870,Самый сложный способ передвижения.
gameplay:GameplayStrings_ProcGen:871:TDA_DrinkCartA,GameplayStrings_ProcGen,871,Всегда будь вежлив с бар-тележкой.
gameplay:GameplayStrings_ProcGen:872:TDA_DrinkCartB,GameplayStrings_ProcGen,872,"Эта тележка, похоже, пользуется популярностью."
gameplay:GameplayStrings_ProcGen:873:TDA_MirrorA,GameplayStrings_ProcGen,873,"Отражения нет. Наверное, это просто реквизит."
gameplay:GameplayStrings_ProcGen:874:TDA_MirrorB,GameplayStrings_ProcGen,874,Выглядю отлично.
gameplay:GameplayStrings_ProcGen:875:TDA_FountainA,GameplayStrings_ProcGen,875,В студии шоумена переполнена стилем!
gameplay:GameplayStrings_ProcGen:876:TDA_FountainB,GameplayStrings_ProcGen,876,Если бы у меня была монетка... Я бы загадал быстрый побег.
gameplay:GameplayStrings_ProcGen:877:TDA_BushA,GameplayStrings_ProcGen,877,Все эти головоломки меня вымотали.
gameplay:GameplayStrings_ProcGen:878:TDA_BushB,GameplayStrings_ProcGen,878,Это место — просто джунгли!
gameplay:GameplayStrings_ProcGen:879:TDA_FishA,GameplayStrings_ProcGen,879,Какая чудесная шляпка!
gameplay:GameplayStrings_ProcGen:880:TDA_FishB,GameplayStrings_ProcGen,880,Крупный улов!
gameplay:GameplayStrings_ProcGen:881:TDA_BearA,GameplayStrings_ProcGen,881,Кто-то тут устраивал собственные магические шоу?
gameplay:GameplayStrings_ProcGen:882:TDA_BearB,GameplayStrings_ProcGen,882,"Ах. Это, должно быть, руководитель."
gameplay:GameplayStrings_ProcGen:883:TDA_CameraA,GameplayStrings_ProcGen,883,Что за фотосессия?
gameplay:GameplayStrings_ProcGen:884:TDA_CameraB,GameplayStrings_ProcGen,884,"Не хочу знать, что ещё на этой плёнке."
gameplay:GameplayStrings_ProcGen:885:TDA_SewerMirrorA,GameplayStrings_ProcGen,885,"Похоже, тот, кто живёт здесь, очень хочет стать звездой, да?"
gameplay:GameplayStrings_ProcGen:886:TDA_SewerMirrorB,GameplayStrings_ProcGen,886,Кто-то ворует вещи с этажа выше?
gameplay:GameplayStrings_ProcGen:887:TDA_SewerBookA,GameplayStrings_ProcGen,887,"Может, эта книга научит того, кто живёт здесь, как жить по-настоящему."
gameplay:GameplayStrings_ProcGen:888:TDA_SewerBookB,GameplayStrings_ProcGen,888,«Пrestidigitation для prestidigidiots: том 2»
gameplay:GameplayStrings_ProcGen:889:TDA_SewerMattressA,GameplayStrings_ProcGen,889,"Дом, милый канализационный дом!"
gameplay:GameplayStrings_ProcGen:890:TDA_SewerMattressB,GameplayStrings_ProcGen,890,Хм. Не очень нравится.
gameplay:GameplayStrings_ProcGen:891:TDA_PhoneA,GameplayStrings_ProcGen,891,Уже поздно звонить и болеть.
gameplay:GameplayStrings_ProcGen:892:TDA_PhoneB,GameplayStrings_ProcGen,892,Лучше не звонить.
gameplay:GameplayStrings_ProcGen:893:TDA_RadioA,GameplayStrings_ProcGen,893,Ох. Ловится только AM...
gameplay:GameplayStrings_ProcGen:894:TDA_RadioB,GameplayStrings_ProcGen,894,"Если бы я весь день сидел тут, мне тоже пригодилось бы радио."
gameplay:GameplayStrings_ProcGen:895:TDA_Piano1A,GameplayStrings_ProcGen,895,Не могли найти денег на скамеечку?
gameplay:GameplayStrings_ProcGen:896:TDA_Piano1B,GameplayStrings_ProcGen,896,"Это не те клавиши, которые я ищу."
gameplay:GameplayStrings_ProcGen:897:TDA_LIBBook1A,GameplayStrings_ProcGen,897,«В роли и вне роли: мемуары Бенджи Уоррена III»
gameplay:GameplayStrings_ProcGen:898:TDA_LIBBook1B,GameplayStrings_ProcGen,898,«Оуия и ты: семь шагов к сессии»
gameplay:GameplayStrings_ProcGen:899:TDA_LIBBook2A,GameplayStrings_ProcGen,899,«Мой вечер с магией — Бродган Фрэнк»
gameplay:GameplayStrings_ProcGen:900:TDA_LIBBook2B,GameplayStrings_ProcGen,900,"«101 место, откуда можно достать кролика»"
gameplay:GameplayStrings_ProcGen:901:TDA_LIBScrolls1A,GameplayStrings_ProcGen,901,"Столько полок, а они выбрали ведро?"
gameplay:GameplayStrings_ProcGen:902:TDA_LIBScrolls1B,GameplayStrings_ProcGen,902,Это задолженность студии по налогам!
gameplay:GameplayStrings_ProcGen:903:TDA_StageChairA,GameplayStrings_ProcGen,903,Не хотелось бы попасть на этот спектакль в неудачный вечер...
gameplay:GameplayStrings_ProcGen:904:TDA_StageChairB,GameplayStrings_ProcGen,904,Это VIP-зона?
gameplay:GameplayStrings_ProcGen:905:TDA_StageCanonA,GameplayStrings_ProcGen,905,Да. Это точно настоящее.
gameplay:GameplayStrings_ProcGen:906:TDA_StageCanonB,GameplayStrings_ProcGen,906,Лучше бы мне быть поосторожнее с этой штукой.
gameplay:GameplayStrings_ProcGen:907:TDA_PlanetsA,GameplayStrings_ProcGen,907,"Заставляет задуматься, правда?"
gameplay:GameplayStrings_ProcGen:908:TDA_PlanetsB,GameplayStrings_ProcGen,908,"Не думаю, что это в масштабе."
gameplay:GameplayStrings_ProcGen:909:TDA_ShelvesA,GameplayStrings_ProcGen,909,Это точно секция крутых книг.
gameplay:GameplayStrings_ProcGen:910:TDA_ShelvesB,GameplayStrings_ProcGen,910,«ЗАПРЕЩЕНО».
gameplay:GameplayStrings_ProcGen:911:TDA_Crystal1A,GameplayStrings_ProcGen,911,Я чувствую много энергии «побега».
gameplay:GameplayStrings_ProcGen:912:TDA_Crystal1B,GameplayStrings_ProcGen,912,Многовато кристаллов.
gameplay:GameplayStrings_ProcGen:913:TDA_Crystal2A,GameplayStrings_ProcGen,913,Заряжается на солнце!
gameplay:GameplayStrings_ProcGen:914:TDA_Crystal2B,GameplayStrings_ProcGen,914,"Говорят, синие кристаллы особенно ценны."
gameplay:GameplayStrings_ProcGen:915:TDA_Crystal3A,GameplayStrings_ProcGen,915,Чистый.
gameplay:GameplayStrings_ProcGen:916:TDA_Crystal3B,GameplayStrings_ProcGen,916,"Я предпочитаю, чтобы кристаллы были в форме шариков."
gameplay:GameplayStrings_ProcGen:917:TDA_ChandalierA,GameplayStrings_ProcGen,917,"Вот это цепь, которую точно не хочется рвать."
gameplay:GameplayStrings_ProcGen:918:TDA_ChandalierB,GameplayStrings_ProcGen,918,Вблизи эта штука выглядит гораздо больше.
gameplay:GameplayStrings_ProcGen:919:TDA_CatwalkCameraA,GameplayStrings_ProcGen,919,"Ставлю, эта камера повидала немало магии."
gameplay:GameplayStrings_ProcGen:920:TDA_CatwalkCameraB,GameplayStrings_ProcGen,920,Не лучший ракурс на сцену…
gameplay:GameplayStrings_ProcGen:921:TDA_CatwalkSpeakerA,GameplayStrings_ProcGen,921,Они реально оптимизировали звуковую систему.
gameplay:GameplayStrings_ProcGen:922:TDA_CatwalkSpeakerB,GameplayStrings_ProcGen,922,"Вау, они поставили саундбар!"
gameplay:GameplayStrings_ProcGen:923:TDA_PickupTruckA,GameplayStrings_ProcGen,923,"Не думаю, что на этой штуке я смогу совершить дерзкий побег."
gameplay:GameplayStrings_ProcGen:924:TDA_PickupTruckB,GameplayStrings_ProcGen,924,Целый грузовик веселья!
gameplay:GameplayStrings_ProcGen:925:TDA_CasksA,GameplayStrings_ProcGen,925,Из этого можно устроить отличную вечеринку после премьеры.
gameplay:GameplayStrings_ProcGen:926:TDA_CasksB,GameplayStrings_ProcGen,926,Скорее «Студия пьющего человека»!
gameplay:GameplayStrings_ProcGen:927:TDA_DumpsterA,GameplayStrings_ProcGen,927,"Этот контейнер, должно быть, многое повидал."
gameplay:GameplayStrings_ProcGen:928:TDA_DumpsterB,GameplayStrings_ProcGen,928,"Тренера отправят в мусорку, если я не выиграю."
gameplay:GameplayStrings_ProcGen:929:TDA_BasementCannonA,GameplayStrings_ProcGen,929,Вверх — самое безопасное направление.
gameplay:GameplayStrings_ProcGen:930:TDA_BasementCannonB,GameplayStrings_ProcGen,930,Очень настоящее. Очень опасное. Очень тревожное.
gameplay:GameplayStrings_ProcGen:931:TDA_BasementCowboyA,GameplayStrings_ProcGen,931,"Как дела, приятель?"
gameplay:GameplayStrings_ProcGen:932:TDA_BasementCowboyB,GameplayStrings_ProcGen,932,Это может стать началом нового образа.
gameplay:GameplayStrings_ProcGen:933:TDA_BasementGuitarA,GameplayStrings_ProcGen,933,В худшем случае — переключусь на гитару!
gameplay:GameplayStrings_ProcGen:934:TDA_BasementGuitarB,GameplayStrings_ProcGen,934,Буквально «музыкальная яма». Какой же тут бардак.
gameplay:GameplayStrings_ProcGen:935:TDA_BasementWheelA,GameplayStrings_ProcGen,935,Кто тут рулит этим местом?
gameplay:GameplayStrings_ProcGen:936:TDA_BasementWheelB,GameplayStrings_ProcGen,936,У меня тут голова кругом...
gameplay:GameplayStrings_ProcGen:937:TDA_BasementBoatA,GameplayStrings_ProcGen,937,Здесь внизу целая лодка хлама.
gameplay:GameplayStrings_ProcGen:938:TDA_BasementBoatB,GameplayStrings_ProcGen,938,"Похоже, это не очень годится для моря."
gameplay:GameplayStrings_ProcGen:939:TDA_BasementCannon2A,GameplayStrings_ProcGen,939,Не могу поверить в количество оружия здесь.
gameplay:GameplayStrings_ProcGen:940:TDA_BasementCannon2B,GameplayStrings_ProcGen,940,Каково каноническое назначение этого во время выступлений?
gameplay:GameplayStrings_ProcGen:941:TDA_ad_1-1,GameplayStrings_ProcGen,941,«В этих стенах…»
gameplay:GameplayStrings_ProcGen:942:TDA_ad_1-2,GameplayStrings_ProcGen,942,Пьеса в двух актах
gameplay:GameplayStrings_ProcGen:943:TDA_ad_2-1,GameplayStrings_ProcGen,943,Беседа с Клюбриком
gameplay:GameplayStrings_ProcGen:944:TDA_ad_3-1,GameplayStrings_ProcGen,944,Малея Чудесная
gameplay:GameplayStrings_ProcGen:945:TDA_ad_4-1,GameplayStrings_ProcGen,945,Непостижимый Кийон
gameplay:GameplayStrings_ProcGen:946:TDA_ad_5-1,GameplayStrings_ProcGen,946,Восхищайтесь
gameplay:GameplayStrings_ProcGen:947:TDA_ad_5-2,GameplayStrings_ProcGen,947,Великим Бенджамином Уорреном III
gameplay:GameplayStrings_ProcGen:948:TDA_ad_5-3,GameplayStrings_ProcGen,948,и его отрядом Бенджи
gameplay:GameplayStrings_ProcGen:949:TDA_CrystalKey,GameplayStrings_ProcGen,949,Ключ-карта «Хрустальный шар»
gameplay:GameplayStrings_ProcGen:950:TDA_CardsKey,GameplayStrings_ProcGen,950,Ключ-карта «Карты»
gameplay:GameplayStrings_ProcGen:951:TDA_DiceKey,GameplayStrings_ProcGen,951,Ключ-карта «Кости»
gameplay:GameplayStrings_ProcGen:952:TDA_PotionKey,GameplayStrings_ProcGen,952,Ключ-карта «Зелье»
gameplay:GameplayStrings_ProcGen:953:TDA_TophatKey,GameplayStrings_ProcGen,953,Ключ-карта «Цилиндр»
gameplay:GameplayStrings_ProcGen:954:TDA_BookKey,GameplayStrings_ProcGen,954,Ключ-карта «Гримуар»
gameplay:GameplayStrings_ProcGen:955:ProcGen_Student0,GameplayStrings_ProcGen,955,Фил Гармоник
gameplay:GameplayStrings_ProcGen:956:ProcGen_Student1,GameplayStrings_ProcGen,956,Пейдж Тернер
gameplay:GameplayStrings_ProcGen:957:ProcGen_Student2,GameplayStrings_ProcGen,957,Расс Т. Кий
gameplay:GameplayStrings_ProcGen:958:ProcGen_Student3,GameplayStrings_ProcGen,958,Джастин Кейс
gameplay:GameplayStrings_ProcGen:959:ProcGen_Student4,GameplayStrings_ProcGen,959,Робин Бэнкс
gameplay:GameplayStrings_ProcGen:960:ProcGen_Student5,GameplayStrings_ProcGen,960,Барб Двайер
gameplay:GameplayStrings_ProcGen:961:ProcGen_Student6,GameplayStrings_ProcGen,961,Айк Хиллдем
gameplay:GameplayStrings_ProcGen:962:ProcGen_Student7,GameplayStrings_ProcGen,962,Имма Стар
gameplay:GameplayStrings_ProcGen:963:ProcGen_Student8,GameplayStrings_ProcGen,963,Слай Тувхэнд
gameplay:GameplayStrings_ProcGen:964:ProcGen_Student9,GameplayStrings_ProcGen,964,Дев Л. Деггс
gameplay:GameplayStrings_ProcGen:965:TDA_Student0Header,GameplayStrings_ProcGen,965,Замок Филя
gameplay:GameplayStrings_ProcGen:966:TDA_Student1Header,GameplayStrings_ProcGen,966,Замок Пейдж
gameplay:GameplayStrings_ProcGen:967:TDA_Student2Header,GameplayStrings_ProcGen,967,Замок Расса
gameplay:GameplayStrings_ProcGen:968:TDA_Student3Header,GameplayStrings_ProcGen,968,Замок Джастина
gameplay:GameplayStrings_ProcGen:969:TDA_Student4Header,GameplayStrings_ProcGen,969,Замок Робина
gameplay:GameplayStrings_ProcGen:970:TDA_Student5Header,GameplayStrings_ProcGen,970,Замок Барб
gameplay:GameplayStrings_ProcGen:971:TDA_Student6Header,GameplayStrings_ProcGen,971,Замок Айка
gameplay:GameplayStrings_ProcGen:972:TDA_Student7Header,GameplayStrings_ProcGen,972,Замок Иммы
gameplay:GameplayStrings_ProcGen:973:TDA_Student8Header,GameplayStrings_ProcGen,973,Замок Слая
gameplay:GameplayStrings_ProcGen:974:TDA_Student9Header,GameplayStrings_ProcGen,974,Замок Дева
gameplay:GameplayStrings_ProcGen:975:TDA_LocksmithsJournalHeader,GameplayStrings_ProcGen,975,Дневник замочного мастера
gameplay:GameplayStrings_ProcGen:976:TDA_Student0Lock,GameplayStrings_ProcGen,976,Цифры кода Филя: <br>4 - 2 - 4 - 4 - 2
gameplay:GameplayStrings_ProcGen:977:TDA_Student1Lock,GameplayStrings_ProcGen,977,"Первые две цифры кода Пейдж совпадают с кодом Филя, <br>а последние три — с кодом Иммы."
gameplay:GameplayStrings_ProcGen:978:TDA_Student2Lock,GameplayStrings_ProcGen,978,Цифры кода Расса: <br>5 - 3 - 2 - 4 - 3
gameplay:GameplayStrings_ProcGen:979:TDA_Student3Lock,GameplayStrings_ProcGen,979,"Цифры кода Джастина — это цифры кода Иммы, записанные задом наперёд."
gameplay:GameplayStrings_ProcGen:980:TDA_Student4Lock,GameplayStrings_ProcGen,980,"Цифры кода Робина на единицу больше, чем в коде Иммы."
gameplay:GameplayStrings_ProcGen:981:TDA_Student5Lock,GameplayStrings_ProcGen,981,"Цифры кода Барб — это цифры кода Дева, записанные задом наперёд."
gameplay:GameplayStrings_ProcGen:982:TDA_Student6Lock,GameplayStrings_ProcGen,982,"Цифры кода Айка на единицу меньше, чем в коде Расса."
gameplay:GameplayStrings_ProcGen:983:TDA_Student7Lock,GameplayStrings_ProcGen,983,Цифры кода Иммы: <br>1 - 2 - 1 - 3 - 4
gameplay:GameplayStrings_ProcGen:984:TDA_Student8Lock,GameplayStrings_ProcGen,984,"Цифры кода Слая такие же, как у Айка, но последние две цифры поменяны местами."
gameplay:GameplayStrings_ProcGen:985:TDA_Student9Lock,GameplayStrings_ProcGen,985,"Цифры кода Дева — это половина цифр кода Филя, кроме последней, которая удвоена."
gameplay:GameplayStrings_ProcGen:986:TDA_LocksmithsHint,GameplayStrings_ProcGen,986,Помни: если не можешь НАЙТИ ключ... СОЗДАЙ его!
gameplay:GameplayStrings_ProcGen:987:TDA_WhichWayToStage,GameplayStrings_ProcGen,987,Куда идти на сцену?
gameplay:GameplayStrings_ProcGen:988:TDA_TrickTacToe,GameplayStrings_ProcGen,988,Крестики-нолики
gameplay:GameplayStrings_ProcGen:989:TDA_IsThisYourCard,GameplayStrings_ProcGen,989,Это ваша карта?
gameplay:GameplayStrings_ProcGen:990:TDA_DressForSuccess,GameplayStrings_ProcGen,990,Одежда для успеха
gameplay:GameplayStrings_ProcGen:991:TDA_HatBox,GameplayStrings_ProcGen,991,Абракадабра!
gameplay:GameplayStrings_ProcGen:992:TDA_Wand,GameplayStrings_ProcGen,992,Волшебная палочка
gameplay:GameplayStrings_ProcGen:993:TDA_OppositeSides,GameplayStrings_ProcGen,993,Противоположные стороны?
gameplay:GameplayStrings_ProcGen:994:TDA_GuillotineMissing,GameplayStrings_ProcGen,994,Не теряй голову из-за этого!
gameplay:GameplayStrings_ProcGen:995:TDA_GBlade,GameplayStrings_ProcGen,995,Лезвие гильотины
gameplay:GameplayStrings_ProcGen:996:TDA_ScavengerFlow1,GameplayStrings_ProcGen,996,Королевский флеш
gameplay:GameplayStrings_ProcGen:997:TDA_ScavengerFlow2,GameplayStrings_ProcGen,997,Искатель удачи
gameplay:GameplayStrings_ProcGen:998:TDA_AllSeeingWizardTutorial,GameplayStrings_ProcGen,998,"Следи за взглядом волшебника, чтобы найти правильную последовательность символов стихий."
gameplay:GameplayStrings_ProcGen:999:TDA_BoxOfSwordsTutorial,GameplayStrings_ProcGen,999,"Вытаскивай и вставляй мечи в коробку так, чтобы не торчало ничего фиолетового."
gameplay:GameplayStrings_ProcGen:1000:TDA_LiarsDiceTutorial,GameplayStrings_ProcGen,1000,"Используй кубики, чтобы определить, какие символы находятся на противоположных гранях от тех, что на бумаге."
gameplay:GameplayStrings_ProcGen:1001:TDA_LocksmithsJournalTutorial,GameplayStrings_ProcGen,1001,"Найди запись в журнале, которая соответствует имени на замке."
gameplay:GameplayStrings_ProcGen:1002:TDA_LocksmithsJournalTutorial2,GameplayStrings_ProcGen,1002,"Затем изготовь ключ, соответствующий значениям из журнала."
gameplay:GameplayStrings_ProcGen:1003:TDA_SplitLaserTutorial,GameplayStrings_ProcGen,1003,Зелёный лазерный луч должен попасть в разделитель...
gameplay:GameplayStrings_ProcGen:1004:TDA_SplitLaserTutorial2,GameplayStrings_ProcGen,1004,"Затем используй зеркала, чтобы отразить синий и жёлтый лучи в их кристаллы."
gameplay:GameplayStrings_ProcGen:1005:TDA_SudokuLockBoxTutorial,GameplayStrings_ProcGen,1005,"Поверни детали так, чтобы в каждом ряду, столбце и квадранте была одна карта каждой масти."
gameplay:GameplayStrings_ProcGen:1006:TDA_UntangleTheKnotTutorial,GameplayStrings_ProcGen,1006,"Передвинь детали к соответствующим символам и убедись, что верёвка не запутана."
gameplay:GameplayStrings_ProcGen:1007:TDA_WheelOfPainTutorial,GameplayStrings_ProcGen,1007,"Попадай в мишени в правильном порядке, но не дай колесу остановиться!"
gameplay:GameplayStrings_ProcGen:1008:TDA_CupsAndBallsPaper,GameplayStrings_ProcGen,1008,Загадочные подсказки
gameplay:GameplayStrings_ProcGen:1009:TDA_CupsAndBalls_Key,GameplayStrings_ProcGen,1009,Маленький ключ
gameplay:GameplayStrings_ProcGen:1010:TDA_CupsAndBallsTutorial,GameplayStrings_ProcGen,1010,"Используй подсказки на бумаге, чтобы положить безделушки под правильные стаканчики."
gameplay:GameplayStrings_ProcGen:1011:TDA_DisappearingAct,GameplayStrings_ProcGen,1011,Исчезновение
gameplay:GameplayStrings_ProcGen:1012:TDA_HexesAndOs,GameplayStrings_ProcGen,1012,Гексы и Уау!
gameplay:GameplayStrings_ProcGen:1013:TDA_ActLevitation,GameplayStrings_ProcGen,1013,Левитация
gameplay:GameplayStrings_ProcGen:1014:TDA_AudienceVolunteer,GameplayStrings_ProcGen,1014,Доброволец из зала
gameplay:GameplayStrings_ProcGen:1015:TDA_SH_Flow3,GameplayStrings_ProcGen,1015,Читатель мыслей
gameplay:GameplayStrings_ProcGen:1016:TDA_ThreeInARobe,GameplayStrings_ProcGen,1016,Три в мантии
gameplay:GameplayStrings_ProcGen:1018:TDA_CupKeyhole,GameplayStrings_ProcGen,1018,Маленькое замочное отверстие...
gameplay:GameplayStrings_ProcGen:1019:TDA_CupPaper1,GameplayStrings_ProcGen,1019,Кролик под красным стаканом.<br>Монокль рядом с жёлтым и синим стаканами.<br>У волчка только один сосед.<br>Око справа от кубика.
gameplay:GameplayStrings_ProcGen:1020:TDA_CupPaper2,GameplayStrings_ProcGen,1020,Кольцо рядом с двумя жёлтыми стаканами.<br>Кубик под синим стаканом.<br>Пирамида слева от волчка.<br>Цветок не рядом с кольцом.
gameplay:GameplayStrings_ProcGen:1021:TDA_CupPaper3,GameplayStrings_ProcGen,1021,Цветок рядом с жёлтым и синим стаканами.<br>Пирамида и кролик под стаканами одного цвета.<br>Кролик справа от пирамиды.<br>Монокль слева от ока.
gameplay:GameplayStrings_ProcGen:1022:TDA_CupPaper4,GameplayStrings_ProcGen,1022,"Волчок не под синим стаканом.<br>Монокль слева от пирамиды, но справа от кубика.<br>Кольцо между волчком и моноклем.<br>У пирамиды один сосед."
gameplay:GameplayStrings_ProcGen:1023:TDA_CupPaper5,GameplayStrings_ProcGen,1023,Кубик рядом с красным и жёлтым стаканами.<br>Око и кольцо под стаканами одного цвета.<br>У цветка только один сосед.<br>Око рядом с кроликом.
gameplay:GameplayStrings_ProcGen:1024:TDA_CrankPrompt,GameplayStrings_ProcGen,1024,"«Заведи меня, и я станцую»."
gameplay:GameplayStrings_ProcGen:1025:TDA_BalletPositionsHeader,GameplayStrings_ProcGen,1025,Положения в балете
gameplay:GameplayStrings_ProcGen:1026:TDA_Ballet1,GameplayStrings_ProcGen,1026,Первая позиция
gameplay:GameplayStrings_ProcGen:1027:TDA_Ballet2,GameplayStrings_ProcGen,1027,Вторая позиция
gameplay:GameplayStrings_ProcGen:1028:TDA_Ballet3,GameplayStrings_ProcGen,1028,Третья позиция
gameplay:GameplayStrings_ProcGen:1029:TDA_Ballet4,GameplayStrings_ProcGen,1029,Четвёртая позиция
gameplay:GameplayStrings_ProcGen:1030:TDA_Ballet5,GameplayStrings_ProcGen,1030,Пятая позиция
gameplay:GameplayStrings_ProcGen:1031:TDA_TheEscapistTimes1,GameplayStrings_ProcGen,1031,«Время эскаписта» — «ИСПРАВЛЕНИЕ: Несколько тузов нашлось в рукаве»
gameplay:GameplayStrings_ProcGen:1032:TDA_TheEscapistTimes2,GameplayStrings_ProcGen,1032,"«Время эскаписта» — «Волшебник воссоединяется с кроликом, которого давно считал потерявшимся в шляпе»"
gameplay:GameplayStrings_ProcGen:1033:TDA_TheEscapistTimes3,GameplayStrings_ProcGen,1033,«Время эскаписта» — «Абра-ка-налог-уход! Снова изъяты наличные из студии шоумена»
gameplay:GameplayStrings_ProcGen:1034:TDA_TheEscapistTimes4,GameplayStrings_ProcGen,1034,«Время эскаписта» — «Проблемный мюзикл «EELSONG» теряет ещё одну звезду из-за методической игры»
gameplay:GameplayStrings_ProcGen:1035:TDA_JackInTheLocksPaper,GameplayStrings_ProcGen,1035,Последовательность поворотов
gameplay:GameplayStrings_ProcGen:1036:TDA_JackInTheLocksTutorial,GameplayStrings_ProcGen,1036,"Найди комбинацию поворотов, чтобы повернуть ручку на этой загадочной коробке."
gameplay:GameplayStrings_ProcGen:1037:TDA_Dollar,GameplayStrings_ProcGen,1037,Долларовая купюра
gameplay:GameplayStrings_ProcGen:1038:TDA_Fortune_Cards,GameplayStrings_ProcGen,1038,карта вытянута
gameplay:GameplayStrings_ProcGen:1039:TDA_Fortune_Whistle,GameplayStrings_ProcGen,1039,свисток свистнул
gameplay:GameplayStrings_ProcGen:1040:TDA_Fortune_Match,GameplayStrings_ProcGen,1040,спичка зажжена
gameplay:GameplayStrings_ProcGen:1041:TDA_Fortune_Horn,GameplayStrings_ProcGen,1041,гудок дан
gameplay:GameplayStrings_ProcGen:1042:TDA_Fortune_Flower,GameplayStrings_ProcGen,1042,цветок понюхан
gameplay:GameplayStrings_ProcGen:1043:TDA_Fortune_Bell,GameplayStrings_ProcGen,1043,колокол звякнул
gameplay:GameplayStrings_ProcGen:1044:TDA_Fortune_Crow,GameplayStrings_ProcGen,1044,ворон каркнул
gameplay:GameplayStrings_ProcGen:1045:TDA_Fortune_Tea,GameplayStrings_ProcGen,1045,чай налит
gameplay:GameplayStrings_ProcGen:1046:TDA_FortuneTellerIntro,GameplayStrings_ProcGen,1046,«Предсказание для твоего будущего»
gameplay:GameplayStrings_ProcGen:1047:TDA_FortuneTellerBlurb,GameplayStrings_ProcGen,1047,"Как только {0}, {1} и {2}, сокровище будет открыто."
gameplay:GameplayStrings_ProcGen:1048:TDA_Fortune_Paper,GameplayStrings_ProcGen,1048,Предсказание
gameplay:GameplayStrings_ProcGen:1049:TDA_BalletDancer_Hint,GameplayStrings_ProcGen,1049,Смотри на схему танцора и вводи позиции куклы.
gameplay:GameplayStrings_ProcGen:1050:TDA_FortuneTellerTutorial,GameplayStrings_ProcGen,1050,"Расшифруй своё предсказание и выполни его за столом сеанса, чтобы получить награду."
gameplay:GameplayStrings_ProcGen:1051:TDA_Guillotine_Tutorial,GameplayStrings_ProcGen,1051,Найди лезвие и обезглавь манекен.
gameplay:GameplayStrings_ProcGen:1052:TDA_MagicHat_Tutorial,GameplayStrings_ProcGen,1052,Найди волшебную палочку и покажи трюк!
gameplay:GameplayStrings_ProcGen:1053:TDA_SawedInHalf_Tutorial,GameplayStrings_ProcGen,1053,"Раздели числа пополам, чтобы разблокировать пилу."
gameplay:GameplayStrings_ProcGen:1054:TDA_FortuneTellerBlurbA,GameplayStrings_ProcGen,1054,"Как только прозвенит колокол, будет вытянута карта и понюхана цветок, сокровище будет открыто."
gameplay:GameplayStrings_ProcGen:1055:TDA_FortuneTellerBlurbB,GameplayStrings_ProcGen,1055,"Как только будет налит чай, зажжена спичка и поднят свисток, сокровище откроется."
gameplay:GameplayStrings_ProcGen:1056:TDA_FortuneTellerBlurbC,GameplayStrings_ProcGen,1056,"Как только прогудит клаксон, прозвенит колокол и каркнет ворон, сокровище откроется."
gameplay:GameplayStrings_ProcGen:1057:TDA_FortuneTellerBlurbD,GameplayStrings_ProcGen,1057,"Как только будет зажжена спичка, вытянута карта и налит чай, сокровище откроется."
gameplay:GameplayStrings_ProcGen:1058:TDA_FortuneTellerBlurbE,GameplayStrings_ProcGen,1058,"Как только каркнет ворон, поднимется свисток и будет понюхан цветок, сокровище откроется."
gameplay:GameplayStrings_ProcGen:1059:TDA_FortuneTellerBlurbF,GameplayStrings_ProcGen,1059,"Как только будет вытянута карта, понюхан цветок и прогудит клаксон, сокровище откроется."
gameplay:GameplayStrings_ProcGen:1060:TDA_AllSeeingWizardTutorial_ALT,GameplayStrings_ProcGen,1060,"Следи за взглядом волшебника, чтобы найти правильную последовательность символов стихий."
gameplay:GameplayStrings_ProcGen:1061:TDA_AllSeeingWizardTutorial_ALT2,GameplayStrings_ProcGen,1061,Соедини символы на схеме и отметь числа вдоль пути.
gameplay:GameplayStrings_ProcGen:1062:TDA_Fortune_Header,GameplayStrings_ProcGen,1062,Чтобы исполнить предсказание:
gameplay:GameplayStrings_ProcGen:1063:TDA_Fortune_Step1,GameplayStrings_ProcGen,1063,Шаг 1
gameplay:GameplayStrings_ProcGen:1064:TDA_Fortune_Step2,GameplayStrings_ProcGen,1064,Шаг 2
gameplay:GameplayStrings_ProcGen:1065:TDA_Fortune_Step3,GameplayStrings_ProcGen,1065,Шаг 3
gameplay:GameplayStrings_ProcGen:1066:TDA_FortuneSpeller,GameplayStrings_ProcGen,1066,Составитель предсказаний
gameplay:GameplayStrings_ProcGen:1067:TDA_Showtimes,GameplayStrings_ProcGen,1067,Расписание
gameplay:GameplayStrings_ProcGen:1069:VisNov_1,GameplayStrings_ProcGen,1069,Вопрос вполне уместен! Начнём с основ турнира:
gameplay:GameplayStrings_ProcGen:1070:VisNov_2,GameplayStrings_ProcGen,1070,"В каждом матче нужно решить серию головоломок. Они дадут ключи, которыми ты откроешь двери. Всё просто, правда?"
gameplay:GameplayStrings_ProcGen:1071:VisNov_3,GameplayStrings_ProcGen,1071,НЕТ!
gameplay:GameplayStrings_ProcGen:1072:VisNov_4,GameplayStrings_ProcGen,1072,В Турнире головоломок есть две команды: Красная и Синяя.
gameplay:GameplayStrings_ProcGen:1073:VisNov_5,GameplayStrings_ProcGen,1073,Головоломки будут окрашены в цвета ваших команд.
gameplay:GameplayStrings_ProcGen:1074:VisNov_6,GameplayStrings_ProcGen,1074,"Красная команда может взаимодействовать только с красными головоломками, а Синяя — только с синими."
gameplay:GameplayStrings_ProcGen:1075:VisNov_7,GameplayStrings_ProcGen,1075,"Если ты это запомнишь, всё получится."
gameplay:GameplayStrings_ProcGen:1076:VisNov_8,GameplayStrings_ProcGen,1076,"Есть ещё что-то, в чём Йоач может помочь тебе сегодня?"
gameplay:GameplayStrings_ProcGen:1078:listenprompt,GameplayStrings_ProcGen,1078,Слушать
gameplay:GameplayStrings_ProcGen:1079:reportcardheader,GameplayStrings_ProcGen,1079,Комментарии директора
gameplay:GameplayStrings_ProcGen:1080:DIG_ReportCard,GameplayStrings_ProcGen,1080,Молодец! Не боишься испачкать руки.
gameplay:GameplayStrings_ProcGen:1081:USB_ReportCard,GameplayStrings_ProcGen,1081,Честное слово! Ты был наэлектризован!
gameplay:GameplayStrings_ProcGen:1082:TDA_ReportCard,GameplayStrings_ProcGen,1082,Это было настоящее волшебство! За тобой не угнаться.
gameplay:GameplayStrings_ProcGen:1083:Achievements,GameplayStrings_ProcGen,1083,Новичок в головоломках
gameplay:GameplayStrings_ProcGen:1084:Achievements,GameplayStrings_ProcGen,1084,Сыграй 10 матчей в Турнире головоломок.
gameplay:GameplayStrings_ProcGen:1085:Achievements,GameplayStrings_ProcGen,1085,Ученик в головоломках
gameplay:GameplayStrings_ProcGen:1086:Achievements,GameplayStrings_ProcGen,1086,Сыграй 25 матчей в Турнире головоломок.
gameplay:GameplayStrings_ProcGen:1087:Achievements,GameplayStrings_ProcGen,1087,Старшеклассник-головоломщик
gameplay:GameplayStrings_ProcGen:1088:Achievements,GameplayStrings_ProcGen,1088,Сыграй 50 матчей в Турнире головоломок.
gameplay:GameplayStrings_ProcGen:1089:Achievements,GameplayStrings_ProcGen,1089,Иней-Сейер
gameplay:GameplayStrings_ProcGen:1090:Achievements,GameplayStrings_ProcGen,1090,Надень Маску лошади на противника.
gameplay:GameplayStrings_ProcGen:1091:Achievements,GameplayStrings_ProcGen,1091,Кроссовочник
gameplay:GameplayStrings_ProcGen:1092:Achievements,GameplayStrings_ProcGen,1092,Пробеги X метров в беговых кроссовках.
gameplay:GameplayStrings_ProcGen:1093:Achievements,GameplayStrings_ProcGen,1093,Жажда силы
gameplay:GameplayStrings_ProcGen:1094:Achievements,GameplayStrings_ProcGen,1094,Активируй Ящик бонусов X раз.
gameplay:GameplayStrings_ProcGen:1095:Achievements,GameplayStrings_ProcGen,1095,Гробовый водолаз
gameplay:GameplayStrings_ProcGen:1096:Achievements,GameplayStrings_ProcGen,1096,Закончи матч в Гробнице Первого эскаписта менее чем за X минут.
gameplay:GameplayStrings_ProcGen:1097:Achievements,GameplayStrings_ProcGen,1097,Хакни и шлёпни
gameplay:GameplayStrings_ProcGen:1098:Achievements,GameplayStrings_ProcGen,1098,Закончи матч в Хаканне за X минут или меньше.
gameplay:GameplayStrings_ProcGen:1099:Achievements,GameplayStrings_ProcGen,1099,Магия в действии
gameplay:GameplayStrings_ProcGen:1100:Achievements,GameplayStrings_ProcGen,1100,Закончи матч в Студии шоумена за X минут или меньше.
gameplay:GameplayStrings_ProcGen:1101:Achievements,GameplayStrings_ProcGen,1101,Знатный читатель
gameplay:GameplayStrings_ProcGen:1102:Achievements,GameplayStrings_ProcGen,1102,Реши X головоломок с иероглифами.
gameplay:GameplayStrings_ProcGen:1103:Achievements,GameplayStrings_ProcGen,1103,Взломщик паролей
gameplay:GameplayStrings_ProcGen:1104:Achievements,GameplayStrings_ProcGen,1104,Войди в X компьютеров в Хаканне.
gameplay:GameplayStrings_ProcGen:1105:Achievements,GameplayStrings_ProcGen,1105,Манекеномучитель
gameplay:GameplayStrings_ProcGen:1106:Achievements,GameplayStrings_ProcGen,1106,Испытай манекены X раз.
gameplay:GameplayStrings_ProcGen:1107:Achievements,GameplayStrings_ProcGen,1107,Бегун Окама
gameplay:GameplayStrings_ProcGen:1108:Achievements,GameplayStrings_ProcGen,1108,Выиграй X матчей в Гонке побегов.
gameplay:GameplayStrings_ProcGen:1109:Achievements,GameplayStrings_ProcGen,1109,Тик-Так-Вау
gameplay:GameplayStrings_ProcGen:1110:Achievements,GameplayStrings_ProcGen,1110,Выиграй X матчей в Крестики-нолики.
gameplay:GameplayStrings_ProcGen:1111:Achievements,GameplayStrings_ProcGen,1111,Полное поле
gameplay:GameplayStrings_ProcGen:1112:Achievements,GameplayStrings_ProcGen,1112,Заполни всё поле в Крестиках-ноликах.
gameplay:GameplayStrings_ProcGen:1113:Achievements,GameplayStrings_ProcGen,1113,Охотник за сокровищами
gameplay:GameplayStrings_ProcGen:1114:Achievements,GameplayStrings_ProcGen,1114,Выиграй X матчей в Охоте за сокровищами.
gameplay:GameplayStrings_ProcGen:1115:PUB_Ready,GameplayStrings_ProcGen,1115,ГОТОВ!
gameplay:GameplayStrings_ProcGen:1116:TTT_Tutorial,GameplayStrings_ProcGen,1116,"Победи, собрав три в ряд или набрав больше всех самоцветов на поле."
gameplay:GameplayStrings_ProcGen:1117:titlemenu_ToP_String,GameplayStrings_ProcGen,1117,Обновление установлено!
gameplay:GameplayStrings_ProcGen:1118:CantPassItem,GameplayStrings_ProcGen,1118,"Извини, найди себе свой."
