segment_id,asset_name,target_asset_es,cue_number,translation_ru
subtitle:Allie_MSC_Angry_Alt_:1,Allie_MSC_Angry_Alt_,Allie_MSC_Angry_Alt__es,1,[ПРОФЕССОР БОНИЛЬЯ] *Рычит*
subtitle:Allie_MSC_Annoyed:1,Allie_MSC_Annoyed,Allie_MSC_Annoyed_es,1,[ПРОФЕССОР БОНИЛЬЯ] *Раздражённо рычит*
subtitle:Allie_MSC_Bored:1,Allie_MSC_Bored,Allie_MSC_Bored_es,1,[ПРОФЕССОР БОНИЛЬЯ] *Вздыхает от скуки*
subtitle:Allie_MSC_Bye_Alt1:1,Allie_MSC_Bye_Alt1,Allie_MSC_Bye_Alt1_es,1,[ПРОФЕССОР БОНИЛЬЯ] Чао.
subtitle:Allie_MSC_Chuckle_Alt2:1,Allie_MSC_Chuckle_Alt2,Allie_MSC_Chuckle_Alt2_es,1,[ПРОФЕССОР БОНИЛЬЯ] *Хихикает*
subtitle:Allie_MSC_Confused_Alt2:1,Allie_MSC_Confused_Alt2,Allie_MSC_Confused_Alt2_es,1,[ПРОФЕССОР БОНИЛЬЯ] *Озадаченно хмыкает*
subtitle:Allie_MSC_Defiant:1,Allie_MSC_Defiant,Allie_MSC_Defiant_es,1,[ПРОФЕССОР БОНИЛЬЯ] *Вызывающе фыркает*
subtitle:Allie_MSC_Determined:1,Allie_MSC_Determined,Allie_MSC_Determined_es,1,[ПРОФЕССОР БОНИЛЬЯ] *Решительно фыркает*
subtitle:Allie_MSC_Dismayed_Alt1:1,Allie_MSC_Dismayed_Alt1,Allie_MSC_Dismayed_Alt1_es,1,[ПРОФЕССОР БОНИЛЬЯ] *Ужасается*
subtitle:Allie_MSC_Dismissive_Alt2:1,Allie_MSC_Dismissive_Alt2,Allie_MSC_Dismissive_Alt2_es,1,[ПРОФЕССОР БОНИЛЬЯ] *Пренебрежительно фыркает*
subtitle:Allie_MSC_Gasp:1,Allie_MSC_Gasp,Allie_MSC_Gasp_es,1,[ПРОФЕССОР БОНИЛЬЯ] *Ахает*
subtitle:Allie_MSC_Happy_Alt1:1,Allie_MSC_Happy_Alt1,Allie_MSC_Happy_Alt1_es,1,[ПРОФЕССОР БОНИЛЬЯ] *Радостно хмыкает*
subtitle:Allie_MSC_Horrified:1,Allie_MSC_Horrified,Allie_MSC_Horrified_es,1,[ПРОФЕССОР БОНИЛЬЯ] *Ужасается*
subtitle:Allie_MSC_Hurt_Alt:1,Allie_MSC_Hurt_Alt,Allie_MSC_Hurt_Alt_es,1,[ПРОФЕССОР БОНИЛЬЯ] *Стонет от боли*
subtitle:Allie_MSC_Inquisitive_Alt1:1,Allie_MSC_Inquisitive_Alt1,Allie_MSC_Inquisitive_Alt1_es,1,[ПРОФЕССОР БОНИЛЬЯ] *Вопросительно хмыкает*
subtitle:Allie_MSC_Investigative_Alt2:1,Allie_MSC_Investigative_Alt2,Allie_MSC_Investigative_Alt2_es,1,[ПРОФЕССОР БОНИЛЬЯ] *Заинтересованно хмыкает*
subtitle:Allie_MSC_Laugh_Alt:1,Allie_MSC_Laugh_Alt,Allie_MSC_Laugh_Alt_es,1,[ПРОФЕССОР БОНИЛЬЯ] *Смеётся*
subtitle:Allie_MSC_Namaste:1,Allie_MSC_Namaste,Allie_MSC_Namaste_es,1,[ПРОФЕССОР БОНИЛЬЯ] Намасте.
subtitle:Allie_MSC_OhHello_Alt:1,Allie_MSC_OhHello_Alt,Allie_MSC_OhHello_Alt_es,1,[ПРОФЕССОР БОНИЛЬЯ] Ола!
subtitle:Allie_MSC_Panicked:1,Allie_MSC_Panicked,Allie_MSC_Panicked_es,1,[ПРОФЕССОР БОНИЛЬЯ] *Паникует*
subtitle:Allie_MSC_Proud_Alt:1,Allie_MSC_Proud_Alt,Allie_MSC_Proud_Alt_es,1,[ПРОФЕССОР БОНИЛЬЯ] *Гордо фыркает*
subtitle:Allie_MSC_Scared_Alt2:1,Allie_MSC_Scared_Alt2,Allie_MSC_Scared_Alt2_es,1,"[ПРОФЕССОР БОНИЛЬЯ] Ай, боже мой!"
subtitle:Allie_MSC_Shocked:1,Allie_MSC_Shocked,Allie_MSC_Shocked_es,1,[ПРОФЕССОР БОНИЛЬЯ] *Удивляется*
subtitle:Allie_MSC_Surprised:1,Allie_MSC_Surprised,Allie_MSC_Surprised_es,1,[ПРОФЕССОР БОНИЛЬЯ] *Удивляется*
subtitle:Allie_MSC_Upset_Alt:1,Allie_MSC_Upset_Alt,Allie_MSC_Upset_Alt_es,1,[ПРОФЕССОР БОНИЛЬЯ] *Грустит*
subtitle:Allie_POT_BetterKeepAir:1,Allie_POT_BetterKeepAir,Allie_POT_BetterKeepAir_es,1,[ПРОФЕССОР БОНИЛЬЯ] Лучше бы воздух не застаивался!
subtitle:Allie_POT_CupOfTea:1,Allie_POT_CupOfTea,Allie_POT_CupOfTea_es,1,[АЛЛИ] Чашка чая решает любые проблемы.
subtitle:Allie_POT_DoneWithPots:1,Allie_POT_DoneWithPots,Allie_POT_DoneWithPots_es,1,"[ПРОФЕССОР БОНИЛЬЯ] Ничего страшного, я и так с этими горшками закончила."
subtitle:Allie_POT_FanMalfunction:1,Allie_POT_FanMalfunction,Allie_POT_FanMalfunction_es,1,[ГОЛОС ВЕНТИЛЯТОРА] Сбой в работе вентилятора.
subtitle:Allie_POT_FinallyPerfectTemperature:1,Allie_POT_FinallyPerfectTemperature,Allie_POT_FinallyPerfectTemperature_es,1,[ПРОФЕССОР БОНИЛЬЯ] Наконец-то! Идеальная температура!
subtitle:Allie_POT_FirstRuleBotany:1,Allie_POT_FirstRuleBotany,Allie_POT_FirstRuleBotany_es,1,[ПРОФЕССОР БОНИЛЬЯ] Первое правило ботаники: держи бензопилу поближе к сердцу.
subtitle:Allie_POT_FlowerArrangementsGive:1,Allie_POT_FlowerArrangementsGive,Allie_POT_FlowerArrangementsGive_es,1,[ПРОФЕССОР БОНИЛЬЯ] Цветочные композиции у меня всегда вызывают мурашки.
subtitle:Allie_POT_GettingHotterPlants:1,Allie_POT_GettingHotterPlants,Allie_POT_GettingHotterPlants_es,1,[ПРОФЕССОР БОНИЛЬЯ] Становится жарче! Мои растения в восторге!
subtitle:Allie_POT_HopeYoureWarmed:1,Allie_POT_HopeYoureWarmed,Allie_POT_HopeYoureWarmed_es,1,"[ПРОФЕССОР БОНИЛЬЯ] Надеюсь, ты разогрелся! Если нет, скоро будет жарко!"
subtitle:Allie_POT_LookingForThat:1,Allie_POT_LookingForThat,Allie_POT_LookingForThat_es,1,[ПРОФЕССОР БОНИЛЬЯ] Ой! Я так долго это искала!
subtitle:Allie_POT_NearlyBoiling:1,Allie_POT_NearlyBoiling,Allie_POT_NearlyBoiling_es,1,[ПРОФЕССОР БОНИЛЬЯ] Ох! Там уже почти кипит!
subtitle:Allie_POT_NotBigFan:1,Allie_POT_NotBigFan,Allie_POT_NotBigFan_es,1,"[ПРОФЕССОР БОНИЛЬЯ] Ох, мне это не по душе!"
subtitle:Allie_POT_WakeUpTeaPlants:1,Allie_POT_WakeUpTeaPlants,Allie_POT_WakeUpTeaPlants_es,1,"[ПРОФЕССОР БОНИЛЬЯ] Просыпайтесь, маленькие чайные кусты! Время для ванны!"
subtitle:Allie_POT_YouCaughtMe:1,Allie_POT_YouCaughtMe,Allie_POT_YouCaughtMe_es,1,[ПРОФЕССОР БОНИЛЬЯ] Попадись. Я до сих пор обожаю запах бензина.
subtitle:Allie_TNT_AlwaysKnewHow_Alt:1,Allie_TNT_AlwaysKnewHow_Alt,Allie_TNT_AlwaysKnewHow_Alt_es,1,[ПРОФЕССОР БОНИЛЬЯ] Я всегда умела их делать.
subtitle:Allie_TNT_BeepBeep:1,Allie_TNT_BeepBeep,Allie_TNT_BeepBeep_es,1,[ПРОФЕССОР БОНИЛЬЯ] Бип-бип!
subtitle:Allie_TNT_BonillasBoquetsBest:1,Allie_TNT_BonillasBoquetsBest,Allie_TNT_BonillasBoquetsBest_es,1,[ПРОФЕССОР БОНИЛЬЯ] Букеты Бонилья — лучшие в городе!
subtitle:Allie_TNT_CrackingOpenBriefcase:1,Allie_TNT_CrackingOpenBriefcase,Allie_TNT_CrackingOpenBriefcase_es,1,[ПРОФЕССОР БОНИЛЬЯ] Взломать бомбу в кейсе — это как выпить хороший кофе.
subtitle:Allie_TNT_CrackingOpenBriefcase:2,Allie_TNT_CrackingOpenBriefcase,Allie_TNT_CrackingOpenBriefcase_es,2,Но теперь я пью только чай.
subtitle:Allie_TNT_FieryHellscapesJust:1,Allie_TNT_FieryHellscapesJust,Allie_TNT_FieryHellscapesJust_es,1,"[ПРОФЕССОР БОНИЛЬЯ] Огненные преисподние просто... не так интересны, как прорастание."
subtitle:Allie_TNT_GetToBunker:1,Allie_TNT_GetToBunker,Allie_TNT_GetToBunker_es,1,"[ПРОФЕССОР БОНИЛЬЯ] Ладно, мне лучше спрятаться в бункере."
subtitle:Allie_TNT_IReallyHope:1,Allie_TNT_IReallyHope,Allie_TNT_IReallyHope_es,1,"[ПРОФЕССОР БОНИЛЬЯ] Я очень надеюсь, что ты сможешь обезвредить эту штуку. Было бы обидно потерять площадь..."
subtitle:Allie_TNT_RememberFirstBomb:1,Allie_TNT_RememberFirstBomb,Allie_TNT_RememberFirstBomb_es,1,[ПРОФЕССОР БОНИЛЬЯ] Помню свою первую бомбу. Она сровняла мой гараж с землёй.
subtitle:Allie_TNT_RussianBombParts:1,Allie_TNT_RussianBombParts,Allie_TNT_RussianBombParts_es,1,"[ПРОФЕССОР БОНИЛЬЯ] Русские детали дешевле, но, с другой стороны, менее безопасны."
subtitle:Allie_TNT_ThatTruckSemi_Alt:1,Allie_TNT_ThatTruckSemi_Alt,Allie_TNT_ThatTruckSemi_Alt_es,1,[ПРОФЕССОР БОНИЛЬЯ] Этот грузовик сам виноват.
subtitle:Allie_TNT_WeDidntExplode:1,Allie_TNT_WeDidntExplode,Allie_TNT_WeDidntExplode_es,1,[ПРОФЕССОР БОНИЛЬЯ] Мы не взорвались! Я за нас рада.
subtitle:Allie_TNT_WelcomeToTent:1,Allie_TNT_WelcomeToTent,Allie_TNT_WelcomeToTent_es,1,[ПРОФЕССОР БОНИЛЬЯ] Добро пожаловать в Палатку покоя.
subtitle:Allie_TNT_YouKnowWhat:1,Allie_TNT_YouKnowWhat,Allie_TNT_YouKnowWhat_es,1,"[ПРОФЕССОР БОНИЛЬЯ] Знаешь, что мне нравится в ботанике? Там нет лишних проводов."
subtitle:Barfomatic_1:1,Barfomatic_1,Barfomatic_1_es,1,*Тошнит*
subtitle:Barfomatic_2:1,Barfomatic_2,Barfomatic_2_es,1,*Тошнит*
subtitle:Barfomatic_3:1,Barfomatic_3,Barfomatic_3_es,1,*Тошнит*
subtitle:BoxGuy_TDA_DontWorryFine:1,BoxGuy_TDA_DontWorryFine,BoxGuy_TDA_DontWorryFine_es,1,"[ЧЕЛОВЕК В КОРОБКЕ] Не волнуйтесь, мне тут хорошо... правда!"
subtitle:BoxGuy_TDA_EggSalad:1,BoxGuy_TDA_EggSalad,BoxGuy_TDA_EggSalad_es,1,"[ЧЕЛОВЕК В КОРОБКЕ] Хорошо, что я прихватил с собой этот салат из яиц."
subtitle:BoxGuy_TDA_ItsCool:1,BoxGuy_TDA_ItsCool,BoxGuy_TDA_ItsCool_es,1,"[ЧЕЛОВЕК В КОРОБКЕ] Всё в порядке, можете выпустить меня завтра."
subtitle:BoxGuy_TDA_NotTooDiffApartment:1,BoxGuy_TDA_NotTooDiffApartment,BoxGuy_TDA_NotTooDiffApartment_es,1,"[ЧЕЛОВЕК В КОРОБКЕ] Знаете, тут почти как в моей квартире."
subtitle:BoxGuy_TDA_SmallerThanExpected:1,BoxGuy_TDA_SmallerThanExpected,BoxGuy_TDA_SmallerThanExpected_es,1,"[ЧЕЛОВЕК В КОРОБКЕ] Студия шоумена оказалась меньше, чем я ожидал."
subtitle:BoxGuy_TDA_ToPeeOrNot:1,BoxGuy_TDA_ToPeeOrNot,BoxGuy_TDA_ToPeeOrNot_es,1,"[ЧЕЛОВЕК В КОРОБКЕ] Сходить в туалет или нет, вот в чём вопрос."
subtitle:CampusPolice_HMO_YouveReachedThe:1,CampusPolice_HMO_YouveReachedThe,CampusPolice_HMO_YouveReachedThe_es,1,*Звонит телефон*
subtitle:CampusPolice_HMO_YouveReachedThe:2,CampusPolice_HMO_YouveReachedThe,CampusPolice_HMO_YouveReachedThe_es,2,[ПОЛИЦИЯ КАМПУСА] Вы позвонили в полицию кампуса. Все наши сотрудники ушли на обед.
subtitle:CampusPolice_HMO_YouveReachedThe:3,CampusPolice_HMO_YouveReachedThe,CampusPolice_HMO_YouveReachedThe_es,3,Удачи с вашей чрезвычайной ситуацией!
subtitle:CampusPolice_HMO_YouveReachedThe:4,CampusPolice_HMO_YouveReachedThe,CampusPolice_HMO_YouveReachedThe_es,4,*Кладёт трубку*
subtitle:Chef_SPY_BackInOrder:1,Chef_SPY_BackInOrder,Chef_SPY_BackInOrder_es,1,[ПОВАР КЭЛЛИОН] Давайте наведём порядок.
subtitle:Chef_SPY_BoilOver:1,Chef_SPY_BoilOver,Chef_SPY_BoilOver_es,1,[ПОВАР КЭЛЛИОН] Всё вот-вот закипит.
subtitle:Chef_SPY_DeservedIt:1,Chef_SPY_DeservedIt,Chef_SPY_DeservedIt_es,1,[ПОВАР КЭЛЛИОН] Ты это заслужил!!
subtitle:Chef_SPY_NotMakingSense:1,Chef_SPY_NotMakingSense,Chef_SPY_NotMakingSense_es,1,[ПОВАР КЭЛЛИОН] Вы несёте полную чушь!
subtitle:Chef_SPY_OldFool:1,Chef_SPY_OldFool,Chef_SPY_OldFool_es,1,"[ПОВАР КЭЛЛИОН] Не могу, старый дурак! Всё уже перегружено!"
subtitle:Chef_SPY_OutrageLoyal:1,Chef_SPY_OutrageLoyal,Chef_SPY_OutrageLoyal_es,1,[ПОВАР КЭЛЛИОН] Это скандал! Я ведь всегда был предан!
subtitle:Chef_SPY_YouCant:1,Chef_SPY_YouCant,Chef_SPY_YouCant_es,1,[ПОВАР КЭЛЛИОН] Не могу!!
subtitle:Chef_SPY_YouCant_Alt1:1,Chef_SPY_YouCant_Alt1,Chef_SPY_YouCant_Alt1_es,1,[ПОВАР КЭЛЛИОН] Не могу!!
subtitle:Chef_YUM_CarefulWithThing:1,Chef_YUM_CarefulWithThing,Chef_YUM_CarefulWithThing_es,1,[ПОВАР КЭЛЛИОН] Аккуратнее с этим — оно единственное в своём роде!
subtitle:Chef_YUM_Doesn_tTasteAntidote:1,Chef_YUM_Doesn_tTasteAntidote,Chef_YUM_Doesn_tTasteAntidote_es,1,[ПОВАР КЭЛЛИОН] Это совсем не на вкус как антидот — хрк..!
subtitle:Chef_YUM_Doesn_tTasteAntidote_Alt1:1,Chef_YUM_Doesn_tTasteAntidote_Alt1,Chef_YUM_Doesn_tTasteAntidote_Alt1_es,1,[ПОВАР КЭЛЛИОН] Это совсем не на вкус как антидот. Хрк..!
subtitle:Chef_YUM_Doesn_tTasteAntidote_Alt2:1,Chef_YUM_Doesn_tTasteAntidote_Alt2,Chef_YUM_Doesn_tTasteAntidote_Alt2_es,1,[ПОВАР КЭЛЛИОН] Это совсем не на вкус как антидот. Хрк..!
subtitle:Chef_YUM_DontBeefIt:1,Chef_YUM_DontBeefIt,Chef_YUM_DontBeefIt_es,1,[ПОВАР КЭЛЛИОН] Не порть всё там. Этот обед был создан для совершенства!
subtitle:Chef_YUM_KitchenSecondSemester:1,Chef_YUM_KitchenSecondSemester,Chef_YUM_KitchenSecondSemester_es,1,[ПОВАР КЭЛЛИОН] Обычно я не пускаю студентов на кухню до второго семестра..!
subtitle:Chef_YUM_LunchTouch:1,Chef_YUM_LunchTouch,Chef_YUM_LunchTouch_es,1,"[ПОВАР КЭЛЛИОН] Я мог бы это предвидеть, Горацио. Не каждый обладает «даром обеда»."
subtitle:Chef_YUM_LunchTouch_Alt1:1,Chef_YUM_LunchTouch_Alt1,Chef_YUM_LunchTouch_Alt1_es,1,"[ПОВАР КЭЛЛИОН] Я мог бы это предвидеть, Горацио. Не каждый обладает «даром обеда»."
subtitle:Chef_YUM_MuckUpKitchen:1,Chef_YUM_MuckUpKitchen,Chef_YUM_MuckUpKitchen_es,1,"[ПОВАР КЭЛЛИОН] Не уверен, что мне это нравится... Пожалуйста, не устраивайте беспорядок на моей кухне!"
subtitle:Chef_YUM_MysteryMeat:1,Chef_YUM_MysteryMeat,Chef_YUM_MysteryMeat_es,1,"[ПОВАР КЭЛЛИОН] Клянусь, мясо не такое загадочное, как может показаться по упаковке..."
subtitle:Chef_YUM_NoTouching:1,Chef_YUM_NoTouching,Chef_YUM_NoTouching_es,1,"[ПОВАР КЭЛЛИОН] Просто не трогайте там ничего лишнего, хорошо?"
subtitle:Chef_YUM_NotComfortable:1,Chef_YUM_NotComfortable,Chef_YUM_NotComfortable_es,1,[ПОВАР КЭЛЛИОН] Я всё ещё не вполне в этом уверен.
subtitle:Chef_YUM_PromiseComeBack:1,Chef_YUM_PromiseComeBack,Chef_YUM_PromiseComeBack_es,1,[ПОВАР КЭЛЛИОН] Обещаешь... хрк..!... что вернёшься..!
subtitle:Chef_YUM_SoupChef:1,Chef_YUM_SoupChef,Chef_YUM_SoupChef_es,1,"[ПОВАР КЭЛЛИОН] Ну, тут я тебе признаю... из тебя мог бы получиться отличный шеф-повар супов."
subtitle:Chef_YUM_SoupChef_Alt1:1,Chef_YUM_SoupChef_Alt1,Chef_YUM_SoupChef_Alt1_es,1,"[ПОВАР КЭЛЛИОН] Ну, тут я тебе признаю... из тебя мог бы получиться отличный шеф-повар супов."
subtitle:Chef_YUM_ThankDessert:1,Chef_YUM_ThankDessert,Chef_YUM_ThankDessert_es,1,[ПОВАР КЭЛЛИОН] Слава... богу... что... есть... десерт...
subtitle:Chef_YUM_WatchBlades:1,Chef_YUM_WatchBlades,Chef_YUM_WatchBlades_es,1,[ПОВАР КЭЛЛИОН] Осторожнее с лезвиями! Кичетрон не предназначен для детских рук!
subtitle:Coach_DIG_AllergicHumanRemains:1,Coach_DIG_AllergicHumanRemains,Coach_DIG_AllergicHumanRemains_es,1,"[ТРЕНЕР ЙОАЧ] Надеюсь, у кого-то нет аллергии на человеческие останки!"
subtitle:Coach_DIG_BodiedByBlue:1,Coach_DIG_BodiedByBlue,Coach_DIG_BodiedByBlue_es,1,"[ТРЕНЕР ЙОАЧ] Красная команда, что случилось? Вас же там разнесли синие!"
subtitle:Coach_DIG_BringBackHeiro:1,Coach_DIG_BringBackHeiro,Coach_DIG_BringBackHeiro_es,1,[ТРЕНЕР ЙОАЧ] Надо бы вернуть иероглифы в моду.
subtitle:Coach_DIG_CarbonDatingScene:1,Coach_DIG_CarbonDatingScene,Coach_DIG_CarbonDatingScene_es,1,[ТРЕНЕР ЙОАЧ] С такими решениями вы станете хитом на сцене радиоуглеродного датирования!
subtitle:Coach_DIG_ChisledShorterTablet:1,Coach_DIG_ChisledShorterTablet,Coach_DIG_ChisledShorterTablet_es,1,"[ТРЕНЕР ЙОАЧ] Если бы у меня было больше времени, я бы высекла более короткую табличку!"
subtitle:Coach_DIG_CryinMummy:1,Coach_DIG_CryinMummy,Coach_DIG_CryinMummy_es,1,"[ТРЕНЕР ЙОАЧ] О, да! Отправьте эту головоломку плакать к маме!"
subtitle:Coach_DIG_DigginAroundDirt:1,Coach_DIG_DigginAroundDirt,Coach_DIG_DigginAroundDirt_es,1,[ТРЕНЕР ЙОАЧ] Не тратьте слишком много времени на ковыряние в земле.
subtitle:Coach_DIG_GetUnderSurface:1,Coach_DIG_GetUnderSurface,Coach_DIG_GetUnderSurface_es,1,[ТРЕНЕР ЙОАЧ] Вот это да! По-настоящему копайте под поверхность!
subtitle:Coach_DIG_HEIRO-GLYPHIC:1,Coach_DIG_HEIRO-GLYPHIC,Coach_DIG_HEIRO-GLYPHIC_es,1,[ТРЕНЕР ЙОАЧ] ИЕРО-ГЛИФИЧЕСКИЙ!
subtitle:Coach_DIG_HereLiesRed:1,Coach_DIG_HereLiesRed,Coach_DIG_HereLiesRed_es,1,[ТРЕНЕР ЙОАЧ] Здесь покоится Красная команда — отправлена на раннюю могилу Синими!
subtitle:Coach_DIG_LeftInDust:1,Coach_DIG_LeftInDust,Coach_DIG_LeftInDust_es,1,"[ТРЕНЕР ЙОАЧ] Аккуратнее там... не хочу, чтобы нас оставили в пыли!"
subtitle:Coach_DIG_MatchIsHistory:1,Coach_DIG_MatchIsHistory,Coach_DIG_MatchIsHistory_es,1,[ТРЕНЕР ЙОАЧ] И матч стал историей!
subtitle:Coach_DIG_RedEroded:1,Coach_DIG_RedEroded,Coach_DIG_RedEroded_es,1,"[ТРЕНЕР ЙОАЧ] Давай, Красные! Вы просто вытравили уверенность соперника!"
subtitle:Coach_DIG_TreatGraveLikeYourGrave:1,Coach_DIG_TreatGraveLikeYourGrave,Coach_DIG_TreatGraveLikeYourGrave_es,1,"[ТРЕНЕР ЙОАЧ] Не забывайте, это гробница, так что, э-э..."
subtitle:Coach_DIG_TreatGraveLikeYourGrave:2,Coach_DIG_TreatGraveLikeYourGrave,Coach_DIG_TreatGraveLikeYourGrave_es,2,"относитесь к этой могиле так, как хотели бы, чтобы относились к вашей!"
subtitle:Coach_DIG_UnearthWin:1,Coach_DIG_UnearthWin,Coach_DIG_UnearthWin_es,1,"[ТРЕНЕР ЙОАЧ] Посмотрим, кто из вас способен выкопать победу!"
subtitle:Coach_DIG_VictoryBlueMirage:1,Coach_DIG_VictoryBlueMirage,Coach_DIG_VictoryBlueMirage_es,1,"[ТРЕНЕР ЙОАЧ] О-о! Похоже, победа Синей команды была всего лишь миражом!"
subtitle:Coach_MSC_BLAMMY:1,Coach_MSC_BLAMMY,Coach_MSC_BLAMMY_es,1,[ТРЕНЕР ЙОАЧ] БЛЭМ!
subtitle:Coach_PGG_AldousHuxley:1,Coach_PGG_AldousHuxley,Coach_PGG_AldousHuxley_es,1,[ТРЕНЕР ЙОАЧ] Осознай дверь! Стань дверью! Пройди сквозь неё!!
subtitle:Coach_PGG_AlmostScreen:1,Coach_PGG_AlmostScreen,Coach_PGG_AlmostScreen_es,1,"[ТРЕНЕР ЙОАЧ] Я так счастлив, что готов лопнуть!!!"
subtitle:Coach_PGG_AlmostThereRed:1,Coach_PGG_AlmostThereRed,Coach_PGG_AlmostThereRed_es,1,"[ТРЕНЕР ЙОАЧ] Почти готово, Красные. Осталось решить всего пару головоломок!"
subtitle:Coach_PGG_AssessSolveRepeat:1,Coach_PGG_AssessSolveRepeat,Coach_PGG_AssessSolveRepeat_es,1,[ТРЕНЕР ЙОАЧ] Оцени. Реши. Повтори!
subtitle:Coach_PGG_AtrophyATrophy:1,Coach_PGG_AtrophyATrophy,Coach_PGG_AtrophyATrophy_es,1,[ТРЕНЕР ЙОАЧ] Диванная картошка: атрофия! Решения головоломок: трофей!
subtitle:Coach_PGG_BigBlindSpot:1,Coach_PGG_BigBlindSpot,Coach_PGG_BigBlindSpot_es,1,"[ТРЕНЕР ЙОАЧ] Вау, какой огромный слепой угол!"
subtitle:Coach_PGG_Bingo:1,Coach_PGG_Bingo,Coach_PGG_Bingo_es,1,[ТРЕНЕР ЙОАЧ] БИНГО!!
subtitle:Coach_PGG_BrandNewToy:1,Coach_PGG_BrandNewToy,Coach_PGG_BrandNewToy_es,1,[ТРЕНЕР ЙОАЧ] Нашли себе новую игрушку??
subtitle:Coach_PGG_BreachClear:1,Coach_PGG_BreachClear,Coach_PGG_BreachClear_es,1,[ТРЕНЕР ЙОАЧ] Пробей и зачисти!!
subtitle:Coach_PGG_ButtressBookshelf:1,Coach_PGG_ButtressBookshelf,Coach_PGG_ButtressBookshelf_es,1,"[ТРЕНЕР ЙОАЧ] Лучше подкрепите свою полку, Синие, потому что эти трофеи весят тонну!"
subtitle:Coach_PGG_CabinetFullofEm:1,Coach_PGG_CabinetFullofEm,Coach_PGG_CabinetFullofEm_es,1,"[ТРЕНЕР ЙОАЧ] Если тебе нравится этот трофей, Красный, подожди, пока у тебя не будет шкаф, полный таких!"
subtitle:Coach_PGG_ClockWinPractice:1,Coach_PGG_ClockWinPractice,Coach_PGG_ClockWinPractice_es,1,"[ТРЕНЕР ЙОАЧ] Не говори мне, что ты позволишь часам победить просто потому, что это тренировка!!"
subtitle:Coach_PGG_CoachOfYear:1,Coach_PGG_CoachOfYear,Coach_PGG_CoachOfYear_es,1,"[ТРЕНЕР ЙОАЧ] Ха-ха-а! Тренер года, я иду!"
subtitle:Coach_PGG_ColorMeCoach:1,Coach_PGG_ColorMeCoach,Coach_PGG_ColorMeCoach_es,1,"[ТРЕНЕР ЙОАЧ] Раскрасьте меня, тренер! Вы просто рветесь вперёд!"
subtitle:Coach_PGG_Computerino:1,Coach_PGG_Computerino,Coach_PGG_Computerino_es,1,[ТРЕНЕР ЙОАЧ] Компьютерино!
subtitle:Coach_PGG_Cost30Bucks:1,Coach_PGG_Cost30Bucks,Coach_PGG_Cost30Bucks_es,1,"[ТРЕНЕР ЙОАЧ] Если хочешь это оставить, это будет стоить тридцать баксов!"
subtitle:Coach_PGG_CountdownToPowertown:1,Coach_PGG_CountdownToPowertown,Coach_PGG_CountdownToPowertown_es,1,[ТРЕНЕР ЙОАЧ] Это обратный отсчёт до города силы!!
subtitle:Coach_PGG_CourseCurators:1,Coach_PGG_CourseCurators,Coach_PGG_CourseCurators_es,1,[ТРЕНЕР ЙОАЧ] Как эта головоломка прошла мимо кураторов курса??
subtitle:Coach_PGG_DiceChocolateBox:1,Coach_PGG_DiceChocolateBox,Coach_PGG_DiceChocolateBox_es,1,[ТРЕНЕР ЙОАЧ] Пора бросить кости на эту шоколадную коробку!
subtitle:Coach_PGG_DictionaryGotNothing:1,Coach_PGG_DictionaryGotNothing,Coach_PGG_DictionaryGotNothing_es,1,"[ТРЕНЕР ЙОАЧ] Словарь не знает о тебе ничего, малыш!"
subtitle:Coach_PGG_DontGoHead:1,Coach_PGG_DontGoHead,Coach_PGG_DontGoHead_es,1,[ТРЕНЕР ЙОАЧ] Не дай этому зайти тебе в голову. Сосредоточься.
subtitle:Coach_PGG_DontStop:1,Coach_PGG_DontStop,Coach_PGG_DontStop_es,1,[ТРЕНЕР ЙОАЧ] Не останавливайся ни на что!!
subtitle:Coach_PGG_DoorNumberOne:1,Coach_PGG_DoorNumberOne,Coach_PGG_DoorNumberOne_es,1,[ТРЕНЕР ЙОАЧ] Что за дверью номер один? Это вы!!
subtitle:Coach_PGG_Doorbuster:1,Coach_PGG_Doorbuster,Coach_PGG_Doorbuster_es,1,[ТРЕНЕР ЙОАЧ] Да! Поэтому мы называем их разрушителями дверей!
subtitle:Coach_PGG_ExclamationSetBack:1,Coach_PGG_ExclamationSetBack,Coach_PGG_ExclamationSetBack_es,1,"[ТРЕНЕР ЙОАЧ] Восклицание, это откат!"
subtitle:Coach_PGG_FindStuff:1,Coach_PGG_FindStuff,Coach_PGG_FindStuff_es,1,[ТРЕНЕР ЙОАЧ] Идите туда и найдите вещи!
subtitle:Coach_PGG_FirstFinishTrophy:1,Coach_PGG_FirstFinishTrophy,Coach_PGG_FirstFinishTrophy_es,1,"[ТРЕНЕР ЙОАЧ] Первый, кто финиширует, забирает трофей!"
subtitle:Coach_PGG_FlippingOut:1,Coach_PGG_FlippingOut,Coach_PGG_FlippingOut_es,1,[ТРЕНЕР ЙОАЧ] Я схожу с ума!!
subtitle:Coach_PGG_GemBackstab:1,Coach_PGG_GemBackstab,Coach_PGG_GemBackstab_es,1,"[ТРЕНЕР ЙОАЧ] Тебе нравится этот камень, но подожди, пока он не ударит тебя в спину!"
subtitle:Coach_PGG_GeminyGemGem:1,Coach_PGG_GeminyGemGem,Coach_PGG_GeminyGemGem_es,1,"[ТРЕНЕР ЙОАЧ] Камень, камешек, камень, камушек!"
subtitle:Coach_PGG_GoodBoardRed:1,Coach_PGG_GoodBoardRed,Coach_PGG_GoodBoardRed_es,1,"[ТРЕНЕР ЙОАЧ] Хорошее расположение на доске, команда Красных!"
subtitle:Coach_PGG_GoodHustle:1,Coach_PGG_GoodHustle,Coach_PGG_GoodHustle_es,1,"[ТРЕНЕР ЙОАЧ] Отличная работа, отличная работа!!"
subtitle:Coach_PGG_GoodLuckTrophies:1,Coach_PGG_GoodLuckTrophies,Coach_PGG_GoodLuckTrophies_es,1,[ТРЕНЕР ЙОАЧ] Удачи в поиске этих трофеев! Я их очень хорошо спрятал!
subtitle:Coach_PGG_GoodSolve:1,Coach_PGG_GoodSolve,Coach_PGG_GoodSolve_es,1,"[ТРЕНЕР ЙОАЧ] Отличное решение, отличное решение!"
subtitle:Coach_PGG_GotItem:1,Coach_PGG_GotItem,Coach_PGG_GotItem_es,1,[ТРЕНЕР ЙОАЧ] Предмет получен!
subtitle:Coach_PGG_HalfwayRed:1,Coach_PGG_HalfwayRed,Coach_PGG_HalfwayRed_es,1,"[ТРЕНЕР ЙОАЧ] Ладно, половина пути пройдена, команда Красных!"
subtitle:Coach_PGG_HelpYourself:1,Coach_PGG_HelpYourself,Coach_PGG_HelpYourself_es,1,[ТРЕНЕР ЙОАЧ] Обслуживайте себя!
subtitle:Coach_PGG_HeresYoach:1,Coach_PGG_HeresYoach,Coach_PGG_HeresYoach_es,1,"[ТРЕНЕР ЙОАЧ] Вот и я, ЙОАААЧ!!"
subtitle:Coach_PGG_HopeDontEat:1,Coach_PGG_HopeDontEat,Coach_PGG_HopeDontEat_es,1,"[ТРЕНЕР ЙОАЧ] Боже, надеюсь, вам не придётся есть то, что там внутри!"
subtitle:Coach_PGG_HotDamn:1,Coach_PGG_HotDamn,Coach_PGG_HotDamn_es,1,[ТРЕНЕР ЙОАЧ] Чёрт возьми! Я не учил вас этому!
subtitle:Coach_PGG_HotTipBlue:1,Coach_PGG_HotTipBlue,Coach_PGG_HotTipBlue_es,1,"[ТРЕНЕР ЙОАЧ] Горячий совет, команда Синих — эти вещи продаются за большие деньги на чёрном рынке!"
subtitle:Coach_PGG_Hue-geSolve:1,Coach_PGG_Hue-geSolve,Coach_PGG_Hue-geSolve_es,1,[ТРЕНЕР ЙОАЧ] Это было колоссальное решение!
subtitle:Coach_PGG_HunterGatherer:1,Coach_PGG_HunterGatherer,Coach_PGG_HunterGatherer_es,1,"[ТРЕНЕР ЙОАЧ] Охотник... собиратель... если хочешь победить сегодня, ты должен быть обоими!"
subtitle:Coach_PGG_JustGemBelong:1,Coach_PGG_JustGemBelong,Coach_PGG_JustGemBelong_es,1,[ТРЕНЕР ЙОАЧ] Именно там этот камень и должен быть!
subtitle:Coach_PGG_KeepEnergyUpBlue:1,Coach_PGG_KeepEnergyUpBlue,Coach_PGG_KeepEnergyUpBlue_es,1,"[ТРЕНЕР ЙОАЧ] Сохраняйте эту энергию для второго тайма, команда Синих!"
subtitle:Coach_PGG_KnewCoachingPayoff:1,Coach_PGG_KnewCoachingPayoff,Coach_PGG_KnewCoachingPayoff_es,1,"[ТРЕНЕР ЙОАЧ] Я знал, что всё моё наставление окупится!"
subtitle:Coach_PGG_KnockKnock:1,Coach_PGG_KnockKnock,Coach_PGG_KnockKnock_es,1,[ТРЕНЕР ЙОАЧ] Тук-тук!!
subtitle:Coach_PGG_LastCallBuffet:1,Coach_PGG_LastCallBuffet,Coach_PGG_LastCallBuffet_es,1,"[ТРЕНЕР ЙОАЧ] Вы собираете трофеи, как будто это последний звонок в буфете, команда Синих!"
subtitle:Coach_PGG_LessWords:1,Coach_PGG_LessWords,Coach_PGG_LessWords_es,1,"[ТРЕНЕР ЙОАЧ] Меньше слов, больше игры!!!"
subtitle:Coach_PGG_LetHuntBegin:1,Coach_PGG_LetHuntBegin,Coach_PGG_LetHuntBegin_es,1,[ТРЕНЕР ЙОАЧ] Охота начинается!!
subtitle:Coach_PGG_LetsKeepMoving:1,Coach_PGG_LetsKeepMoving,Coach_PGG_LetsKeepMoving_es,1,"[ТРЕНЕР ЙОАЧ] Ладно, давайте двигаться дальше!!"
subtitle:Coach_PGG_Lever-ageYouNeeded:1,Coach_PGG_Lever-ageYouNeeded,Coach_PGG_Lever-ageYouNeeded_es,1,"[ТРЕНЕР ЙОАЧ] Это тот рычаг, который тебе был нужен!!"
subtitle:Coach_PGG_LockToMe:1,Coach_PGG_LockToMe,Coach_PGG_LockToMe_es,1,"[ТРЕНЕР ЙОАЧ] Запиши это, детка!"
subtitle:Coach_PGG_LongFace:1,Coach_PGG_LongFace,Coach_PGG_LongFace_es,1,[ТРЕНЕР ЙОАЧ] Почему такое длинное лицо?!
subtitle:Coach_PGG_LookieLookie:1,Coach_PGG_LookieLookie,Coach_PGG_LookieLookie_es,1,"[ТРЕНЕР ЙОАЧ] Посмотри-ка, посмотри-ка!"
subtitle:Coach_PGG_LoveGoodScavenge:1,Coach_PGG_LoveGoodScavenge,Coach_PGG_LoveGoodScavenge_es,1,[ТРЕНЕР ЙОАЧ] Я люблю хорошую охоту за сокровищами!!!
subtitle:Coach_PGG_LoveSmellEscape:1,Coach_PGG_LoveSmellEscape,Coach_PGG_LoveSmellEscape_es,1,[ТРЕНЕР ЙОАЧ] Я люблю запах гонки на побег по утрам!
subtitle:Coach_PGG_MeatLikeTrophies:1,Coach_PGG_MeatLikeTrophies,Coach_PGG_MeatLikeTrophies_es,1,"[ТРЕНЕР ЙОАЧ] Я люблю своё мясо, как люблю свои трофеи — кроваво-КРАСНЫМ!!!"
subtitle:Coach_PGG_MeeMaw:1,Coach_PGG_MeeMaw,Coach_PGG_MeeMaw_es,1,[ТРЕНЕР ЙОАЧ] Это не крестики-нолики твоей бабушки! Давай быстрее!
subtitle:Coach_PGG_MommasMantlepiece:1,Coach_PGG_MommasMantlepiece,Coach_PGG_MommasMantlepiece_es,1,[ТРЕНЕР ЙОАЧ] Эта штука будет отлично смотреться на каминной полке у мамы!
subtitle:Coach_PGG_MoveYaButts:1,Coach_PGG_MoveYaButts,Coach_PGG_MoveYaButts_es,1,"[ТРЕНЕР ЙОАЧ] Ну что, гении головоломок, за дело!"
subtitle:Coach_PGG_NotHumiliatingHat:1,Coach_PGG_NotHumiliatingHat,Coach_PGG_NotHumiliatingHat_es,1,[ТРЕНЕР ЙОАЧ] Только не шляпа позора!
subtitle:Coach_PGG_NotMakeEasier:1,Coach_PGG_NotMakeEasier,Coach_PGG_NotMakeEasier_es,1,[ТРЕНЕР ЙОАЧ] Это не сделает задачу легче!
subtitle:Coach_PGG_NumberOne:1,Coach_PGG_NumberOne,Coach_PGG_NumberOne_es,1,[ТРЕНЕР ЙОАЧ] Кто тут главный?!?
subtitle:Coach_PGG_OMy:1,Coach_PGG_OMy,Coach_PGG_OMy_es,1,[ТРЕНЕР ЙОАЧ] Ого!
subtitle:Coach_PGG_OnceInAGemeration:1,Coach_PGG_OnceInAGemeration,Coach_PGG_OnceInAGemeration_es,1,"[ТРЕНЕР ЙОАЧ] Это ход раз в поколение, Красные!"
subtitle:Coach_PGG_OneInSequence:1,Coach_PGG_OneInSequence,Coach_PGG_OneInSequence_es,1,[ТРЕНЕР ЙОАЧ] Просто один шаг в последовательности. Так держать!
subtitle:Coach_PGG_OofBetCount:1,Coach_PGG_OofBetCount,Coach_PGG_OofBetCount_es,1,"[ТРЕНЕР ЙОАЧ] Ой, ставлю, ты не ожидал такого!"
subtitle:Coach_PGG_PatternOnBack:1,Coach_PGG_PatternOnBack,Coach_PGG_PatternOnBack_es,1,[ТРЕНЕР ЙОАЧ] Дай себе похвалу за это!
subtitle:Coach_PGG_PenandPaper:1,Coach_PGG_PenandPaper,Coach_PGG_PenandPaper_es,1,[ТРЕНЕР ЙОАЧ] Ничего не сравнится с ручкой и бумагой... но вы точно обыграли экраны!
subtitle:Coach_PGG_PicturePuzzles:1,Coach_PGG_PicturePuzzles,Coach_PGG_PicturePuzzles_es,1,[ТРЕНЕР ЙОАЧ] Просто представьте все головоломки в нижнем белье!
subtitle:Coach_PGG_PolishGoodSpitBetter:1,Coach_PGG_PolishGoodSpitBetter,Coach_PGG_PolishGoodSpitBetter_es,1,"[ТРЕНЕР ЙОАЧ] Держи это в чистоте! Полировка — хорошо, слюна — лучше!"
subtitle:Coach_PGG_PowerBoxActivated:1,Coach_PGG_PowerBoxActivated,Coach_PGG_PowerBoxActivated_es,1,"[ТРЕНЕР ЙОАЧ] Похоже, коробка усиления активирована!!"
subtitle:Coach_PGG_PracticeEyeYou:1,Coach_PGG_PracticeEyeYou,Coach_PGG_PracticeEyeYou_es,1,[ТРЕНЕР ЙОАЧ] Это может быть просто тренировка... но я держу тебя на прицеле!!
subtitle:Coach_PGG_PracticePaddedRoom:1,Coach_PGG_PracticePaddedRoom,Coach_PGG_PracticePaddedRoom_es,1,"[ТРЕНЕР ЙОАЧ] Когда я был гением головоломок, тренировка означала просто запереть тебя в комнате с мягкими стенами!"
subtitle:Coach_PGG_PuzzleBoss:1,Coach_PGG_PuzzleBoss,Coach_PGG_PuzzleBoss_es,1,"[ТРЕНЕР ЙОАЧ] Покажи этой головоломке, кто тут босс!"
subtitle:Coach_PGG_PuzzleMovement:1,Coach_PGG_PuzzleMovement,Coach_PGG_PuzzleMovement_es,1,[ТРЕНЕР ЙОАЧ] Хорошее продвижение по головоломке! Используй инерцию.
subtitle:Coach_PGG_PuzzlePants:1,Coach_PGG_PuzzlePants,Coach_PGG_PuzzlePants_es,1,[ТРЕНЕР ЙОАЧ] Победитель получит новые штаны-головоломки... за счёт Соланж!
subtitle:Coach_PGG_PuzzlePooper:1,Coach_PGG_PuzzlePooper,Coach_PGG_PuzzlePooper_es,1,"[ТРЕНЕР ЙОАЧ] Последний, кто дойдёт до трофея, — неудачник!"
subtitle:Coach_PGG_PuzzlePracticePerfect:1,Coach_PGG_PuzzlePracticePerfect,Coach_PGG_PuzzlePracticePerfect_es,1,[ТРЕНЕР ЙОАЧ] Практика головоломок делает их совершенными!
subtitle:Coach_PGG_PuzzlesNumber:1,Coach_PGG_PuzzlesNumber,Coach_PGG_PuzzlesNumber_es,1,[ТРЕНЕР ЙОАЧ] Вы нашли слабое место этой головоломки!
subtitle:Coach_PGG_QuickerThanEscargot:1,Coach_PGG_QuickerThanEscargot,Coach_PGG_QuickerThanEscargot_es,1,"[ТРЕНЕР ЙОАЧ] Крестики-нолики, три в ряд! Лучше будь быстрее улитки!"
subtitle:Coach_PGG_RedBestPuzzlin:1,Coach_PGG_RedBestPuzzlin,Coach_PGG_RedBestPuzzlin_es,1,"[ТРЕНЕР ЙОАЧ] КРАСНЫЕ!!! Это одно из лучших решений головоломок, что я видел!!!"
subtitle:Coach_PGG_RedSpelledBackwards:1,Coach_PGG_RedSpelledBackwards,Coach_PGG_RedSpelledBackwards_es,1,[ТРЕНЕР ЙОАЧ] Красный задом наперёд — это трофей!
subtitle:Coach_PGG_RonnyReckless:1,Coach_PGG_RonnyReckless,Coach_PGG_RonnyReckless_es,1,"[ТРЕНЕР ЙОАЧ] Не волнуйся, немного практики никого не убивало! Ну, кроме Ронни Безрассудного..."
subtitle:Coach_PGG_RudeGoldberg:1,Coach_PGG_RudeGoldberg,Coach_PGG_RudeGoldberg_es,1,[ТРЕНЕР ЙОАЧ] Скорее грубый Голдберг!
subtitle:Coach_PGG_RunLikeIce:1,Coach_PGG_RunLikeIce,Coach_PGG_RunLikeIce_es,1,"[ТРЕНЕР ЙОАЧ] Беги! Беги, как будто догоняешь продавца мороженого!"
subtitle:Coach_PGG_SeeingColors:1,Coach_PGG_SeeingColors,Coach_PGG_SeeingColors_es,1,"[ТРЕНЕР ЙОАЧ] Меньше слов, больше игры!!! Уххх, я вижу цвета после этого!!"
subtitle:Coach_PGG_SetTablePower:1,Coach_PGG_SetTablePower,Coach_PGG_SetTablePower_es,1,"[ТРЕНЕР ЙОАЧ] Кто-то накрыл на стол, я чувствую, как готовится усиление!"
subtitle:Coach_PGG_SlowpokeStep:1,Coach_PGG_SlowpokeStep,Coach_PGG_SlowpokeStep_es,1,"[ТРЕНЕР ЙОАЧ] Эй, медляк, ты в что-то наступил?"
subtitle:Coach_PGG_SpeakingLanguage:1,Coach_PGG_SpeakingLanguage,Coach_PGG_SpeakingLanguage_es,1,[ТРЕНЕР ЙОАЧ] Теперь вы говорите на моём языке!
subtitle:Coach_PGG_StayAgile:1,Coach_PGG_StayAgile,Coach_PGG_StayAgile_es,1,[ТРЕНЕР ЙОАЧ] Оставайся подвижным. Двигайся!
subtitle:Coach_PGG_StayOnTargetBlue:1,Coach_PGG_StayOnTargetBlue,Coach_PGG_StayOnTargetBlue_es,1,"[ТРЕНЕР ЙОАЧ] Держи цель!! Вы близко, Синие!"
subtitle:Coach_PGG_StickyChump:1,Coach_PGG_StickyChump,Coach_PGG_StickyChump_es,1,"[ТРЕНЕР ЙОАЧ] Выглядит немного липко, дружище!"
subtitle:Coach_PGG_StimulatingStrat:1,Coach_PGG_StimulatingStrat,Coach_PGG_StimulatingStrat_es,1,[ТРЕНЕР ЙОАЧ] Пора для самой стимулирующей стратегической игры в мире... крестики-нолики!
subtitle:Coach_PGG_StrongLegBlue:1,Coach_PGG_StrongLegBlue,Coach_PGG_StrongLegBlue_es,1,"[ТРЕНЕР ЙОАЧ] Хороший старт, Синие!"
subtitle:Coach_PGG_StrongLegRed:1,Coach_PGG_StrongLegRed,Coach_PGG_StrongLegRed_es,1,"[ТРЕНЕР ЙОАЧ] Сильный первый этап, Красные!"
subtitle:Coach_PGG_SweetSweetGems:1,Coach_PGG_SweetSweetGems,Coach_PGG_SweetSweetGems_es,1,[ТРЕНЕР ЙОАЧ] Вот это да! Соедините три этих сладких драгоценных камня!
subtitle:Coach_PGG_TakethatMath:1,Coach_PGG_TakethatMath,Coach_PGG_TakethatMath_es,1,"[ТРЕНЕР ЙОАЧ] Возьми это, математика! Ха-ха-ха!"
subtitle:Coach_PGG_ThatsLikeSee:1,Coach_PGG_ThatsLikeSee,Coach_PGG_ThatsLikeSee_es,1,[ТРЕНЕР ЙОАЧ] Вот это мы любим видеть!
subtitle:Coach_PGG_ThatsWhyStretch:1,Coach_PGG_ThatsWhyStretch,Coach_PGG_ThatsWhyStretch_es,1,[ТРЕНЕР ЙОАЧ] И ПОЭТОМУ мы разминаемся и решаем задачи перед каждой игрой.
subtitle:Coach_PGG_ThereGoesBattle:1,Coach_PGG_ThereGoesBattle,Coach_PGG_ThereGoesBattle_es,1,[ТРЕНЕР ЙОАЧ] И битва окончена!!
subtitle:Coach_PGG_TicTacGo:1,Coach_PGG_TicTacGo,Coach_PGG_TicTacGo_es,1,"[ТРЕНЕР ЙОАЧ] Крестики-нолики, поехали!!"
subtitle:Coach_PGG_TicTactical:1,Coach_PGG_TicTactical,Coach_PGG_TicTactical_es,1,[ТРЕНЕР ЙОАЧ] Время действовать тактически!
subtitle:Coach_PGG_TightenLaces:1,Coach_PGG_TightenLaces,Coach_PGG_TightenLaces_es,1,"[ТРЕНЕР ЙОАЧ] Зажми шнурки, мы отправляемся на гонку!"
subtitle:Coach_PGG_TimeGetMovin:1,Coach_PGG_TimeGetMovin,Coach_PGG_TimeGetMovin_es,1,"[ТРЕНЕР ЙОАЧ] Ключи и замки, детка, ключи и замки! Пора двигаться!"
subtitle:Coach_PGG_UnlimitedPower:1,Coach_PGG_UnlimitedPower,Coach_PGG_UnlimitedPower_es,1,[ТРЕНЕР ЙОАЧ] Скоро в арене рядом с вами... неограниченная мощь!!
subtitle:Coach_PGG_VictoryWithinYour:1,Coach_PGG_VictoryWithinYour,Coach_PGG_VictoryWithinYour_es,1,"[ТРЕНЕР ЙОАЧ] Да! Да! Похоже, победа в пределах досягаемости!"
subtitle:Coach_PGG_WayReadBoard:1,Coach_PGG_WayReadBoard,Coach_PGG_WayReadBoard_es,1,"[ТРЕНЕР ЙОАЧ] Отлично читаешь поле, Синие!"
subtitle:Coach_PGG_WhatsintheBox:1,Coach_PGG_WhatsintheBox,Coach_PGG_WhatsintheBox_es,1,"[ТРЕНЕР ЙОАЧ] Что бы ни было в этой коробке, это даст вам преимущество!"
subtitle:Coach_PGG_WhoaTournyTime:1,Coach_PGG_WhoaTournyTime,Coach_PGG_WhoaTournyTime_es,1,"[ТРЕНЕР ЙОАЧ] Ого, мамочки, время турнира! Давай!"
subtitle:Coach_PGG_XMarksSpot:1,Coach_PGG_XMarksSpot,Coach_PGG_XMarksSpot_es,1,[ТРЕНЕР ЙОАЧ] X отмечает место!
subtitle:Coach_PGG_Yoink!:1,Coach_PGG_Yoink!,Coach_PGG_Yoink!_es,1,[ТРЕНЕР ЙОАЧ] Юинк!
subtitle:Coach_PGG_YouSauced:1,Coach_PGG_YouSauced,Coach_PGG_YouSauced_es,1,"[ТРЕНЕР ЙОАЧ] Что с тобой, пьяный?!"
subtitle:Coach_PGG_YoureAGem:1,Coach_PGG_YoureAGem,Coach_PGG_YoureAGem_es,1,"[ТРЕНЕР ЙОАЧ] Вы — драгоценность, Синие!"
subtitle:Coach_PVP_AbsoluteMagic:1,Coach_PVP_AbsoluteMagic,Coach_PVP_AbsoluteMagic_es,1,[ТРЕНЕР ЙОАЧ] Синие — это просто магия!
subtitle:Coach_PVP_AlwaysBeenFavorite:1,Coach_PVP_AlwaysBeenFavorite,Coach_PVP_AlwaysBeenFavorite_es,1,"[ТРЕНЕР ЙОАЧ] Синие, вы всегда были моими любимцами. Всегда!"
subtitle:Coach_PVP_BackAgainTomorrow:1,Coach_PVP_BackAgainTomorrow,Coach_PVP_BackAgainTomorrow_es,1,[ТРЕНЕР ЙОАЧ] Отличный финиш!
subtitle:Coach_PVP_BackAgainTomorrow:2,Coach_PVP_BackAgainTomorrow,Coach_PVP_BackAgainTomorrow_es,2,Хочу видеть вас здесь завтра ровно в 6 утра!
subtitle:Coach_PVP_BagoBones:1,Coach_PVP_BagoBones,Coach_PVP_BagoBones_es,1,"[ТРЕНЕР ЙОАЧ] Красные закатывают Синих, как мешок с костями!"
subtitle:Coach_PVP_BetOnRed:1,Coach_PVP_BetOnRed,Coach_PVP_BetOnRed_es,1,[ТРЕНЕР ЙОАЧ] Поэтому я всегда ставлю на Красных!
subtitle:Coach_PVP_BlueEdgeShower:1,Coach_PVP_BlueEdgeShower,Coach_PVP_BlueEdgeShower_es,1,"[ТРЕНЕР ЙОАЧ] Красивая победа, Синие!"
subtitle:Coach_PVP_BlueOnTail:1,Coach_PVP_BlueOnTail,Coach_PVP_BlueOnTail_es,1,"[ТРЕНЕР ЙОАЧ] Не сбавляйте, Красные! Синие уже дышат в затылок!"
subtitle:Coach_PVP_BluePuttinOnShow:1,Coach_PVP_BluePuttinOnShow,Coach_PVP_BluePuttinOnShow_es,1,"[ТРЕНЕР ЙОАЧ] Синие, вы устраиваете настоящее шоу!"
subtitle:Coach_PVP_BlueRememberTraining:1,Coach_PVP_BlueRememberTraining,Coach_PVP_BlueRememberTraining_es,1,"[ТРЕНЕР ЙОАЧ] Синие!! Вы совсем забыли, чему вас учили?!"
subtitle:Coach_PVP_BlueTeamPick:1,Coach_PVP_BlueTeamPick,Coach_PVP_BlueTeamPick_es,1,[ТРЕНЕР ЙОАЧ] Поэтому я выбираю Синих!
subtitle:Coach_PVP_BooOffStage:1,Coach_PVP_BooOffStage,Coach_PVP_BooOffStage_es,1,"[ТРЕНЕР ЙОАЧ] Бу! Убирайтесь со сцены, Красные! Если только вы не готовы сражаться!"
subtitle:Coach_PVP_BragAboutFriends:1,Coach_PVP_BragAboutFriends,Coach_PVP_BragAboutFriends_es,1,"[ТРЕНЕР ЙОАЧ] Ну что, Синие, разве вам не хочется похвастаться перед друзьями?!"
subtitle:Coach_PVP_CarboLoad:1,Coach_PVP_CarboLoad,Coach_PVP_CarboLoad_es,1,[ТРЕНЕР ЙОАЧ] Хорошая работа сегодня — но в следующий раз не забывайте про углеводную загрузку накануне!
subtitle:Coach_PVP_ConsiderHuntScavenged:1,Coach_PVP_ConsiderHuntScavenged,Coach_PVP_ConsiderHuntScavenged_es,1,"[ТРЕНЕР ЙОАЧ] Считайте, что охота добыта, Синие!"
subtitle:Coach_PVP_CorpsesMoveFaster:1,Coach_PVP_CorpsesMoveFaster,Coach_PVP_CorpsesMoveFaster_es,1,"[ТРЕНЕР ЙОАЧ] Разгонитесь, Красные! Я видел трупы, которые двигались быстрее!"
subtitle:Coach_PVP_CutThroatTTT:1,Coach_PVP_CutThroatTTT,Coach_PVP_CutThroatTTT_es,1,[ТРЕНЕР ЙОАЧ] Я никогда не видел такого беспощадного крестиков-ноликов!
subtitle:Coach_PVP_DisappearingRespect:1,Coach_PVP_DisappearingRespect,Coach_PVP_DisappearingRespect_es,1,"[ТРЕНЕР ЙОАЧ] Единственное, что здесь исчезает, — это мое уважение к Синим!"
subtitle:Coach_PVP_DontBelieveMagic:1,Coach_PVP_DontBelieveMagic,Coach_PVP_DontBelieveMagic_es,1,[ТРЕНЕР ЙОАЧ] Синие — вот почему я не верю в магию! Она всегда разочаровывает!
subtitle:Coach_PVP_DontCockyThenCocky:1,Coach_PVP_DontCockyThenCocky,Coach_PVP_DontCockyThenCocky_es,1,"[ТРЕНЕР ЙОАЧ] Хорошо решено, парень. Но не зазнавайся... пока не выиграешь всё!"
subtitle:Coach_PVP_DontCockyThenCocky:2,Coach_PVP_DontCockyThenCocky,Coach_PVP_DontCockyThenCocky_es,2,Тогда можно и зазнаваться!
subtitle:Coach_PVP_EnemyBreathinNeck:1,Coach_PVP_EnemyBreathinNeck,Coach_PVP_EnemyBreathinNeck_es,1,"[ТРЕНЕР ЙОАЧ] Я знаю, что я вас изматываю..."
subtitle:Coach_PVP_EnemyBreathinNeck:2,Coach_PVP_EnemyBreathinNeck,Coach_PVP_EnemyBreathinNeck_es,2,"но вы мне поблагодарите, когда на Турнире враг будет дышать вам в затылок!"
subtitle:Coach_PVP_EspeciallyRedTeam:1,Coach_PVP_EspeciallyRedTeam,Coach_PVP_EspeciallyRedTeam_es,1,"[ТРЕНЕР ЙОАЧ] Я люблю обе команды, но особенно Красных!!!"
subtitle:Coach_PVP_FingerLocked:1,Coach_PVP_FingerLocked,Coach_PVP_FingerLocked_es,1,"[ТРЕНЕР ЙОАЧ] Синие, у вас что, пальцы заклинило?! Двигайтесь!"
subtitle:Coach_PVP_ForgetBrains:1,Coach_PVP_ForgetBrains,Coach_PVP_ForgetBrains_es,1,"[ТРЕНЕР ЙОАЧ] Что случилось, Синие? Вы что, мозги дома забыли?!"
subtitle:Coach_PVP_FriedCircuit:1,Coach_PVP_FriedCircuit,Coach_PVP_FriedCircuit_es,1,"[ТРЕНЕР ЙОАЧ] Красные, у вас что, короткое замыкание?"
subtitle:Coach_PVP_GonnaLap:1,Coach_PVP_GonnaLap,Coach_PVP_GonnaLap_es,1,"[ТРЕНЕР ЙОАЧ] Быстрее, Красные. Они вас обгонят!"
subtitle:Coach_PVP_HeadOuttaSand:1,Coach_PVP_HeadOuttaSand,Coach_PVP_HeadOuttaSand_es,1,"[ТРЕНЕР ЙОАЧ] Вытащите голову из песка, Красные!"
subtitle:Coach_PVP_HoldOnLead:1,Coach_PVP_HoldOnLead,Coach_PVP_HoldOnLead_es,1,"[ТРЕНЕР ЙОАЧ] Вот это я понимаю, Красные, держите лидерство!"
subtitle:Coach_PVP_IBleedRed:1,Coach_PVP_IBleedRed,Coach_PVP_IBleedRed_es,1,"[ТРЕНЕР ЙОАЧ] Какая жестокая победа! Хорошо, что у меня кровь красная!!!"
subtitle:Coach_PVP_ICoachedEm:1,Coach_PVP_ICoachedEm,Coach_PVP_ICoachedEm_es,1,[ТРЕНЕР ЙОАЧ] Красные сделали это! Не могу поверить! Стоп.
subtitle:Coach_PVP_ICoachedEm:2,Coach_PVP_ICoachedEm,Coach_PVP_ICoachedEm_es,2,"Да, могу — я их тренировал!!"
subtitle:Coach_PVP_IWantSoftware:1,Coach_PVP_IWantSoftware,Coach_PVP_IWantSoftware_es,1,"[ТРЕНЕР ЙОАЧ] Мне нужен тот же софт, что и у Синих!"
subtitle:Coach_PVP_KingofCastle:1,Coach_PVP_KingofCastle,Coach_PVP_KingofCastle_es,1,[ТРЕНЕР ЙОАЧ] Красные — короли замка!
subtitle:Coach_PVP_LeaveInDust:1,Coach_PVP_LeaveInDust,Coach_PVP_LeaveInDust_es,1,"[ТРЕНЕР ЙОАЧ] Они вас там в пыль стирают, Синие!"
subtitle:Coach_PVP_LookLikeFossil:1,Coach_PVP_LookLikeFossil,Coach_PVP_LookLikeFossil_es,1,"[ТРЕНЕР ЙОАЧ] Да, Синие! Красные рядом с вами — как окаменелости!"
subtitle:Coach_PVP_MakeGoodBattle:1,Coach_PVP_MakeGoodBattle,Coach_PVP_MakeGoodBattle_es,1,"[ТРЕНЕР ЙОАЧ] Красные, ну что, хотя бы дайте нам достойный бой!"
subtitle:Coach_PVP_MakeMagic:1,Coach_PVP_MakeMagic,Coach_PVP_MakeMagic_es,1,[ТРЕНЕР ЙОАЧ] Красные творят магию!
subtitle:Coach_PVP_MakingHistory:1,Coach_PVP_MakingHistory,Coach_PVP_MakingHistory_es,1,[ТРЕНЕР ЙОАЧ] Синие — вы пишете историю!
subtitle:Coach_PVP_MindBlueing:1,Coach_PVP_MindBlueing,Coach_PVP_MindBlueing_es,1,[ТРЕНЕР ЙОАЧ] Это просто сине-голубое зрелище!
subtitle:Coach_PVP_MostDangerousGame:1,Coach_PVP_MostDangerousGame,Coach_PVP_MostDangerousGame_es,1,[ТРЕНЕР ЙОАЧ] Красные выходят из охоты — победители в самой опасной игре!!!!
subtitle:Coach_PVP_MurderonPitch:1,Coach_PVP_MurderonPitch,Coach_PVP_MurderonPitch_es,1,"[ТРЕНЕР ЙОАЧ] На Плато Головоломок произошло убийство, и КРАСНЫЕ ВИНОВАТЫ!! Ха-ха-ха!"
subtitle:Coach_PVP_NapTime:1,Coach_PVP_NapTime,Coach_PVP_NapTime_es,1,"[ТРЕНЕР ЙОАЧ] Красные, что это, время для сна? Синие вас уничтожают!"
subtitle:Coach_PVP_NoBlueScreens:1,Coach_PVP_NoBlueScreens,Coach_PVP_NoBlueScreens_es,1,[ТРЕНЕР ЙОАЧ] Никаких синих экранов для Синих!
subtitle:Coach_PVP_NoCallBack:1,Coach_PVP_NoCallBack,Coach_PVP_NoCallBack_es,1,"[ТРЕНЕР ЙОАЧ] Так вы точно не получите обратного звонка, Красные!"
subtitle:Coach_PVP_NoGoldStars:1,Coach_PVP_NoGoldStars,Coach_PVP_NoGoldStars_es,1,"[ТРЕНЕР ЙОАЧ] Вы сегодня не принесете домой золотые звезды, Синие! Ну что!"
subtitle:Coach_PVP_NoTomb:1,Coach_PVP_NoTomb,Coach_PVP_NoTomb_es,1,[ТРЕНЕР ЙОАЧ] Ни одна гробница не удержит Красных!
subtitle:Coach_PVP_NotOneThreeBlue:1,Coach_PVP_NotOneThreeBlue,Coach_PVP_NotOneThreeBlue_es,1,[ТРЕНЕР ЙОАЧ] Не один... не два... а три в ряд для Синих!!
subtitle:Coach_PVP_NothingbutShame:1,Coach_PVP_NothingbutShame,Coach_PVP_NothingbutShame_es,1,[ТРЕНЕР ЙОАЧ] Синие — вы меня порадовали! А Красные — просто позор...
subtitle:Coach_PVP_OutSolvinYa:1,Coach_PVP_OutSolvinYa,Coach_PVP_OutSolvinYa_es,1,"[ТРЕНЕР ЙОАЧ] Красные, что случилось?! Они решают головоломки в десять раз быстрее вас!"
subtitle:Coach_PVP_PizzaParty:1,Coach_PVP_PizzaParty,Coach_PVP_PizzaParty_es,1,[ТРЕНЕР ЙОАЧ] Красные выигрывают пиццу на вечер!
subtitle:Coach_PVP_PoundedPuzzles:1,Coach_PVP_PoundedPuzzles,Coach_PVP_PoundedPuzzles_es,1,[ТРЕНЕР ЙОАЧ] Синие просто разнесли головоломки! Разнесли!
subtitle:Coach_PVP_PracticePayinOff:1,Coach_PVP_PracticePayinOff,Coach_PVP_PracticePayinOff_es,1,"[ТРЕНЕР ЙОАЧ] Эй, Синие, тренировки приносят плоды! Победа уже ваша!"
subtitle:Coach_PVP_PrintingCompany:1,Coach_PVP_PrintingCompany,Coach_PVP_PrintingCompany_es,1,"[ТРЕНЕР ЙОАЧ] Алло? Печатный цех? Отмените баннер «Красные победили»,"
subtitle:Coach_PVP_PrintingCompany:2,Coach_PVP_PrintingCompany,Coach_PVP_PrintingCompany_es,2,потому что они там все портили
subtitle:Coach_PVP_PuzzlePullYa:1,Coach_PVP_PuzzlePullYa,Coach_PVP_PuzzlePullYa_es,1,"[ТРЕНЕР ЙОАЧ] Что случилось, Синие? Головоломка потянула вас в воду?"
subtitle:Coach_PVP_QuickSand:1,Coach_PVP_QuickSand,Coach_PVP_QuickSand_es,1,"[ТРЕНЕР ЙОАЧ] Синие — что, вы застряли в зыбучих песках?"
subtitle:Coach_PVP_RebootorSomething:1,Coach_PVP_RebootorSomething,Coach_PVP_RebootorSomething_es,1,"[ТРЕНЕР ЙОАЧ] Вам что, перезагрузка нужна или что-то такое, Красные?"
subtitle:Coach_PVP_RedPuzzlesMind:1,Coach_PVP_RedPuzzlesMind,Coach_PVP_RedPuzzlesMind_es,1,[ТРЕНЕР ЙОАЧ] Вы просто КРАСНО-головазели эту головоломку!
subtitle:Coach_PVP_RedTeamMoves:1,Coach_PVP_RedTeamMoves,Coach_PVP_RedTeamMoves_es,1,"[ТРЕНЕР ЙОАЧ] Ну и разгон, Красные! Вы просто летаете!"
subtitle:Coach_PVP_ReelinemIn:1,Coach_PVP_ReelinemIn,Coach_PVP_ReelinemIn_es,1,"[ТРЕНЕР ЙОАЧ] Просто дожмите их, Красные."
subtitle:Coach_PVP_SeeingRed:1,Coach_PVP_SeeingRed,Coach_PVP_SeeingRed_es,1,"[ТРЕНЕР ЙОАЧ] Синие, вы видите красное? Должны видеть, они же прямо перед вами!"
subtitle:Coach_PVP_SpotinWill:1,Coach_PVP_SpotinWill,Coach_PVP_SpotinWill_es,1,"[ТРЕНЕР ЙОАЧ] Синие, вы лучшие! Теперь вы в моём завещании!"
subtitle:Coach_PVP_SuperComputer:1,Coach_PVP_SuperComputer,Coach_PVP_SuperComputer_es,1,"[ТРЕНЕР ЙОАЧ] Красные, вы что, подключились к суперкомпьютеру или чему-то такому?"
subtitle:Coach_PVP_SystemCrash:1,Coach_PVP_SystemCrash,Coach_PVP_SystemCrash_es,1,[ТРЕНЕР ЙОАЧ] Алло?? Синие?? У вас система упала или что?
subtitle:Coach_PVP_TakeaBow:1,Coach_PVP_TakeaBow,Coach_PVP_TakeaBow_es,1,"[ТРЕНЕР ЙОАЧ] После такого можно и поклониться, команда Синих!"
subtitle:Coach_PVP_Taxidermist:1,Coach_PVP_Taxidermist,Coach_PVP_Taxidermist_es,1,"[ТРЕНЕР ЙОАЧ] Вам понадобится чучельщик для всех этих трофеев, Красные!"
subtitle:Coach_PVP_TicTacTotalVictory:1,Coach_PVP_TicTacTotalVictory,Coach_PVP_TicTacTotalVictory_es,1,[ТРЕНЕР ЙОАЧ] Крестик-нолик — полная победа команды Красных!!
subtitle:Coach_PVP_TripleDoubleBlue:1,Coach_PVP_TripleDoubleBlue,Coach_PVP_TripleDoubleBlue_es,1,"[ТРЕНЕР ЙОАЧ] Одиннадцать крестиков, десять ноликов и девятнадцать пальцев —"
subtitle:Coach_PVP_TripleDoubleBlue:2,Coach_PVP_TripleDoubleBlue,Coach_PVP_TripleDoubleBlue_es,2,Это тройной дабл-дабл для команды Синих!!
subtitle:Coach_PVP_TrophiesOutLoan:1,Coach_PVP_TrophiesOutLoan,Coach_PVP_TrophiesOutLoan_es,1,"[ТРЕНЕР ЙОАЧ] Поздравляю, команда Синих, но, э-э... Мне нужно забрать эти трофеи —"
subtitle:Coach_PVP_TrophiesOutLoan:2,Coach_PVP_TrophiesOutLoan,Coach_PVP_TrophiesOutLoan_es,2,Я их просто в аренду брал!
subtitle:Coach_PVP_TrophyTrophyTrophy:1,Coach_PVP_TrophyTrophyTrophy,Coach_PVP_TrophyTrophyTrophy_es,1,"[ТРЕНЕР ЙОАЧ] Трофей, трофей, трофей, трофей — вот так и побеждают!"
subtitle:Coach_PVP_XXXSmackdown:1,Coach_PVP_XXXSmackdown,Coach_PVP_XXXSmackdown_es,1,"[ТРЕНЕР ЙОАЧ] На каждый нолик был крестик, чтобы его заблокировать! Тройной разгром от команды Красных!"
subtitle:Coach_PVP_YoachWept:1,Coach_PVP_YoachWept,Coach_PVP_YoachWept_es,1,[ТРЕНЕР ЙОАЧ] Я никогда раньше не плакал на тренировке...
subtitle:Coach_PVP_YoachWept:2,Coach_PVP_YoachWept,Coach_PVP_YoachWept_es,2,но это выступление было прекрасным.
subtitle:Coach_TDA_BreakSomeLegs:1,Coach_TDA_BreakSomeLegs,Coach_TDA_BreakSomeLegs_es,1,"[ТРЕНЕР ЙОАЧ] Вперёд, покажите, на что способны!!"
subtitle:Coach_TDA_CurtainsForRed:1,Coach_TDA_CurtainsForRed,Coach_TDA_CurtainsForRed_es,1,"[ТРЕНЕР ЙОАЧ] И вот так, занавес для команды Красных!"
subtitle:Coach_TDA_ENCORE:1,Coach_TDA_ENCORE,Coach_TDA_ENCORE_es,1,"[ТРЕНЕР ЙОАЧ] Бис, бис, бис!!"
subtitle:Coach_TDA_IsThisCard:1,Coach_TDA_IsThisCard,Coach_TDA_IsThisCard_es,1,[ТРЕНЕР ЙОАЧ] Это ваша карта??
subtitle:Coach_TDA_ItsShowtime:1,Coach_TDA_ItsShowtime,Coach_TDA_ItsShowtime_es,1,[ТРЕНЕР ЙОАЧ] Пора начинать шоу!!!
subtitle:Coach_TDA_LightsCamPuzzle:1,Coach_TDA_LightsCamPuzzle,Coach_TDA_LightsCamPuzzle_es,1,"[ТРЕНЕР ЙОАЧ] Свет, камера, головоломка!"
subtitle:Coach_TDA_LikeFreakinMagic:1,Coach_TDA_LikeFreakinMagic,Coach_TDA_LikeFreakinMagic_es,1,[ТРЕНЕР ЙОАЧ] Как по волшебству!
subtitle:Coach_TDA_LookAlive:1,Coach_TDA_LookAlive,Coach_TDA_LookAlive_es,1,"[ТРЕНЕР ЙОАЧ] Оживите там, в отличие от того бедняги."
subtitle:Coach_TDA_NextCreepinOut:1,Coach_TDA_NextCreepinOut,Coach_TDA_NextCreepinOut_es,1,"[ТРЕНЕР ЙОАЧ] Ладно, следующая головоломка, следующая! Эта меня жутко напрягает."
subtitle:Coach_TDA_PerformanceIssuesBlue:1,Coach_TDA_PerformanceIssuesBlue,Coach_TDA_PerformanceIssuesBlue_es,1,"[ТРЕНЕР ЙОАЧ] С такими провалами удивительно, что вы вообще решили хоть одну головоломку, команда Синих!"
subtitle:Coach_TDA_PlayTricks:1,Coach_TDA_PlayTricks,Coach_TDA_PlayTricks_es,1,[ТРЕНЕР ЙОАЧ] Не дайте своим глазам вас обмануть!
subtitle:Coach_TDA_RedOuttaTricks:1,Coach_TDA_RedOuttaTricks,Coach_TDA_RedOuttaTricks_es,1,"[ТРЕНЕР ЙОАЧ] Похоже, у команды Красных больше нет козырей."
subtitle:Coach_TDA_RedUpstagedYa:1,Coach_TDA_RedUpstagedYa,Coach_TDA_RedUpstagedYa_es,1,"[ТРЕНЕР ЙОАЧ] Надо было репетировать больше, команда Синих — Красные вас затмили!"
subtitle:Coach_TDA_StageFright:1,Coach_TDA_StageFright,Coach_TDA_StageFright_es,1,[ТРЕНЕР ЙОАЧ] Не поддавайтесь сцене!
subtitle:Coach_TDA_UpSleeveWinning:1,Coach_TDA_UpSleeveWinning,Coach_TDA_UpSleeveWinning_es,1,"[ТРЕНЕР ЙОАЧ] Ничего в рукаве, кроме победы!"
subtitle:Coach_TDA_YouAintNoDummy:1,Coach_TDA_YouAintNoDummy,Coach_TDA_YouAintNoDummy_es,1,[ТРЕНЕР ЙОАЧ] Одно точно — вы не дураки!
subtitle:Coach_USB_BootThatPuzzle:1,Coach_USB_BootThatPuzzle,Coach_USB_BootThatPuzzle_es,1,[ТРЕНЕР ЙОАЧ] Перезагрузи эту головоломку!
subtitle:Coach_USB_FeelsFishy:1,Coach_USB_FeelsFishy,Coach_USB_FeelsFishy_es,1,"[ТРЕНЕР ЙОАЧ] Если что-то кажется подозрительным, просто продолжай движение!"
subtitle:Coach_USB_FishInBarrel:1,Coach_USB_FishInBarrel,Coach_USB_FishInBarrel_es,1,[ТРЕНЕР ЙОАЧ] Ха-ха! Как рыбы в бочке!
subtitle:Coach_USB_FloppyFish:1,Coach_USB_FloppyFish,Coach_USB_FloppyFish_es,1,"[ТРЕНЕР ЙОАЧ] Ты выглядел как вялая рыба, Красный, неудивительно, что Синие тебя разнесли!"
subtitle:Coach_USB_KnockedFewWiresLoose:1,Coach_USB_KnockedFewWiresLoose,Coach_USB_KnockedFewWiresLoose_es,1,[ТРЕНЕР ЙОАЧ] Красные выбили пару проводов у Синих — какой же это был электризующий матч!
subtitle:Coach_USB_LittlePuzzlesBackWater:1,Coach_USB_LittlePuzzlesBackWater,Coach_USB_LittlePuzzlesBackWater_es,1,[ТРЕНЕР ЙОАЧ] Не забудьте вернуть маленькие головоломки в воду!
subtitle:Coach_USB_MachinesIntimidate:1,Coach_USB_MachinesIntimidate,Coach_USB_MachinesIntimidate_es,1,[ТРЕНЕР ЙОАЧ] Не дайте машинам вас напугать! Это всего лишь схемы и провода!
subtitle:Coach_USB_NoDolphinsHarmed:1,Coach_USB_NoDolphinsHarmed,Coach_USB_NoDolphinsHarmed_es,1,[ТРЕНЕР ЙОАЧ] При создании этой победы Красных ни один дельфин не пострадал!!
subtitle:Coach_USB_NoUpdateGetSolvin:1,Coach_USB_NoUpdateGetSolvin,Coach_USB_NoUpdateGetSolvin_es,1,[ТРЕНЕР ЙОАЧ] Нет времени на обновление железа — заходите и решайте!
subtitle:Coach_USB_PrintScreenResults:1,Coach_USB_PrintScreenResults,Coach_USB_PrintScreenResults_es,1,[ТРЕНЕР ЙОАЧ] Сделайте скриншот этих результатов! Вы захотите это запомнить!
subtitle:Coach_USB_RedNeedRestart:1,Coach_USB_RedNeedRestart,Coach_USB_RedNeedRestart_es,1,[ТРЕНЕР ЙОАЧ] Победа Синих! Красным понадобится перезагрузка перед следующим матчем!
subtitle:Coach_USB_ReelPuzzlesIn:1,Coach_USB_ReelPuzzlesIn,Coach_USB_ReelPuzzlesIn_es,1,"[ТРЕНЕР ЙОАЧ] Засчитывайте эти головоломки, спокойно и уверенно."
subtitle:Coach_USB_StickToProgram:1,Coach_USB_StickToProgram,Coach_USB_StickToProgram_es,1,"[ТРЕНЕР ЙОАЧ] Помните, просто следуйте программе."
subtitle:Coach_USB_StinksLikePuzzle:1,Coach_USB_StinksLikePuzzle,Coach_USB_StinksLikePuzzle_es,1,[ТРЕНЕР ЙОАЧ] Здесь пахнет головоломкой!
subtitle:Crab_USB_ClawDeVivre:1,Crab_USB_ClawDeVivre,Crab_USB_ClawDeVivre_es,1,[ТАНЦУЮЩИЙ КРАБ] Обожаю этот клешневой стиль жизни!
subtitle:Crab_USB_Crabtastic:1,Crab_USB_Crabtastic,Crab_USB_Crabtastic_es,1,[ТАНЦУЮЩИЙ КРАБ] Крабастично!
subtitle:Crab_USB_Crabwalk:1,Crab_USB_Crabwalk,Crab_USB_Crabwalk_es,1,[ТАНЦУЮЩИЙ КРАБ] Крабья походка!
subtitle:Crab_USB_CrustaceanGyration:1,Crab_USB_CrustaceanGyration,Crab_USB_CrustaceanGyration_es,1,[ТАНЦУЮЩИЙ КРАБ] Ракообразное вращение!
subtitle:Crab_USB_ImitationCrabbery:1,Crab_USB_ImitationCrabbery,Crab_USB_ImitationCrabbery_es,1,[ТАНЦУЮЩИЙ КРАБ] Имитация — лучшая форма крабьей дружбы!
subtitle:Crab_USB_NotCrabby:1,Crab_USB_NotCrabby,Crab_USB_NotCrabby_es,1,[ТАНЦУЮЩИЙ КРАБ] Не слишком крабьим!
subtitle:Crab_USB_OhYeah:1,Crab_USB_OhYeah,Crab_USB_OhYeah_es,1,"[ТАНЦУЮЩИЙ КРАБ] О, да!"
subtitle:Crab_USB_SeeYouScuttle:1,Crab_USB_SeeYouScuttle,Crab_USB_SeeYouScuttle_es,1,"[ТАНЦУЮЩИЙ КРАБ] Хочу увидеть, как вы крабьим шагом бегаете."
subtitle:Crab_USB_YouCrabbedYouWalked:1,Crab_USB_YouCrabbedYouWalked,Crab_USB_YouCrabbedYouWalked_es,1,"[ТАНЦУЮЩИЙ КРАБ] Ты крабьим шагом шёл, ты крабьим шагом шёл, ты крабьим шагом шёл!"
subtitle:Crab_USB_YouWon:1,Crab_USB_YouWon,Crab_USB_YouWon_es,1,"[ТАНЦУЮЩИЙ КРАБ] ОооОоо, ты победил!"
subtitle:DJSkeaky_TNT_AlphaUpBravo:1,DJSkeaky_TNT_AlphaUpBravo,DJSkeaky_TNT_AlphaUpBravo_es,1,[DJ SKEAKY] ♪ Альфа. Вверх. ♪
subtitle:DJSkeaky_TNT_AlphaUpBravo:2,DJSkeaky_TNT_AlphaUpBravo,DJSkeaky_TNT_AlphaUpBravo_es,2,♪ Браво. Вниз. ♪
subtitle:DJSkeaky_TNT_AlphaUpBravo:3,DJSkeaky_TNT_AlphaUpBravo,DJSkeaky_TNT_AlphaUpBravo_es,3,♪ Чарли. Вниз. ♪
subtitle:DJSkeaky_TNT_AlphaUpBravo:4,DJSkeaky_TNT_AlphaUpBravo,DJSkeaky_TNT_AlphaUpBravo_es,4,♪ Дельта. Вниз. ♪
subtitle:DJSkeaky_TNT_AlphaUpBravo:5,DJSkeaky_TNT_AlphaUpBravo,DJSkeaky_TNT_AlphaUpBravo_es,5,♪ Эхо. Вверх. ♪
subtitle:DJSkeaky_TNT_AlphaUpBravo:6,DJSkeaky_TNT_AlphaUpBravo,DJSkeaky_TNT_AlphaUpBravo_es,6,♪ Фокстрот. Вверх. ♪
subtitle:DJSkeaky_TNT_AlphaUpBravo:7,DJSkeaky_TNT_AlphaUpBravo,DJSkeaky_TNT_AlphaUpBravo_es,7,♪ Я. Повторяю. ♪
subtitle:EA_SFX_RADIO_SONGS_DEEDOO1:1,EA_SFX_RADIO_SONGS_DEEDOO1,EA_SFX_RADIO_SONGS_DEEDOO1_es,1,*Музыка по радио*
subtitle:EA_SFX_RADIO_SONGS_FIGARITOUT1:1,EA_SFX_RADIO_SONGS_FIGARITOUT1,EA_SFX_RADIO_SONGS_FIGARITOUT1_es,1,*Музыка по радио*
subtitle:EA_SFX_RADIO_SONGS_GETACLUE1:1,EA_SFX_RADIO_SONGS_GETACLUE1,EA_SFX_RADIO_SONGS_GETACLUE1_es,1,*Музыка по радио*
subtitle:EA_SFX_RADIO_SONGS_OY1:1,EA_SFX_RADIO_SONGS_OY1,EA_SFX_RADIO_SONGS_OY1_es,1,*Музыка по радио*
subtitle:EA_SFX_RADIO_STATIC_LOOP1:1,EA_SFX_RADIO_STATIC_LOOP1,EA_SFX_RADIO_STATIC_LOOP1_es,1,*Помехи по радио*
subtitle:EA_SFX_RADIO_STATIC_LOOP2:1,EA_SFX_RADIO_STATIC_LOOP2,EA_SFX_RADIO_STATIC_LOOP2_es,1,*Помехи по радио*
subtitle:EA_SFX_RADIO_STATIC_LOOP3:1,EA_SFX_RADIO_STATIC_LOOP3,EA_SFX_RADIO_STATIC_LOOP3_es,1,*Помехи по радио*
subtitle:Eel+Rival_RVR_LossClearFav+NeverBrokeSweat:1,Eel+Rival_RVR_LossClearFav+NeverBrokeSweat,Eel+Rival_RVR_LossClearFav+NeverBrokeSweat_es,1,[ИЛ] Ну и проигрыш для явного фаворита!
subtitle:Eel+Rival_RVR_LossClearFav+NeverBrokeSweat:2,Eel+Rival_RVR_LossClearFav+NeverBrokeSweat,Eel+Rival_RVR_LossClearFav+NeverBrokeSweat_es,2,[ГИЛЛИАН] Даже не вспотела.
subtitle:Eel_BRK_AlmostFree:1,Eel_BRK_AlmostFree,Eel_BRK_AlmostFree_es,1,[ИЛ] Почти... почти на свободе!
subtitle:Eel_BRK_FeelLikeHome:1,Eel_BRK_FeelLikeHome,Eel_BRK_FeelLikeHome_es,1,[ИЛ] Только-только мне тут стало как дома.
subtitle:Eel_BRK_GottaDoSomething:1,Eel_BRK_GottaDoSomething,Eel_BRK_GottaDoSomething_es,1,"[ИЛ] Нам нужно что-то делать, Сэнди!"
subtitle:Eel_BRK_NoSandy:1,Eel_BRK_NoSandy,Eel_BRK_NoSandy_es,1,"[ИЛ] Нет, Сэнди! Турели разорвут тебя в клочья!"
subtitle:Eel_BRK_PulledItOff:1,Eel_BRK_PulledItOff,Eel_BRK_PulledItOff_es,1,[ИЛ] Ты реально справилась!
subtitle:Eel_BRK_SayingAboutMe:1,Eel_BRK_SayingAboutMe,Eel_BRK_SayingAboutMe_es,1,[ИЛ] Это правда говорят обо мне?..
subtitle:Eel_BRK_ScientistsWillBeBack:1,Eel_BRK_ScientistsWillBeBack,Eel_BRK_ScientistsWillBeBack_es,1,"[ИЛ] Давай быстрее, учёные вернутся с минуты на минуту!"
subtitle:Eel_BRK_SoLongSinceSun:1,Eel_BRK_SoLongSinceSun,Eel_BRK_SoLongSinceSun_es,1,[ИЛ] Мы почти у цели.
subtitle:Eel_BRK_SoLongSinceSun:2,Eel_BRK_SoLongSinceSun,Eel_BRK_SoLongSinceSun_es,2,Я так давно не видел солнца…
subtitle:Eel_BRK_UnderControl:1,Eel_BRK_UnderControl,Eel_BRK_UnderControl_es,1,"[ИЛ] Ты уверена, что всё под контролем, Сэнди?"
subtitle:Eel_LAB_Booyah:1,Eel_LAB_Booyah,Eel_LAB_Booyah_es,1,"[ИЛ] Бу-ях! Вжух, детка!"
subtitle:Eel_LAB_QuantyNotScrewin:1,Eel_LAB_QuantyNotScrewin,Eel_LAB_QuantyNotScrewin_es,1,[ИЛ] Профессор Кванти не шутит.
subtitle:Eel_LIB_JebLetThe:1,Eel_LIB_JebLetThe,Eel_LIB_JebLetThe_es,1,[ИЛ] Джеб позволил сгореть библиотеке?
subtitle:Eel_LIB_JebLetThe:2,Eel_LIB_JebLetThe,Eel_LIB_JebLetThe_es,2,"Хорошо, что ты был там."
subtitle:Eel_MSC_Angry:1,Eel_MSC_Angry,Eel_MSC_Angry_es,1,[ИЛ] *Рычит*
subtitle:Eel_MSC_Annoyed:1,Eel_MSC_Annoyed,Eel_MSC_Annoyed_es,1,[ИЛ] *Раздражённо рычит*
subtitle:Eel_MSC_Bored:1,Eel_MSC_Bored,Eel_MSC_Bored_es,1,[ИЛ] *Вздыхает от скуки*
subtitle:Eel_MSC_Bye:1,Eel_MSC_Bye,Eel_MSC_Bye_es,1,[ИЛ] Пока.
subtitle:Eel_MSC_CallMeEel:1,Eel_MSC_CallMeEel,Eel_MSC_CallMeEel_es,1,[ИЛ] Называй меня Илом.
subtitle:Eel_MSC_Chuckle_Alt:1,Eel_MSC_Chuckle_Alt,Eel_MSC_Chuckle_Alt_es,1,[ИЛ] *Хихикает*
subtitle:Eel_MSC_Confused:1,Eel_MSC_Confused,Eel_MSC_Confused_es,1,[ИЛ] *Озадаченно хмыкает*
subtitle:Eel_MSC_Defiant:1,Eel_MSC_Defiant,Eel_MSC_Defiant_es,1,[ИЛ] *Вызывающе рычит*
subtitle:Eel_MSC_Determined:1,Eel_MSC_Determined,Eel_MSC_Determined_es,1,[ИЛ] *Решительно рычит*
subtitle:Eel_MSC_Dismayed_Alt:1,Eel_MSC_Dismayed_Alt,Eel_MSC_Dismayed_Alt_es,1,[ИЛ] *Ужасается*
subtitle:Eel_MSC_Dismissive:1,Eel_MSC_Dismissive,Eel_MSC_Dismissive_es,1,[ИЛ] *Пренебрежительно хмыкает*
subtitle:Eel_MSC_Gasp:1,Eel_MSC_Gasp,Eel_MSC_Gasp_es,1,[ИЛ] *Ахает*
subtitle:Eel_MSC_Gasp_Alt:1,Eel_MSC_Gasp_Alt,Eel_MSC_Gasp_Alt_es,1,[ИЛ] *Ахает*
subtitle:Eel_MSC_Happy_Alt:1,Eel_MSC_Happy_Alt,Eel_MSC_Happy_Alt_es,1,[ИЛ] *Радостно хихикает*
subtitle:Eel_MSC_Hey:1,Eel_MSC_Hey,Eel_MSC_Hey_es,1,[ИЛ] Эй.
subtitle:Eel_MSC_Horrified:1,Eel_MSC_Horrified,Eel_MSC_Horrified_es,1,[ИЛ] *В ужасе*
subtitle:Eel_MSC_Hurt:1,Eel_MSC_Hurt,Eel_MSC_Hurt_es,1,[ИЛ] *Стонет от боли*
subtitle:Eel_MSC_Inquisitive:1,Eel_MSC_Inquisitive,Eel_MSC_Inquisitive_es,1,[ИЛ] *Вопросительно хмыкает*
subtitle:Eel_MSC_Investigative:1,Eel_MSC_Investigative,Eel_MSC_Investigative_es,1,"[ИЛ] Хм, ладно…"
subtitle:Eel_MSC_Laugh:1,Eel_MSC_Laugh,Eel_MSC_Laugh_es,1,[ИЛ] *Смеётся*
subtitle:Eel_MSC_Laugh_Alt1:1,Eel_MSC_Laugh_Alt1,Eel_MSC_Laugh_Alt1_es,1,[ИЛ] *Смеётся безумно*
subtitle:Eel_MSC_Panicked_Alt1:1,Eel_MSC_Panicked_Alt1,Eel_MSC_Panicked_Alt1_es,1,"[ИЛ] Эй, эй..!"
subtitle:Eel_MSC_Panicked_Alt2:1,Eel_MSC_Panicked_Alt2,Eel_MSC_Panicked_Alt2_es,1,"[ИЛ] Стой, стой, стой--"
subtitle:Eel_MSC_Proud_Alt:1,Eel_MSC_Proud_Alt,Eel_MSC_Proud_Alt_es,1,[ИЛ] *Гордо рычит*
subtitle:Eel_MSC_Scared_Alt:1,Eel_MSC_Scared_Alt,Eel_MSC_Scared_Alt_es,1,[ИЛ] Я не боюсь... это ты боишься!
subtitle:Eel_MSC_Shocked:1,Eel_MSC_Shocked,Eel_MSC_Shocked_es,1,[ИЛ] *Удивлённо ахает*
subtitle:Eel_MSC_Shocked_Alt:1,Eel_MSC_Shocked_Alt,Eel_MSC_Shocked_Alt_es,1,[ИЛ] Я?!
subtitle:Eel_MSC_Surprised:1,Eel_MSC_Surprised,Eel_MSC_Surprised_es,1,[ИЛ] *Удивлённо хмыкает*
subtitle:Eel_MSC_Upset:1,Eel_MSC_Upset,Eel_MSC_Upset_es,1,[ИЛ] *Грустно стонет*
subtitle:Eel_MSC_WhatreYouLookingAt:1,Eel_MSC_WhatreYouLookingAt,Eel_MSC_WhatreYouLookingAt_es,1,[ИЛ] На что ты смотришь?
subtitle:Eel_ORR_BoomBaby:1,Eel_ORR_BoomBaby,Eel_ORR_BoomBaby_es,1,"[ИЛ] Бум, детка! Пока!"
subtitle:Eel_ORR_EelShow:1,Eel_ORR_EelShow,Eel_ORR_EelShow_es,1,"[ИЛ] О, да! Послушай этот рёв толпы."
subtitle:Eel_ORR_EelShow:2,Eel_ORR_EelShow,Eel_ORR_EelShow_es,2,Настало время шоу Ила!
subtitle:Eel_ORR_LookingDizzy:1,Eel_ORR_LookingDizzy,Eel_ORR_LookingDizzy_es,1,"[ИЛ] Ты, кажется, немного закружилась, Сэнди!"
subtitle:Eel_ORR_RookieMistakes:1,Eel_ORR_RookieMistakes,Eel_ORR_RookieMistakes_es,1,"[ИЛ] Ошибки новичка, Сэнди."
subtitle:Eel_ORR_SaveHeadmaster:1,Eel_ORR_SaveHeadmaster,Eel_ORR_SaveHeadmaster_es,1,"[ИЛ] ...спасём директора! Я с тобой, Сэнди! Давай вытащим старика!"
subtitle:Eel_ORR_SmokeYa:1,Eel_ORR_SmokeYa,Eel_ORR_SmokeYa_es,1,"[ИЛ] Я же говорил, что тебя прижму, Сэнди!"
subtitle:Eel_ORR_ThinkingBeTricky:1,Eel_ORR_ThinkingBeTricky,Eel_ORR_ThinkingBeTricky_es,1,"[ИЛ] Ничего страшного, Сэнди. Мыслить бывает непросто!"
subtitle:Eel_POT_MyKindaBotany:1,Eel_POT_MyKindaBotany,Eel_POT_MyKindaBotany_es,1,[ИЛ] Вот это ботаника по моему вкусу!
subtitle:Eel_ROB_BooyahBeatIt:1,Eel_ROB_BooyahBeatIt,Eel_ROB_BooyahBeatIt_es,1,[ИЛ] Бух-ха! Пора сваливать.
subtitle:Eel_ROB_Can_tKillEasily:1,Eel_ROB_Can_tKillEasily,Eel_ROB_Can_tKillEasily_es,1,[ИЛ] Так просто нас не убьёшь!
subtitle:Eel_ROB_GetOuttaHere:1,Eel_ROB_GetOuttaHere,Eel_ROB_GetOuttaHere_es,1,[ИЛ] Сэнди!! Нам надо отсюда выбираться!!
subtitle:Eel_ROB_NiceKnowinYa:1,Eel_ROB_NiceKnowinYa,Eel_ROB_NiceKnowinYa_es,1,"[ИЛ] Было приятно познакомиться, Сэнди--!"
subtitle:Eel_ROB_SpotlightStopping:1,Eel_ROB_SpotlightStopping,Eel_ROB_SpotlightStopping_es,1,[ИЛ] Хе. Пара прожекторов не остановит Ила и Сэнди от проникновения в этот хранилище.
subtitle:Eel_ROB_StayWithMe:1,Eel_ROB_StayWithMe,Eel_ROB_StayWithMe_es,1,"[ИЛ] Держись, Сэнди..."
subtitle:Eel_RVR_AlrightSecondPhase:1,Eel_RVR_AlrightSecondPhase,Eel_RVR_AlrightSecondPhase_es,1,"[ИЛ] Ладно, переходим ко второй фазе."
subtitle:Eel_RVR_AlrightSecondPhase:2,Eel_RVR_AlrightSecondPhase,Eel_RVR_AlrightSecondPhase_es,2,Тут всё начнёт кипеть.
subtitle:Eel_RVR_BlueFinalPhase:1,Eel_RVR_BlueFinalPhase,Eel_RVR_BlueFinalPhase_es,1,[ИЛ] Синяя трасса выходит на финальную фазу.
subtitle:Eel_RVR_BluesMovingOn:1,Eel_RVR_BluesMovingOn,Eel_RVR_BluesMovingOn_es,1,[ИЛ] Синие продвигаются.
subtitle:Eel_RVR_FavoritePuzzleAll:1,Eel_RVR_FavoritePuzzleAll,Eel_RVR_FavoritePuzzleAll_es,1,[ИЛ] Моя любимая головоломка — сейф с двумя сторонами.
subtitle:Eel_RVR_GettingAheadYourself:1,Eel_RVR_GettingAheadYourself,Eel_RVR_GettingAheadYourself_es,1,"[ИЛ] Не забегай вперёд, Слип. Посмотрим, смогут ли они пройти баллисту."
subtitle:Eel_RVR_ImpressiveSpeedPuzzling:1,Eel_RVR_ImpressiveSpeedPuzzling,Eel_RVR_ImpressiveSpeedPuzzling_es,1,[ИЛ] Красная трасса решает головоломки с впечатляющей скоростью.
subtitle:Eel_RVR_LossClearFavorite:1,Eel_RVR_LossClearFavorite,Eel_RVR_LossClearFavorite_es,1,[ИЛ] Ну и проигрыш для явного фаворита!!
subtitle:Eel_RVR_MeOutThere:1,Eel_RVR_MeOutThere,Eel_RVR_MeOutThere_es,1,"[ИЛ] Если бы я был там, Слип, я бы атаковал эти головоломки с большей силой,"
subtitle:Eel_RVR_MeOutThere:2,Eel_RVR_MeOutThere,Eel_RVR_MeOutThere_es,2,"но и Красные, и Синие дают достойный отпор."
subtitle:Eel_RVR_MeOutThere:3,Eel_RVR_MeOutThere,Eel_RVR_MeOutThere_es,3,Исход может быть любым.
subtitle:Eel_RVR_OohCostlyMistake:1,Eel_RVR_OohCostlyMistake,Eel_RVR_OohCostlyMistake_es,1,"[ИЛ] Ох, дорогая ошибка."
subtitle:Eel_RVR_RedInMoney:1,Eel_RVR_RedInMoney,Eel_RVR_RedInMoney_es,1,"[ИЛ] Ещё одна, и Красные впереди."
subtitle:Eel_RVR_RedMovingOn:1,Eel_RVR_RedMovingOn,Eel_RVR_RedMovingOn_es,1,[ИЛ] Красные не сбавляют темп.
subtitle:Eel_RVR_SafeIsOpen:1,Eel_RVR_SafeIsOpen,Eel_RVR_SafeIsOpen_es,1,[ИЛ] Сейф открыт! Матч окончен!
subtitle:Eel_RVR_SorryTheDay:1,Eel_RVR_SorryTheDay,Eel_RVR_SorryTheDay_es,1,"[ИЛ] Жаль, что день сложился так, но... ты это заслужил."
subtitle:Eel_RVR_TimeToFind:1,Eel_RVR_TimeToFind,Eel_RVR_TimeToFind_es,1,"[ИЛ] Пора узнать, кто из наших лучших студентов — Апогей первого курса."
subtitle:Eel_SAW_DamnZapped:1,Eel_SAW_DamnZapped,Eel_SAW_DamnZapped_es,1,"[ИЛ] Чёрт, её током ударило!"
subtitle:Eel_SAW_EasyDoesIt:1,Eel_SAW_EasyDoesIt,Eel_SAW_EasyDoesIt_es,1,[ИЛ] Аккуратнее!
subtitle:Eel_SAW_GotWhatNeed:1,Eel_SAW_GotWhatNeed,Eel_SAW_GotWhatNeed_es,1,"[ИЛ] Надеюсь, тут всё, что нам нужно...!"
subtitle:Eel_SAW_Liftoff:1,Eel_SAW_Liftoff,Eel_SAW_Liftoff_es,1,[ИЛ] Ха-ха! Взлёт!!!
subtitle:Eel_SAW_ThisThingGrowls:1,Eel_SAW_ThisThingGrowls,Eel_SAW_ThisThingGrowls_es,1,"[ИЛ] Ох, детка, я ставлю, что эта штука рёвёт!"
subtitle:Eel_SAW_ThisThingGrowls+Mads_SAW_BetterBelieveIt:1,Eel_SAW_ThisThingGrowls+Mads_SAW_BetterBelieveIt,Eel_SAW_ThisThingGrowls+Mads_SAW_BetterBelieveIt_es,1,"[ИЛ] Ох, детка, я ставлю, что эта штука рёвёт!"
subtitle:Eel_SAW_ThisThingGrowls+Mads_SAW_BetterBelieveIt:2,Eel_SAW_ThisThingGrowls+Mads_SAW_BetterBelieveIt,Eel_SAW_ThisThingGrowls+Mads_SAW_BetterBelieveIt_es,2,"[ПРОФЕССОР МОНСТРОНГ] Поверь, рёвёт."
subtitle:Eel_SPY_CarryingNuke:1,Eel_SPY_CarryingNuke,Eel_SPY_CarryingNuke_es,1,[ИЛ] Повар всё это время таскал с собой ядерную бомбу? Мы на ней бургеры жарили!
subtitle:Eel_SPY_ChefsOffice:1,Eel_SPY_ChefsOffice,Eel_SPY_ChefsOffice_es,1,"[ИЛ] Кабинет повара... Может, тут найдётся что-нибудь, чтобы убедить этих чокнутых..."
subtitle:Eel_SPY_GisborneBusy:1,Eel_SPY_GisborneBusy,Eel_SPY_GisborneBusy_es,1,[ИЛ] Чёрт. Гисборн был занят...
subtitle:Eel_SPY_ItChef:1,Eel_SPY_ItChef,Eel_SPY_ItChef_es,1,"[ИЛ] Это был повар! Давай, Сэнди! Пора доказать нашу невиновность!"
subtitle:Eel_SPY_ItChef_Alt1:1,Eel_SPY_ItChef_Alt1,Eel_SPY_ItChef_Alt1_es,1,"[ИЛ] Это был повар! Давай, Сэнди! Пора доказать нашу невиновность!"
subtitle:Eel_SPY_SchoolVaporized:1,Eel_SPY_SchoolVaporized,Eel_SPY_SchoolVaporized_es,1,"[ИЛ] Продолжаем, Сэнди! Иначе вся школа испарится!"
subtitle:Eel_SPY_SecretWorkshop:1,Eel_SPY_SecretWorkshop,Eel_SPY_SecretWorkshop_es,1,"[ИЛ] Секретная мастерская. Признаться, Монстронг не из тех, кто делает что-то наполовину..."
subtitle:Eel_SPY_WeirdAcid:1,Eel_SPY_WeirdAcid,Eel_SPY_WeirdAcid_es,1,"[ИЛ] Во всех записках Гисборна упоминается эта странная кислота, найденная рядом с местами преступлений…"
subtitle:Eel_SPY_WeirdAcid:2,Eel_SPY_WeirdAcid,Eel_SPY_WeirdAcid_es,2,Но кто ею пользовался?
subtitle:Eel_SPY_WhereStart:1,Eel_SPY_WhereStart,Eel_SPY_WhereStart_es,1,"[ИЛ] Так, с чего нам вообще начать?"
subtitle:Eel_TBT_AdditionalPoison_Alt:1,Eel_TBT_AdditionalPoison_Alt,Eel_TBT_AdditionalPoison_Alt_es,1,[ИЛ] Больше яда — не выход.
subtitle:Eel_TBT_DidntLearnIceCream:1,Eel_TBT_DidntLearnIceCream,Eel_TBT_DidntLearnIceCream_es,1,"[ИЛ] Не усвоил урок с отравленным мороженым, да?"
subtitle:Eel_TBT_ItsPerfectRuse:1,Eel_TBT_ItsPerfectRuse,Eel_TBT_ItsPerfectRuse_es,1,[ИЛ] Идеальная уловка. Это должно быть молоко.
subtitle:Eel_TBT_ItsPerfectRuse:2,Eel_TBT_ItsPerfectRuse,Eel_TBT_ItsPerfectRuse_es,2,Молоко невозможно отказать.
subtitle:Eel_TBT_LittleMotivation:1,Eel_TBT_LittleMotivation,Eel_TBT_LittleMotivation_es,1,[ИЛ] Видишь? Немного мотивации никому не вредит!
subtitle:Eel_TBT_ThereGoesSpleen:1,Eel_TBT_ThereGoesSpleen,Eel_TBT_ThereGoesSpleen_es,1,"[ИЛ] Ой, вот оно. Прощай, селезёнка."
subtitle:Eel_TBT_TheresAReason:1,Eel_TBT_TheresAReason,Eel_TBT_TheresAReason_es,1,"[ИЛ] Есть причина, по которой мы всё это запираем."
subtitle:Eel_TNT_SoCloseTo_Alt:1,Eel_TNT_SoCloseTo_Alt,Eel_TNT_SoCloseTo_Alt_es,1,"[ИЛ] Ох, я так близко был к тому, чтобы увидеть бомбу Бонилья в действии."
subtitle:Eel_UNP_ThresherActivated:1,Eel_UNP_ThresherActivated,Eel_UNP_ThresherActivated_es,1,[ЗАПИСЬ] ТРЕШЕР АКТИВИРОВАН!
subtitle:Eel_YUM_GoodFloat:1,Eel_YUM_GoodFloat,Eel_YUM_GoodFloat_es,1,[ИЛ] Хороший десерт лечит любые беды.
subtitle:Eel_YUM_KeyAsAdvertised:1,Eel_YUM_KeyAsAdvertised,Eel_YUM_KeyAsAdvertised_es,1,[ИЛ] Ключ! Как и обещано.
subtitle:Eel_YUM_KeyAsAdvertised_Alt1:1,Eel_YUM_KeyAsAdvertised_Alt1,Eel_YUM_KeyAsAdvertised_Alt1_es,1,[ИЛ] Ключ! Как и обещано.
subtitle:Employee_TUT_AhThereYou_Alt:1,Employee_TUT_AhThereYou_Alt,Employee_TUT_AhThereYou_Alt_es,1,"[СОТРУДНИК] А, вот вы где!"
subtitle:Employee_TUT_GoodLuckIn:1,Employee_TUT_GoodLuckIn,Employee_TUT_GoodLuckIn_es,1,"[СОТРУДНИК] Удачи там, надеюсь."
subtitle:FLY_EjectionCutscene_SFXBake:1,FLY_EjectionCutscene_SFXBake,FLY_EjectionCutscene_SFXBake_es,1,"[ДИРЕКТОР] Держитесь крепче, все."
subtitle:FLY_EjectionCutscene_SFXBake:2,FLY_EjectionCutscene_SFXBake,FLY_EjectionCutscene_SFXBake_es,2,Следующая остановка…
subtitle:Gillian_EXP_KeepDoingIt:1,Gillian_EXP_KeepDoingIt,Gillian_EXP_KeepDoingIt_es,1,[ГИЛЛИАН] Что бы ты ни делала… продолжай!
subtitle:Gillian_EXP_PunchingGoonsForever:1,Gillian_EXP_PunchingGoonsForever,Gillian_EXP_PunchingGoonsForever_es,1,[ГИЛЛИАН] Поторопись там!
subtitle:Gillian_FLY_BraceForImpact:1,Gillian_FLY_BraceForImpact,Gillian_FLY_BraceForImpact_es,1,[ГИЛЛИАН] Приготовьтесь к столкновению!
subtitle:Gillian_FLY_DontLeaveJeb:1,Gillian_FLY_DontLeaveJeb,Gillian_FLY_DontLeaveJeb_es,1,[ГИЛЛИАН] Не бросай Джеба там одного!
subtitle:Gillian_MSC_Coy:1,Gillian_MSC_Coy,Gillian_MSC_Coy_es,1,[ГИЛЛИАН] *Стеснительно хихикает*
subtitle:Gillian_MSC_Coy_ALT:1,Gillian_MSC_Coy_ALT,Gillian_MSC_Coy_ALT_es,1,[ГИЛЛИАН] *Стеснительно хихикает*
subtitle:Gillian_MSC_Determined:1,Gillian_MSC_Determined,Gillian_MSC_Determined_es,1,[ГИЛЛИАН] *Решительно рычит*
subtitle:Gillian_MSC_EyeRollSigh:1,Gillian_MSC_EyeRollSigh,Gillian_MSC_EyeRollSigh_es,1,[ГИЛЛИАН] *Крутит глазами*
subtitle:Gillian_MSC_EyeRollSigh_ALT:1,Gillian_MSC_EyeRollSigh_ALT,Gillian_MSC_EyeRollSigh_ALT_es,1,[ГИЛЛИАН] *Крутит глазами*
subtitle:Gillian_MSC_Foolhardy:1,Gillian_MSC_Foolhardy,Gillian_MSC_Foolhardy_es,1,[ГИЛЛИАН] *Хохочет в голос*
subtitle:Gillian_MSC_GenuineLaugh:1,Gillian_MSC_GenuineLaugh,Gillian_MSC_GenuineLaugh_es,1,[ГИЛЛИАН] *Смеётся*
subtitle:Gillian_MSC_HoldOn:1,Gillian_MSC_HoldOn,Gillian_MSC_HoldOn_es,1,[ГИЛЛИАН] Держись!!
subtitle:Gillian_MSC_ProudOfPlayer:1,Gillian_MSC_ProudOfPlayer,Gillian_MSC_ProudOfPlayer_es,1,[ГИЛЛИАН] *Гордо рычит*
subtitle:Gillian_MSC_ScoffingLaugh:1,Gillian_MSC_ScoffingLaugh,Gillian_MSC_ScoffingLaugh_es,1,[ГИЛЛИАН] *Саркастично хмыкает*
subtitle:Gillian_MSC_Sharp:1,Gillian_MSC_Sharp,Gillian_MSC_Sharp_es,1,[ГИЛЛИАН] *Рычит*
subtitle:Gillian_MSC_Sharp_ALT:1,Gillian_MSC_Sharp_ALT,Gillian_MSC_Sharp_ALT_es,1,[ГИЛЛИАН] *Рычит*
subtitle:Gillian_MSC_Smirk:1,Gillian_MSC_Smirk,Gillian_MSC_Smirk_es,1,[ГИЛЛИАН] *Ухмыляется*
subtitle:Gillian_MSC_Terrified:1,Gillian_MSC_Terrified,Gillian_MSC_Terrified_es,1,[ГИЛЛИАН] *В ужасе*
subtitle:Gillian_SNK_GonnaEndBad:1,Gillian_SNK_GonnaEndBad,Gillian_SNK_GonnaEndBad_es,1,[ГИЛЛИАН] Это закончится для тебя ооочень плохо.
subtitle:Guy_MSC_Chuckle_Alt1:1,Guy_MSC_Chuckle_Alt1,Guy_MSC_Chuckle_Alt1_es,1,[ПРОФЕССОР ГИСБОРН] *Хихикает*
subtitle:Guy_MSC_Ello:1,Guy_MSC_Ello,Guy_MSC_Ello_es,1,"[ПРОФЕССОР ГИСБОРН] Алло, алло."
subtitle:Guy_ROB_AccountedFor:1,Guy_ROB_AccountedFor,Guy_ROB_AccountedFor_es,1,"[ПРОФЕССОР ГИСБОРН] Надеюсь, вы в здравом уме!"
subtitle:Guy_ROB_DontTellJeberson:1,Guy_ROB_DontTellJeberson,Guy_ROB_DontTellJeberson_es,1,"[ПРОФЕССОР ГИСБОРН] Давай не будем говорить мистеру Джеберсону об этом, хорошо?"
subtitle:Guy_ROB_EntranceToSewer:1,Guy_ROB_EntranceToSewer,Guy_ROB_EntranceToSewer_es,1,"[ПРОФЕССОР ГИСБОРН] *По рации* Ладно, вход в канализацию должен быть прямо под вами."
subtitle:Guy_ROB_ExcitingGames:1,Guy_ROB_ExcitingGames,Guy_ROB_ExcitingGames_es,1,[ПРОФЕССОР ГИСБОРН] Вы бы видели мой сундук с играми!
subtitle:Guy_ROB_GoodProjections:1,Guy_ROB_GoodProjections,Guy_ROB_GoodProjections_es,1,[ПРОФЕССОР ГИСБОРН] Отличные прогнозы!
subtitle:Guy_ROB_HeadOfHeist:1,Guy_ROB_HeadOfHeist,Guy_ROB_HeadOfHeist_es,1,[ПРОФЕССОР ГИСБОРН] Жаль. Не выдержали напряжения ограбления.
subtitle:Guy_ROB_HeadmasterHeist:1,Guy_ROB_HeadmasterHeist,Guy_ROB_HeadmasterHeist_es,1,[ПРОФЕССОР ГИСБОРН] Время для классического ограбления у директора. Забирайте эту грамоту!
subtitle:Guy_ROB_LoadOfBollocks:1,Guy_ROB_LoadOfBollocks,Guy_ROB_LoadOfBollocks_es,1,"[ПРОФЕССОР ГИСБОРН] Фу, «Время эскапистов». Чистая чушь."
subtitle:Guy_ROB_MakeSureGrate:1,Guy_ROB_MakeSureGrate,Guy_ROB_MakeSureGrate_es,1,"[ПРОФЕССОР ГИСБОРН] *По рации* «Это ограбление!» Но вы и так это знали, хе."
subtitle:Guy_ROB_MakeSureGrate:2,Guy_ROB_MakeSureGrate,Guy_ROB_MakeSureGrate_es,2,"Теперь убедитесь, что решётка не захлопнется за вами, иначе мы будем--*"
subtitle:Guy_ROB_MyOwnMachine:1,Guy_ROB_MyOwnMachine,Guy_ROB_MyOwnMachine_es,1,"[ПРОФЕССОР ГИСБОРН] Никогда не думал, что меня побьют на моей же машине."
subtitle:Guy_ROB_SeeinGreen:1,Guy_ROB_SeeinGreen,Guy_ROB_SeeinGreen_es,1,[ПРОФЕССОР ГИСБОРН] Вижу зелёное -- как настоящий бухгалтер!
subtitle:Guy_ROB_Smashing:1,Guy_ROB_Smashing,Guy_ROB_Smashing_es,1,[ПРОФЕССОР ГИСБОРН] Потрясающе!
subtitle:Guy_ROB_TimeToRappel:1,Guy_ROB_TimeToRappel,Guy_ROB_TimeToRappel_es,1,[ПРОФЕССОР ГИСБОРН] Отсюда и дальше я буду на связи по рации. Пора спускаться на верёвке!
subtitle:Guy_ROB_WholesomeRobbery:1,Guy_ROB_WholesomeRobbery,Guy_ROB_WholesomeRobbery_es,1,[ПРОФЕССОР ГИСБОРН] Ничто не сравнится с ограблением!
subtitle:Guy_ROB_WholesomeRobbery_Alt1:1,Guy_ROB_WholesomeRobbery_Alt1,Guy_ROB_WholesomeRobbery_Alt1_es,1,[ПРОФЕССОР ГИСБОРН] Ничто не сравнится с добрым старым ограблением!
subtitle:Guy_SPY_GladDontThink:1,Guy_SPY_GladDontThink,Guy_SPY_GladDontThink_es,1,"[ПРОФЕССОР ГИСБОРН] Рад, что вы не подозреваете меня."
subtitle:Guy_SPY_GoodExplanation:1,Guy_SPY_GoodExplanation,Guy_SPY_GoodExplanation_es,1,"[ПРОФЕССОР ГИСБОРН] Обещаю, у этого есть вполне разумное объяснение."
subtitle:Guy_SPY_MakeSense:1,Guy_SPY_MakeSense,Guy_SPY_MakeSense_es,1,[ПРОФЕССОР ГИСБОРН] Теперь всё начинает складываться...
subtitle:Guy_SPY_WhereGetIdea:1,Guy_SPY_WhereGetIdea,Guy_SPY_WhereGetIdea_es,1,"[ПРОФЕССОР ГИСБОРН] Откуда у вас мысль, что это был я?"
subtitle:Guy_YUM_HowLong:1,Guy_YUM_HowLong,Guy_YUM_HowLong_es,1,"[ПРОФЕССОР ГИСБОРН] Горацио, сколько, по-твоему, продлится обед? У меня ещё занятия…"
subtitle:HeadMaster_BRK_AcademyDoYouRead_Alt:1,HeadMaster_BRK_AcademyDoYouRead_Alt,HeadMaster_BRK_AcademyDoYouRead_Alt_es,1,[ДИРЕКТОР] Мы приближаемся к кораблю «Анти-эскап».
subtitle:HeadMaster_BRK_AcademyDoYouRead_Alt:2,HeadMaster_BRK_AcademyDoYouRead_Alt,HeadMaster_BRK_AcademyDoYouRead_Alt_es,2,"Академия, вы меня слышите?"
subtitle:HeadMaster_BRK_AccessComputerTerminal:1,HeadMaster_BRK_AccessComputerTerminal,HeadMaster_BRK_AccessComputerTerminal_es,1,"[ДИРЕКТОР] Ладно, мне нужно получить доступ к терминалу, чтобы найти Ила."
subtitle:HeadMaster_BRK_AccessingTerminalGiveMoment:1,HeadMaster_BRK_AccessingTerminalGiveMoment,HeadMaster_BRK_AccessingTerminalGiveMoment_es,1,[ДИРЕКТОР] Подключаюсь к терминалу…
subtitle:HeadMaster_BRK_AccessingTerminalGiveMoment:2,HeadMaster_BRK_AccessingTerminalGiveMoment,HeadMaster_BRK_AccessingTerminalGiveMoment_es,2,Дайте минуту…
subtitle:HeadMaster_BRK_DidILoseYou:1,HeadMaster_BRK_DidILoseYou,HeadMaster_BRK_DidILoseYou_es,1,"[ДИРЕКТОР] Академия, связь есть?"
subtitle:HeadMaster_BRK_DoesntSeemRight:1,HeadMaster_BRK_DoesntSeemRight,HeadMaster_BRK_DoesntSeemRight_es,1,[ДИРЕКТОР] Что-то тут не так…
subtitle:HeadMaster_BRK_EelsCellNumber_Alt:1,HeadMaster_BRK_EelsCellNumber_Alt,HeadMaster_BRK_EelsCellNumber_Alt_es,1,[ДИРЕКТОР] Эти данные должны дать нам номер камеры Ила.
subtitle:HeadMaster_BRK_EelsCellNumber_Alt:2,HeadMaster_BRK_EelsCellNumber_Alt,HeadMaster_BRK_EelsCellNumber_Alt_es,2,"Свяжись со мной, как только найдёшь."
subtitle:HeadMaster_BRK_EngageProtocolOmega:1,HeadMaster_BRK_EngageProtocolOmega,HeadMaster_BRK_EngageProtocolOmega_es,1,"[ДИРЕКТОР] Кванти, активируй протокол «Омега»."
subtitle:HeadMaster_BRK_GoodWorkAcademy:1,HeadMaster_BRK_GoodWorkAcademy,HeadMaster_BRK_GoodWorkAcademy_es,1,"[ДИРЕКТОР] Уже в пути. Молодцы, Академия."
subtitle:HeadMaster_BRK_HeadedInside:1,HeadMaster_BRK_HeadedInside,HeadMaster_BRK_HeadedInside_es,1,[ДИРЕКТОР] Принято. Иду внутрь.
subtitle:HeadMaster_BRK_HelpOpenCell:1,HeadMaster_BRK_HelpOpenCell,HeadMaster_BRK_HelpOpenCell_es,1,"[ДИРЕКТОР] Академия, мне нужна ваша помощь, чтобы открыть камеру."
subtitle:HeadMaster_BRK_HelpOpenCell:2,HeadMaster_BRK_HelpOpenCell,HeadMaster_BRK_HelpOpenCell_es,2,Быстро.
subtitle:HeadMaster_BRK_I_mIn:1,HeadMaster_BRK_I_mIn,HeadMaster_BRK_I_mIn_es,1,"[ДИРЕКТОР] Я внутри. Охраны почти нет, но…"
subtitle:HeadMaster_BRK_ImEnRoute:1,HeadMaster_BRK_ImEnRoute,HeadMaster_BRK_ImEnRoute_es,1,[ДИРЕКТОР] Вот оно! Здесь держат Ила.
subtitle:HeadMaster_BRK_ImEnRoute:2,HeadMaster_BRK_ImEnRoute,HeadMaster_BRK_ImEnRoute_es,2,Уже в пути.
subtitle:HeadMaster_BRK_IsItOnFirstDeck:1,HeadMaster_BRK_IsItOnFirstDeck,HeadMaster_BRK_IsItOnFirstDeck_es,1,[ДИРЕКТОР] Ищу компьютерный терминал.
subtitle:HeadMaster_BRK_IsItOnFirstDeck:2,HeadMaster_BRK_IsItOnFirstDeck,HeadMaster_BRK_IsItOnFirstDeck_es,2,Он на первой палубе?
subtitle:HeadMaster_BRK_LotOfInfoHere_Alt:1,HeadMaster_BRK_LotOfInfoHere_Alt,HeadMaster_BRK_LotOfInfoHere_Alt_es,1,[ДИРЕКТОР] Здесь… много информации.
subtitle:HeadMaster_BRK_LotOfInfoHere_Alt:2,HeadMaster_BRK_LotOfInfoHere_Alt,HeadMaster_BRK_LotOfInfoHere_Alt_es,2,Отправляю факсом.
subtitle:HeadMaster_BRK_NeedCellNumber:1,HeadMaster_BRK_NeedCellNumber,HeadMaster_BRK_NeedCellNumber_es,1,"[ДИРЕКТОР] Академия, мне нужен номер камеры."
subtitle:HeadMaster_BRK_NeedSerialNumber_Alt:1,HeadMaster_BRK_NeedSerialNumber_Alt,HeadMaster_BRK_NeedSerialNumber_Alt_es,1,"[ДИРЕКТОР] Думаю, смогу перехватить управление."
subtitle:HeadMaster_BRK_NeedSerialNumber_Alt:2,HeadMaster_BRK_NeedSerialNumber_Alt,HeadMaster_BRK_NeedSerialNumber_Alt_es,2,Мне нужен только серийный номер.
subtitle:HeadMaster_BRK_NeedSerialNumber_Alt:3,HeadMaster_BRK_NeedSerialNumber_Alt,HeadMaster_BRK_NeedSerialNumber_Alt_es,3,"Академия, помогите, пожалуйста."
subtitle:HeadMaster_BRK_NotHereKeepLooking:1,HeadMaster_BRK_NotHereKeepLooking,HeadMaster_BRK_NotHereKeepLooking_es,1,[ДИРЕКТОР] Его там нет. Ищите дальше.
subtitle:HeadMaster_BRK_NothingUpHere:1,HeadMaster_BRK_NothingUpHere,HeadMaster_BRK_NothingUpHere_es,1,[ДИРЕКТОР] Здесь ничего нет. Проверьте ещё раз.
subtitle:HeadMaster_BRK_NothingUpHere:2,HeadMaster_BRK_NothingUpHere,HeadMaster_BRK_NothingUpHere_es,2,Компьютерный терминал на первой палубе?
subtitle:HeadMaster_BRK_PleaseAcknowledge:1,HeadMaster_BRK_PleaseAcknowledge,HeadMaster_BRK_PleaseAcknowledge_es,1,"[ДИРЕКТОР] Академия, подтвердите приём."
subtitle:HeadMaster_BRK_TakingFire_Alt:1,HeadMaster_BRK_TakingFire_Alt,HeadMaster_BRK_TakingFire_Alt_es,1,"[ДИРЕКТОР] Академия, по мне стреляют!"
subtitle:HeadMaster_BRK_TakingFire_Alt:2,HeadMaster_BRK_TakingFire_Alt,HeadMaster_BRK_TakingFire_Alt_es,2,Мне нужен этот серийный номер.
subtitle:HeadMaster_BRK_TerminalOnFirstDeck:1,HeadMaster_BRK_TerminalOnFirstDeck,HeadMaster_BRK_TerminalOnFirstDeck_es,1,[ДИРЕКТОР] Есть ли компьютерный терминал на первой палубе?
subtitle:HeadMaster_BRK_TurretDisabled:1,HeadMaster_BRK_TurretDisabled,HeadMaster_BRK_TurretDisabled_es,1,[ДИРЕКТОР] Турель отключена.
subtitle:HeadMaster_BRK_TurretDisabled:2,HeadMaster_BRK_TurretDisabled,HeadMaster_BRK_TurretDisabled_es,2,Иду дальше.
subtitle:HeadMaster_BRK_TurretOnMe:1,HeadMaster_BRK_TurretOnMe,HeadMaster_BRK_TurretOnMe_es,1,[ДИРЕКТОР] На меня наведена турель!
subtitle:HeadMaster_BRK_WasntNumber:1,HeadMaster_BRK_WasntNumber,HeadMaster_BRK_WasntNumber_es,1,[ДИРЕКТОР] Это не серийный номер!
subtitle:HeadMaster_BRK_WasntNumber:2,HeadMaster_BRK_WasntNumber,HeadMaster_BRK_WasntNumber_es,2,"Давай, я знаю, что ты найдёшь."
subtitle:HeadMaster_BRK_WhichDeckComputerTerminal_Alt:1,HeadMaster_BRK_WhichDeckComputerTerminal_Alt,HeadMaster_BRK_WhichDeckComputerTerminal_Alt_es,1,"[ДИРЕКТОР] Ладно, на какой палубе находится компьютерный терминал?"
subtitle:Headmaster_ACR_OffLimits:1,Headmaster_ACR_OffLimits,Headmaster_ACR_OffLimits_es,1,[ДИРЕКТОР] Эй! К памятнику не подходить!
subtitle:Headmaster_ACR_WorkAhead:1,Headmaster_ACR_WorkAhead,Headmaster_ACR_WorkAhead_es,1,"[ДИРЕКТОР] Чтобы заслужить этот знак, тебе предстоит много работы!"
subtitle:Headmaster_BRK_AcademyWereBack:1,Headmaster_BRK_AcademyWereBack,Headmaster_BRK_AcademyWereBack_es,1,[ДИРЕКТОР] Другого нет--
subtitle:Headmaster_BRK_AcademyWereBack:2,Headmaster_BRK_AcademyWereBack,Headmaster_BRK_AcademyWereBack_es,2,Подожди! Академия! Мы вернулись!
subtitle:Headmaster_BRK_CallYouGreatest:1,Headmaster_BRK_CallYouGreatest,Headmaster_BRK_CallYouGreatest_es,1,[ДИРЕКТОР] И тебя называют величайшим эскапистом всех времён.
subtitle:Headmaster_BRK_DammitOntoUs:1,Headmaster_BRK_DammitOntoUs,Headmaster_BRK_DammitOntoUs_es,1,[ДИРЕКТОР] Чёрт! Они нас заметили!
subtitle:Headmaster_BRK_EelBackAtAcademy:1,Headmaster_BRK_EelBackAtAcademy,Headmaster_BRK_EelBackAtAcademy_es,1,[ДИРЕКТОР] Ил Барнс вернулся в Академию!
subtitle:Headmaster_BRK_EelBackAtAcademy:2,Headmaster_BRK_EelBackAtAcademy,Headmaster_BRK_EelBackAtAcademy_es,2,И всё из-за тебя.
subtitle:Headmaster_BRK_Extra__AnalyzeLock_Alt:1,Headmaster_BRK_Extra__AnalyzeLock_Alt,Headmaster_BRK_Extra__AnalyzeLock_Alt_es,1,[ДИРЕКТОР] Я могу сгенерировать ключ… но только если ты проанализируешь замок.
subtitle:Headmaster_BRK_Extra__KeyLookLike:1,Headmaster_BRK_Extra__KeyLookLike,Headmaster_BRK_Extra__KeyLookLike_es,1,[ДИРЕКТОР] Как выглядит этот ключ?
subtitle:Headmaster_BRK_Extra__LockLookLike:1,Headmaster_BRK_Extra__LockLookLike,Headmaster_BRK_Extra__LockLookLike_es,1,[ДИРЕКТОР] Как выглядит этот замок?
subtitle:Headmaster_BRK_Extra__MakeOfThis:1,Headmaster_BRK_Extra__MakeOfThis,Headmaster_BRK_Extra__MakeOfThis_es,1,[ДИРЕКТОР] Что ты об этом думаешь?
subtitle:Headmaster_BRK_Extra__ThreeDigits:1,Headmaster_BRK_Extra__ThreeDigits,Headmaster_BRK_Extra__ThreeDigits_es,1,[ДИРЕКТОР] Это три цифры.
subtitle:Headmaster_BRK_Extra__ThreeDigits_Alt:1,Headmaster_BRK_Extra__ThreeDigits_Alt,Headmaster_BRK_Extra__ThreeDigits_Alt_es,1,[ДИРЕКТОР] Номер ячейки должен состоять из трёх цифр!
subtitle:Headmaster_BRK_Extra__WhatKeyLookLike:1,Headmaster_BRK_Extra__WhatKeyLookLike,Headmaster_BRK_Extra__WhatKeyLookLike_es,1,"[ДИРЕКТОР] Мне нужно знать, как выглядит ключ!"
subtitle:Headmaster_BRK_Extra__WhatLockLookLike:1,Headmaster_BRK_Extra__WhatLockLookLike,Headmaster_BRK_Extra__WhatLockLookLike_es,1,"[ДИРЕКТОР] Мне нужно знать, как выглядит замок!"
subtitle:Headmaster_BRK_HackThem:1,Headmaster_BRK_HackThem,Headmaster_BRK_HackThem_es,1,[ДИРЕКТОР] Есть ли способ взломать их?
subtitle:Headmaster_BRK_HackThem:2,Headmaster_BRK_HackThem,Headmaster_BRK_HackThem_es,2,Любой способ!
subtitle:Headmaster_BRK_TakeOutTurrets:1,Headmaster_BRK_TakeOutTurrets,Headmaster_BRK_TakeOutTurrets_es,1,"[ДИРЕКТОР] Академия, нам нужно отключить эти турели!"
subtitle:Headmaster_BRK_ThatWasBrilliant_Alt:1,Headmaster_BRK_ThatWasBrilliant_Alt,Headmaster_BRK_ThatWasBrilliant_Alt_es,1,[ДИРЕКТОР] Блестяще!
subtitle:Headmaster_BRK_ThatWasBrilliant_Alt:2,Headmaster_BRK_ThatWasBrilliant_Alt,Headmaster_BRK_ThatWasBrilliant_Alt_es,2,Путь к вертолёту открыт!
subtitle:Headmaster_BRK_WerePinned:1,Headmaster_BRK_WerePinned,Headmaster_BRK_WerePinned_es,1,[ДИРЕКТОР] Мы добрались до верхней палубы. Но мы застряли!
subtitle:Headmaster_BRK_WerePinned:2,Headmaster_BRK_WerePinned,Headmaster_BRK_WerePinned_es,2,Мы не можем добраться до вертолёта!
subtitle:Headmaster_EXP_StopThis:1,Headmaster_EXP_StopThis,Headmaster_EXP_StopThis_es,1,[ДИРЕКТОР] Лиз! Ты всё ещё можешь это остановить! Подумай!
subtitle:Headmaster_EXP_StopThis + Liz_EXP_Never:1,Headmaster_EXP_StopThis + Liz_EXP_Never,Headmaster_EXP_StopThis + Liz_EXP_Never_es,1,[ДИРЕКТОР] Лиз! Ты всё ещё можешь это остановить! Подумай!
subtitle:Headmaster_EXP_StopThis + Liz_EXP_Never:2,Headmaster_EXP_StopThis + Liz_EXP_Never,Headmaster_EXP_StopThis + Liz_EXP_Never_es,2,[ДОКТОР НЕМЕШ] Никогда!!
subtitle:Headmaster_EXP_UseHerCreations:1,Headmaster_EXP_UseHerCreations,Headmaster_EXP_UseHerCreations_es,1,[ДИРЕКТОР] Вот оно! Используйте её творения против неё!
subtitle:Headmaster_Extra_NotGonnaMakeIt:1,Headmaster_Extra_NotGonnaMakeIt,Headmaster_Extra_NotGonnaMakeIt_es,1,[ДИРЕКТОР] Мы не справимся!
subtitle:Headmaster_FIN_CongratulationsYouveDone:1,Headmaster_FIN_CongratulationsYouveDone,Headmaster_FIN_CongratulationsYouveDone_es,1,[ДИРЕКТОР] Поздравляю. Ты принёс славу Академии побегов.
subtitle:Headmaster_FIN_DammitNoPower:1,Headmaster_FIN_DammitNoPower,Headmaster_FIN_DammitNoPower_es,1,"[ДИРЕКТОР] Чёрт, нет питания… Нужно завести это дело! Быстро!"
subtitle:Headmaster_FIN_DammitWereStuck:1,Headmaster_FIN_DammitWereStuck,Headmaster_FIN_DammitWereStuck_es,1,"[ДИРЕКТОР] Чёрт, мы застряли! Нужно подняться наверх. Быстро!"
subtitle:Headmaster_FIN_DontFallFor:1,Headmaster_FIN_DontFallFor,Headmaster_FIN_DontFallFor_es,1,[ДИРЕКТОР] Не давайся. Ты можешь его одолеть!
subtitle:Headmaster_FIN_GoodbyeQuanty:1,Headmaster_FIN_GoodbyeQuanty,Headmaster_FIN_GoodbyeQuanty_es,1,"[ДИРЕКТОР] Прощай, Кванти."
subtitle:Headmaster_FIN_Hurry:1,Headmaster_FIN_Hurry,Headmaster_FIN_Hurry_es,1,[ДИРЕКТОР] Быстро!
subtitle:Headmaster_FIN_ItsYouYou_Alt:1,Headmaster_FIN_ItsYouYou_Alt,Headmaster_FIN_ItsYouYou_Alt_es,1,[ДИРЕКТОР] Это ты... Ты добрался сюда...
subtitle:Headmaster_FIN_KeepYourEyes:1,Headmaster_FIN_KeepYourEyes,Headmaster_FIN_KeepYourEyes_es,1,[ДИРЕКТОР] Держи глаза открытыми... Мы выберемся отсюда...
subtitle:Headmaster_FIN_QuantyLeaveAlone:1,Headmaster_FIN_QuantyLeaveAlone,Headmaster_FIN_QuantyLeaveAlone_es,1,"[ДИРЕКТОР] Кванти, нет! Оставь их в покое! Нет!"
subtitle:Headmaster_FIN_SomethingTheMatter:1,Headmaster_FIN_SomethingTheMatter,Headmaster_FIN_SomethingTheMatter_es,1,"[ДИРЕКТОР] Что-то случилось, Кванти?"
subtitle:Headmaster_FIN_TheWholePlace:1,Headmaster_FIN_TheWholePlace,Headmaster_FIN_TheWholePlace_es,1,"[ДИРЕКТОР] Всё рушится! Быстро, открой мою камеру!"
subtitle:Headmaster_FIN_TheWholePlace:2,Headmaster_FIN_TheWholePlace,Headmaster_FIN_TheWholePlace_es,2,Мы успеем выбраться!
subtitle:Headmaster_FIN_TheresNotMuch:1,Headmaster_FIN_TheresNotMuch,Headmaster_FIN_TheresNotMuch_es,1,[ДИРЕКТОР] Времени мало! Беги к лифту!
subtitle:Headmaster_FIN_TryingToBargain:1,Headmaster_FIN_TryingToBargain,Headmaster_FIN_TryingToBargain_es,1,"[ДИРЕКТОР] Пытаешься торговаться, Кванти?"
subtitle:Headmaster_FIN_WeCanMake:1,Headmaster_FIN_WeCanMake,Headmaster_FIN_WeCanMake_es,1,[ДИРЕКТОР] Мы успеем выбраться!
subtitle:Headmaster_FIN_WeCanMakeIt:1,Headmaster_FIN_WeCanMakeIt,Headmaster_FIN_WeCanMakeIt_es,1,[ДИРЕКТОР] Мы успеем выбраться!
subtitle:Headmaster_FIN_WeDidIt:1,Headmaster_FIN_WeDidIt,Headmaster_FIN_WeDidIt_es,1,[ДИРЕКТОР] Мы справились… Мы сбежали!
subtitle:Headmaster_FIN_YesHesExopsed:1,Headmaster_FIN_YesHesExopsed,Headmaster_FIN_YesHesExopsed_es,1,[ДИРЕКТОР] Да! Он разоблачен!
subtitle:Headmaster_FIN_YouMayHave:1,Headmaster_FIN_YouMayHave,Headmaster_FIN_YouMayHave_es,1,"[ДИРЕКТОР] Похоже, ты встретил достойного противника, Кванти."
subtitle:Headmaster_FLY_GetIntoCockpit:1,Headmaster_FLY_GetIntoCockpit,Headmaster_FLY_GetIntoCockpit_es,1,"[ДИРЕКТОР] Мы справимся, ты лети в кабину!"
subtitle:Headmaster_FLY_HoldOnTight:1,Headmaster_FLY_HoldOnTight,Headmaster_FLY_HoldOnTight_es,1,"[ДИРЕКТОР] Держитесь крепче, все."
subtitle:Headmaster_FLY_HoldOnTight:2,Headmaster_FLY_HoldOnTight,Headmaster_FLY_HoldOnTight_es,2,Следующая остановка…
subtitle:Headmaster_FLY_JebNotResponding:1,Headmaster_FLY_JebNotResponding,Headmaster_FLY_JebNotResponding_es,1,[ДИРЕКТОР] Джеб не отвечает! Тебе нужно попасть в кабину!
subtitle:Headmaster_FLY_NearlyGotWorking:1,Headmaster_FLY_NearlyGotWorking,Headmaster_FLY_NearlyGotWorking_es,1,"[ДИРЕКТОР] Мы почти починили это,"
subtitle:Headmaster_FLY_NearlyGotWorking:2,Headmaster_FLY_NearlyGotWorking,Headmaster_FLY_NearlyGotWorking_es,2,займись кабиной!
subtitle:Headmaster_HMO_HopeYouLike:1,Headmaster_HMO_HopeYouLike,Headmaster_HMO_HopeYouLike_es,1,"[ДИРЕКТОР] Надеюсь, тебе нравится быть на камеру. Их тут повсюду!"
subtitle:Headmaster_HMO_ImpressiveIKnew:1,Headmaster_HMO_ImpressiveIKnew,Headmaster_HMO_ImpressiveIKnew_es,1,"[ДИРЕКТОР] Впечатляет! Я знал, что в тебе есть потенциал!"
subtitle:Headmaster_HMO_LookWhoThinks:1,Headmaster_HMO_LookWhoThinks,Headmaster_HMO_LookWhoThinks_es,1,"[ДИРЕКТОР] Ну и кто тут думает, что он хитрец?"
subtitle:Headmaster_HMO_LooksLikeThat:1,Headmaster_HMO_LooksLikeThat,Headmaster_HMO_LooksLikeThat_es,1,"[ДИРЕКТОР] Похоже, этот газ, стирающий память, начинает действовать!"
subtitle:Headmaster_HMO_MusicNeverDies:1,Headmaster_HMO_MusicNeverDies,Headmaster_HMO_MusicNeverDies_es,1,[ДИРЕКТОР] Музыка бессмертна!
subtitle:Headmaster_HMO_ThePariahs_Alt:1,Headmaster_HMO_ThePariahs_Alt,Headmaster_HMO_ThePariahs_Alt_es,1,[ДИРЕКТОР] Изгои... Как давно мы не были вместе...
subtitle:Headmaster_HMO_WallsAreOften:1,Headmaster_HMO_WallsAreOften,Headmaster_HMO_WallsAreOften_es,1,[ДИРЕКТОР] В Академии стены часто обманчивы.
subtitle:Headmaster_HMO_WelcomeToAcademy:1,Headmaster_HMO_WelcomeToAcademy,Headmaster_HMO_WelcomeToAcademy_es,1,[ДИРЕКТОР] Добро пожаловать в Академию!
subtitle:Headmaster_HMO_WellIGuess_Alt:1,Headmaster_HMO_WellIGuess_Alt,Headmaster_HMO_WellIGuess_Alt_es,1,"[ДИРЕКТОР] Ну, похоже, я не всегда права в отношении всех..."
subtitle:Headmaster_HMO_WhatAreYou:1,Headmaster_HMO_WhatAreYou,Headmaster_HMO_WhatAreYou_es,1,[ДИРЕКТОР] На что ты ждёшь?
subtitle:Headmaster_HMO_WhatAreYou:2,Headmaster_HMO_WhatAreYou,Headmaster_HMO_WhatAreYou_es,2,"Комната, полная газа, — не лучшее место, чтобы расслабляться."
subtitle:Headmaster_HMO_YesICan:1,Headmaster_HMO_YesICan,Headmaster_HMO_YesICan_es,1,"[ДИРЕКТОР] Да, я вижу, как ты на меня смотришь."
subtitle:Headmaster_LAB_SetRecordStraight:1,Headmaster_LAB_SetRecordStraight,Headmaster_LAB_SetRecordStraight_es,1,[ДИРЕКТОР] Ты и правда всё поправил!
subtitle:Headmaster_MSC_AhStarStudent:1,Headmaster_MSC_AhStarStudent,Headmaster_MSC_AhStarStudent_es,1,"[ДИРЕКТОР] Ах, мой талантливый ученик."
subtitle:Headmaster_MSC_Angry:1,Headmaster_MSC_Angry,Headmaster_MSC_Angry_es,1,[ДИРЕКТОР] *Рычит*
subtitle:Headmaster_MSC_Angry_Alt:1,Headmaster_MSC_Angry_Alt,Headmaster_MSC_Angry_Alt_es,1,[ДИРЕКТОР] *Рычит*
subtitle:Headmaster_MSC_Annoyed:1,Headmaster_MSC_Annoyed,Headmaster_MSC_Annoyed_es,1,[ДИРЕКТОР] *Раздражённо рычит*
subtitle:Headmaster_MSC_Bored_Alt1:1,Headmaster_MSC_Bored_Alt1,Headmaster_MSC_Bored_Alt1_es,1,[ДИРЕКТОР] *Вздыхает от скуки*
subtitle:Headmaster_MSC_Bye:1,Headmaster_MSC_Bye,Headmaster_MSC_Bye_es,1,[ДИРЕКТОР] До скорого.
subtitle:Headmaster_MSC_Chuckle_Alt:1,Headmaster_MSC_Chuckle_Alt,Headmaster_MSC_Chuckle_Alt_es,1,[ДИРЕКТОР] *Хихикает*
subtitle:Headmaster_MSC_Concerned:1,Headmaster_MSC_Concerned,Headmaster_MSC_Concerned_es,1,[ДИРЕКТОР] О нет…
subtitle:Headmaster_MSC_Confused:1,Headmaster_MSC_Confused,Headmaster_MSC_Confused_es,1,[ДИРЕКТОР] *Озадаченно хмыкает*
subtitle:Headmaster_MSC_Coy:1,Headmaster_MSC_Coy,Headmaster_MSC_Coy_es,1,[ДИРЕКТОР] *Стеснительно хихикает*
subtitle:Headmaster_MSC_Defiant:1,Headmaster_MSC_Defiant,Headmaster_MSC_Defiant_es,1,[ДИРЕКТОР] *Вызывающе рычит*
subtitle:Headmaster_MSC_Determined_Alt:1,Headmaster_MSC_Determined_Alt,Headmaster_MSC_Determined_Alt_es,1,[ДИРЕКТОР] *Решительно рычит*
subtitle:Headmaster_MSC_Disappointed:1,Headmaster_MSC_Disappointed,Headmaster_MSC_Disappointed_es,1,[ДИРЕКТОР] *Разочарованно вздыхает*
subtitle:Headmaster_MSC_Dismayed:1,Headmaster_MSC_Dismayed,Headmaster_MSC_Dismayed_es,1,[ДИРЕКТОР] *Ужасается*
subtitle:Headmaster_MSC_Dismissive:1,Headmaster_MSC_Dismissive,Headmaster_MSC_Dismissive_es,1,[ДИРЕКТОР] *Пренебрежительно хмыкает*
subtitle:Headmaster_MSC_DistressCall:1,Headmaster_MSC_DistressCall,Headmaster_MSC_DistressCall_es,1,[ДИРЕКТОР] Вы меня слышите?!
subtitle:Headmaster_MSC_Encouraging:1,Headmaster_MSC_Encouraging,Headmaster_MSC_Encouraging_es,1,[ДИРЕКТОР] *Подбадривающе хмыкает*
subtitle:Headmaster_MSC_Excited:1,Headmaster_MSC_Excited,Headmaster_MSC_Excited_es,1,[ДИРЕКТОР] *Восхищённо ахает*
subtitle:Headmaster_MSC_Excited_ALT:1,Headmaster_MSC_Excited_ALT,Headmaster_MSC_Excited_ALT_es,1,[ДИРЕКТОР] *Восхищённо ахает*
subtitle:Headmaster_MSC_Furious:1,Headmaster_MSC_Furious,Headmaster_MSC_Furious_es,1,[ДИРЕКТОР] *Рычит*
subtitle:Headmaster_MSC_Furious_ALT:1,Headmaster_MSC_Furious_ALT,Headmaster_MSC_Furious_ALT_es,1,[ДИРЕКТОР] Как ты смеешь...
subtitle:Headmaster_MSC_Gasp:1,Headmaster_MSC_Gasp,Headmaster_MSC_Gasp_es,1,[ДИРЕКТОР] *Ахает*
subtitle:Headmaster_MSC_Gasp_Alt:1,Headmaster_MSC_Gasp_Alt,Headmaster_MSC_Gasp_Alt_es,1,[ДИРЕКТОР] *Ахает*
subtitle:Headmaster_MSC_Happy:1,Headmaster_MSC_Happy,Headmaster_MSC_Happy_es,1,[ДИРЕКТОР] *Радостно ахает*
subtitle:Headmaster_MSC_HappyIsland1:1,Headmaster_MSC_HappyIsland1,Headmaster_MSC_HappyIsland1_es,1,[ДИРЕКТОР] *Радостно ахает*
subtitle:Headmaster_MSC_HappyIsland2:1,Headmaster_MSC_HappyIsland2,Headmaster_MSC_HappyIsland2_es,1,[ДИРЕКТОР] *Радостно ахает*
subtitle:Headmaster_MSC_HappyIsland3:1,Headmaster_MSC_HappyIsland3,Headmaster_MSC_HappyIsland3_es,1,[ДИРЕКТОР] *Радостно ахает*
subtitle:Headmaster_MSC_HelloThere:1,Headmaster_MSC_HelloThere,Headmaster_MSC_HelloThere_es,1,[ДИРЕКТОР] Привет.
subtitle:Headmaster_MSC_Horrified:1,Headmaster_MSC_Horrified,Headmaster_MSC_Horrified_es,1,[ДИРЕКТОР] *Ужасается*
subtitle:Headmaster_MSC_Hurt:1,Headmaster_MSC_Hurt,Headmaster_MSC_Hurt_es,1,[ДИРЕКТОР] *Стонет от боли*
subtitle:Headmaster_MSC_Inquisitive_Alt1:1,Headmaster_MSC_Inquisitive_Alt1,Headmaster_MSC_Inquisitive_Alt1_es,1,[ДИРЕКТОР] *Вопросительно хмыкает*
subtitle:Headmaster_MSC_Investigative_Alt:1,Headmaster_MSC_Investigative_Alt,Headmaster_MSC_Investigative_Alt_es,1,[ДИРЕКТОР] *Заинтересованно хмыкает*
subtitle:Headmaster_MSC_Laugh:1,Headmaster_MSC_Laugh,Headmaster_MSC_Laugh_es,1,[ДИРЕКТОР] *Смеётся*
subtitle:Headmaster_MSC_LaughIsland1:1,Headmaster_MSC_LaughIsland1,Headmaster_MSC_LaughIsland1_es,1,[ДИРЕКТОР] *Смеётся*
subtitle:Headmaster_MSC_LaughIsland2:1,Headmaster_MSC_LaughIsland2,Headmaster_MSC_LaughIsland2_es,1,[ДИРЕКТОР] *Смеётся*
subtitle:Headmaster_MSC_Laugh_Alt:1,Headmaster_MSC_Laugh_Alt,Headmaster_MSC_Laugh_Alt_es,1,[ДИРЕКТОР] *Смеётся*
subtitle:Headmaster_MSC_Panicked:1,Headmaster_MSC_Panicked,Headmaster_MSC_Panicked_es,1,[ДИРЕКТОР] *Паникует*
subtitle:Headmaster_MSC_Proud:1,Headmaster_MSC_Proud,Headmaster_MSC_Proud_es,1,[ДИРЕКТОР] *Гордо рычит*
subtitle:Headmaster_MSC_ProudIsland_ALT:1,Headmaster_MSC_ProudIsland_ALT,Headmaster_MSC_ProudIsland_ALT_es,1,[ДИРЕКТОР] *Гордо рычит*
subtitle:Headmaster_MSC_Proud_Alt:1,Headmaster_MSC_Proud_Alt,Headmaster_MSC_Proud_Alt_es,1,[ДИРЕКТОР] *Гордо рычит*
subtitle:Headmaster_MSC_Relieved:1,Headmaster_MSC_Relieved,Headmaster_MSC_Relieved_es,1,[ДИРЕКТОР] *С облегчением вздыхает*
subtitle:Headmaster_MSC_Scared:1,Headmaster_MSC_Scared,Headmaster_MSC_Scared_es,1,[ДИРЕКТОР] *Паникует*
subtitle:Headmaster_MSC_Shocked:1,Headmaster_MSC_Shocked,Headmaster_MSC_Shocked_es,1,[ДИРЕКТОР] *Удивлённо ахает*
subtitle:Headmaster_MSC_Surprised:1,Headmaster_MSC_Surprised,Headmaster_MSC_Surprised_es,1,[ДИРЕКТОР] *Удивлённо ахает*
subtitle:Headmaster_MSC_Thrilled:1,Headmaster_MSC_Thrilled,Headmaster_MSC_Thrilled_es,1,[ДИРЕКТОР] *Восхищённо ахает*
subtitle:Headmaster_MSC_Thrilled_ALT:1,Headmaster_MSC_Thrilled_ALT,Headmaster_MSC_Thrilled_ALT_es,1,[ДИРЕКТОР] *Восхищённо ахает*
subtitle:Headmaster_MSC_Upset:1,Headmaster_MSC_Upset,Headmaster_MSC_Upset_es,1,[ДИРЕКТОР] *Грустно вздыхает*
subtitle:Headmaster_POT_SteepedinTeaKettle:1,Headmaster_POT_SteepedinTeaKettle,Headmaster_POT_SteepedinTeaKettle_es,1,"[ДИРЕКТОР] Заглянул в чайник и выжил, чтобы рассказать об этом!"
subtitle:Headmaster_SNK_OpenThisCell:1,Headmaster_SNK_OpenThisCell,Headmaster_SNK_OpenThisCell_es,1,[ДИРЕКТОР] Лиз! Открой эту камеру!
subtitle:Headmaster_SNK_OpenThisCell:2,Headmaster_SNK_OpenThisCell,Headmaster_SNK_OpenThisCell_es,2,Ещё не поздно всё остановить!
subtitle:Headmaster_SNK_OpenThisCell+Gillian_SNK_GonneEndBad:1,Headmaster_SNK_OpenThisCell+Gillian_SNK_GonneEndBad,Headmaster_SNK_OpenThisCell+Gillian_SNK_GonneEndBad_es,1,[ДИРЕКТОР] Лиз! Открой эту камеру!
subtitle:Headmaster_SNK_OpenThisCell+Gillian_SNK_GonneEndBad:2,Headmaster_SNK_OpenThisCell+Gillian_SNK_GonneEndBad,Headmaster_SNK_OpenThisCell+Gillian_SNK_GonneEndBad_es,2,Ещё не поздно всё остановить!
subtitle:Headmaster_SNK_OpenThisCell+Gillian_SNK_GonneEndBad:3,Headmaster_SNK_OpenThisCell+Gillian_SNK_GonneEndBad,Headmaster_SNK_OpenThisCell+Gillian_SNK_GonneEndBad_es,3,[ГИЛЛИАН] Это закончится для тебя ооочень плохо.
subtitle:Headmaster_TBT_YouSurvivedEel:1,Headmaster_TBT_YouSurvivedEel,Headmaster_TBT_YouSurvivedEel_es,1,[ДИРЕКТОР] Ты выжил после фирменного блюда Ила —
subtitle:Headmaster_TBT_YouSurvivedEel:2,Headmaster_TBT_YouSurvivedEel,Headmaster_TBT_YouSurvivedEel_es,2,"это вкусно, если выработать толерантность!"
subtitle:Headmaster_TRL_AntiEscapeIsland:1,Headmaster_TRL_AntiEscapeIsland,Headmaster_TRL_AntiEscapeIsland_es,1,[ДИРЕКТОР] Академия побегов: Побег с острова Анти-Побег... скоро!
subtitle:Headmaster_TRL_IAmHeadmaster:1,Headmaster_TRL_IAmHeadmaster,Headmaster_TRL_IAmHeadmaster_es,1,[ДИРЕКТОР] Я... директор.
subtitle:Headmaster_UNP_ShouldntveSurvivedThat:1,Headmaster_UNP_ShouldntveSurvivedThat,Headmaster_UNP_ShouldntveSurvivedThat_es,1,[ДИРЕКТОР] Впечатляет! Ты даже не должен был выжить после этого!
subtitle:Horatio_MSC_DieEating:1,Horatio_MSC_DieEating,Horatio_MSC_DieEating_es,1,"[ДИРЕКТОР ВИНДЗОР] Я всегда знал, что умру, занимаясь любимым делом... едой!"
subtitle:Horatio_MSC_DieToday:1,Horatio_MSC_DieToday,Horatio_MSC_DieToday_es,1,"[ДИРЕКТОР ВИНДЗОР] Если я умру здесь сегодня — ты идёшь со мной, Стюарт!"
subtitle:Horatio_MSC_TryingToKillMe:1,Horatio_MSC_TryingToKillMe,Horatio_MSC_TryingToKillMe_es,1,[ДИРЕКТОР ВИНДЗОР] Один из этих безумцев пытается УБИТЬ МЕНЯ!
subtitle:Horatio_ORR_EelWaaaaah:1,Horatio_ORR_EelWaaaaah,Horatio_ORR_EelWaaaaah_es,1,"[ДИРЕКТОР ВИНДЗОР] Хорошо сыграно, Ил--"
subtitle:Horatio_ORR_EelWaaaaah:2,Horatio_ORR_EelWaaaaah,Horatio_ORR_EelWaaaaah_es,2,Уууаааа!!
subtitle:Horatio_ORR_EmbarassingDeath:1,Horatio_ORR_EmbarassingDeath,Horatio_ORR_EmbarassingDeath_es,1,[ДИРЕКТОР ВИНДЗОР] Пожалуйста! Не дайте мне упасть!
subtitle:Horatio_ORR_EmbarassingDeath:2,Horatio_ORR_EmbarassingDeath,Horatio_ORR_EmbarassingDeath_es,2,Этот костюм только в химчистку!
subtitle:Horatio_ORR_EmbarassingDeath_Alt1:1,Horatio_ORR_EmbarassingDeath_Alt1,Horatio_ORR_EmbarassingDeath_Alt1_es,1,[ДИРЕКТОР ВИНДЗОР] Пожалуйста! Не дайте мне упасть! Это будет так неловко!
subtitle:Horatio_ORR_HadThisPlanned:1,Horatio_ORR_HadThisPlanned,Horatio_ORR_HadThisPlanned_es,1,[ДИРЕКТОР ВИНДЗОР] Я... Я... Я всё это спланировал с самого начала! Ха-ха! Хе...
subtitle:Horatio_ORR_InnumerableDangers:1,Horatio_ORR_InnumerableDangers,Horatio_ORR_InnumerableDangers_es,1,[ДИРЕКТОР ВИНДЗОР] Отлично! Пусть бесчисленные опасности моей Комнаты соперников... начнутся!
subtitle:Horatio_ORR_InnumerableDangers_Alt1:1,Horatio_ORR_InnumerableDangers_Alt1,Horatio_ORR_InnumerableDangers_Alt1_es,1,[ДИРЕКТОР ВИНДЗОР] Пусть бесчисленные опасности моей Комнаты соперников... начнутся!
subtitle:Horatio_ORR_InnumerableDangers_Alt1:2,Horatio_ORR_InnumerableDangers_Alt1,Horatio_ORR_InnumerableDangers_Alt1_es,2,*Выстрел из стартового пистолета*
subtitle:Horatio_ORR_LeechPrescription:1,Horatio_ORR_LeechPrescription,Horatio_ORR_LeechPrescription_es,1,"[ДИРЕКТОР ГОРАЦИО] Если у кого-то закружилась голова, у меня есть рецепт с пиявками, которые всё исправят!"
subtitle:Horatio_ORR_LeechPrescription:2,Horatio_ORR_LeechPrescription,Horatio_ORR_LeechPrescription_es,2,Мне это всегда помогает!
subtitle:Horatio_ORR_LeechPrescription_Alt1:1,Horatio_ORR_LeechPrescription_Alt1,Horatio_ORR_LeechPrescription_Alt1_es,1,"[ДИРЕКТОР ВИНДЗОР] Если у кого-то закружилась голова, у меня есть рецепт с пиявками, которые всё исправят!"
subtitle:Horatio_ORR_LeechPrescription_Alt1:2,Horatio_ORR_LeechPrescription_Alt1,Horatio_ORR_LeechPrescription_Alt1_es,2,"Я имею в виду, если доказательство в пудинге, взгляните на эту кружку! Ха!"
subtitle:Horatio_ORR_LeechPrescription_Eel:1,Horatio_ORR_LeechPrescription_Eel,Horatio_ORR_LeechPrescription_Eel_es,1,"[ДИРЕКТОР ВИНДЗОР] Если у кого-то закружилась голова, у меня есть рецепт с пиявками, которые всё исправят!"
subtitle:Horatio_ORR_LeechPrescription_Eel:2,Horatio_ORR_LeechPrescription_Eel,Horatio_ORR_LeechPrescription_Eel_es,2,Мне это всегда помогает!
subtitle:Horatio_ORR_LeechPrescription_Eel:3,Horatio_ORR_LeechPrescription_Eel,Horatio_ORR_LeechPrescription_Eel_es,3,"[ИЛ] Ты, кажется, немного закружилась, Сэнди!"
subtitle:Horatio_ORR_LeechPrescription_Sandy:1,Horatio_ORR_LeechPrescription_Sandy,Horatio_ORR_LeechPrescription_Sandy_es,1,"[ДИРЕКТОР ВИНДЗОР] Если у кого-то закружилась голова, у меня есть рецепт с пиявками, которые всё исправят!"
subtitle:Horatio_ORR_LeechPrescription_Sandy:2,Horatio_ORR_LeechPrescription_Sandy,Horatio_ORR_LeechPrescription_Sandy_es,2,Мне это всегда помогает!
subtitle:Horatio_ORR_LeechPrescription_Sandy:3,Horatio_ORR_LeechPrescription_Sandy,Horatio_ORR_LeechPrescription_Sandy_es,3,"[САНДРА] Может, стоит принять его предложение, Ил!"
subtitle:Horatio_ORR_MoneysOnEel:1,Horatio_ORR_MoneysOnEel,Horatio_ORR_MoneysOnEel_es,1,[ДИРЕКТОР УИНДСОР] Победитель ещё не определён... но я ставлю всё на Ила!
subtitle:Horatio_ORR_MoneysOnSandra:1,Horatio_ORR_MoneysOnSandra,Horatio_ORR_MoneysOnSandra_es,1,[ДИРЕКТОР УИНДСОР] Победитель ещё не определён... но я ставлю всё на Сандру!
subtitle:Horatio_ORR_MorePuzzles:1,Horatio_ORR_MorePuzzles,Horatio_ORR_MorePuzzles_es,1,[ДИРЕКТОР УИНДСОР] Что за дверью номер один? Это... ещё больше головоломок!
subtitle:Horatio_ORR_MotherMercy:1,Horatio_ORR_MotherMercy,Horatio_ORR_MotherMercy_es,1,"[ДИРЕКТОР УИНДСОР] Я скольжу..! Милосердная мать, я скольжу!"
subtitle:Horatio_ORR_OhNo:1,Horatio_ORR_OhNo,Horatio_ORR_OhNo_es,1,[ДИРЕКТОР УИНДСОР] О нет... уууаааа!!!!
subtitle:Horatio_ORR_OhNo:2,Horatio_ORR_OhNo,Horatio_ORR_OhNo_es,2,*Громкий всплеск*
subtitle:Horatio_ORR_OhNo_Alt1:1,Horatio_ORR_OhNo_Alt1,Horatio_ORR_OhNo_Alt1_es,1,[ДИРЕКТОР УИНДСОР] О нет... уууаааа!!!!
subtitle:Horatio_ORR_OneSpeedyStudent:1,Horatio_ORR_OneSpeedyStudent,Horatio_ORR_OneSpeedyStudent_es,1,"[ДИРЕКТОР УИНДСОР] Похоже, у нас есть хотя бы один быстрый студент! Я прав, народ?"
subtitle:Horatio_ORR_OneSpeedyStudent_Eel:1,Horatio_ORR_OneSpeedyStudent_Eel,Horatio_ORR_OneSpeedyStudent_Eel_es,1,"[ДИРЕКТОР УИНДСОР] Похоже, у нас есть хотя бы один быстрый студент! Я прав, народ?"
subtitle:Horatio_ORR_OneSpeedyStudent_Eel:2,Horatio_ORR_OneSpeedyStudent_Eel,Horatio_ORR_OneSpeedyStudent_Eel_es,2,"[ИЛ] Ничего страшного, Сэнди. Мыслить бывает непросто!"
subtitle:Horatio_ORR_OneSpeedyStudent_Sandy:1,Horatio_ORR_OneSpeedyStudent_Sandy,Horatio_ORR_OneSpeedyStudent_Sandy_es,1,"[ДИРЕКТОР УИНДСОР] Похоже, у нас есть хотя бы один быстрый студент! Я прав, народ?"
subtitle:Horatio_ORR_OneSpeedyStudent_Sandy:2,Horatio_ORR_OneSpeedyStudent_Sandy,Horatio_ORR_OneSpeedyStudent_Sandy_es,2,"[САНДРА] Не переживай, Ил. Они могут разрешить тебе стать школьной маскотом!"
subtitle:Horatio_ORR_OverdoneGunpowder:1,Horatio_ORR_OverdoneGunpowder,Horatio_ORR_OverdoneGunpowder_es,1,"[ДИРЕКТОР УИНДСОР] Ого! Кажется, я переборщил с порохом. Но это-- именно для этого мы здесь, народ!"
subtitle:Horatio_ORR_OverdoneGunpowder_Eel:1,Horatio_ORR_OverdoneGunpowder_Eel,Horatio_ORR_OverdoneGunpowder_Eel_es,1,"[ДИРЕКТОР УИНДСОР] Ого! Кажется, я переборщил с порохом. Но это-- именно для этого мы здесь, народ!"
subtitle:Horatio_ORR_OverdoneGunpowder_Eel:2,Horatio_ORR_OverdoneGunpowder_Eel,Horatio_ORR_OverdoneGunpowder_Eel_es,2,"[ИЛ] Бум, детка! Пока!"
subtitle:Horatio_ORR_OverdoneGunpowder_Sandy:1,Horatio_ORR_OverdoneGunpowder_Sandy,Horatio_ORR_OverdoneGunpowder_Sandy_es,1,"[ДИРЕКТОР УИНДСОР] Ого! Кажется, я переборщил с порохом. Но это-- именно для этого мы здесь, народ!"
subtitle:Horatio_ORR_OverdoneGunpowder_Sandy:2,Horatio_ORR_OverdoneGunpowder_Sandy,Horatio_ORR_OverdoneGunpowder_Sandy_es,2,"[САНДРА] Предлагаю попробовать решить головоломку, Ил!"
subtitle:Horatio_ORR_SandraWaaaaah:1,Horatio_ORR_SandraWaaaaah,Horatio_ORR_SandraWaaaaah_es,1,"[ДИРЕКТОР УИНДСОР] Хорошо сыграно, Сандра-- уууаааа!!!!!!"
subtitle:Horatio_ORR_SandraWaaaaah:2,Horatio_ORR_SandraWaaaaah,Horatio_ORR_SandraWaaaaah_es,2,Уууаааа!!!!!!
subtitle:Horatio_ORR_SharkManual:1,Horatio_ORR_SharkManual,Horatio_ORR_SharkManual_es,1,"[ДИРЕКТОР УИНДСОР] Я начинаю жалеть, что не покормил этих акул... как рекомендовала инструкция!"
subtitle:Horatio_ORR_SweatyPalms:1,Horatio_ORR_SweatyPalms,Horatio_ORR_SweatyPalms_es,1,[ДИРЕКТОР УИНДСОР] У меня ладони начинают потеть!
subtitle:Horatio_SPY_BeatItOut:1,Horatio_SPY_BeatItOut,Horatio_SPY_BeatItOut_es,1,"[ДИРЕКТОР УИНДСОР] Подождите, ребята! Я вот-вот выбью из него правду!"
subtitle:Horatio_SPY_CaseToClose:1,Horatio_SPY_CaseToClose,Horatio_SPY_CaseToClose_es,1,"[ДИРЕКТОР УИНДСОР] Сандра, Ил. Пора закрыть это дело!"
subtitle:Horatio_SPY_ChefYouBastard:1,Horatio_SPY_ChefYouBastard,Horatio_SPY_ChefYouBastard_es,1,"[ДИРЕКТОР УИНДСОР] Повар, ты сволочь---! О нет, меня взрывает!"
subtitle:Horatio_SPY_ChefYouBastard_Alt1:1,Horatio_SPY_ChefYouBastard_Alt1,Horatio_SPY_ChefYouBastard_Alt1_es,1,"[ДИРЕКТОР УИНДСОР] Повар, ты сволочь---!"
subtitle:Horatio_SPY_CunningHeadmaster:1,Horatio_SPY_CunningHeadmaster,Horatio_SPY_CunningHeadmaster_es,1,[ДИРЕКТОР УИНДСОР] В очередной раз Академия в безопасности...
subtitle:Horatio_SPY_CunningHeadmaster:2,Horatio_SPY_CunningHeadmaster,Horatio_SPY_CunningHeadmaster_es,2,"Благодаря, в не малой степени..."
subtitle:Horatio_SPY_CunningHeadmaster:3,Horatio_SPY_CunningHeadmaster,Horatio_SPY_CunningHeadmaster_es,3,Его хитрому директору!
subtitle:Horatio_SPY_EndsTonight:1,Horatio_SPY_EndsTonight,Horatio_SPY_EndsTonight_es,1,[ДИРЕКТОР УИНДСОР] Всё это закончится СЕГОДНЯ ВЕЧЕРОМ!
subtitle:Horatio_SPY_NailThisSicko:1,Horatio_SPY_NailThisSicko,Horatio_SPY_NailThisSicko_es,1,[ДИРЕКТОР УИНДСОР] Так держать. Мы вот-вот поймаем этого маньяка!
subtitle:Horatio_SPY_ShutItDown:1,Horatio_SPY_ShutItDown,Horatio_SPY_ShutItDown_es,1,"[ДИРЕКТОР УИНДСОР] Выключи это, повар! Кабинет же новый!"
subtitle:Horatio_SPY_StopThingRodent:1,Horatio_SPY_StopThingRodent,Horatio_SPY_StopThingRodent_es,1,"[ДИРЕКТОР УИНДСОР] Скажи, как остановить эту штуку, ты крыса!"
subtitle:Horatio_SPY_StopThingRodent+Chef_SPY_YouCant:1,Horatio_SPY_StopThingRodent+Chef_SPY_YouCant,Horatio_SPY_StopThingRodent+Chef_SPY_YouCant_es,1,"[ДИРЕКТОР УИНДСОР] Скажи, как остановить эту штуку, ты крыса!"
subtitle:Horatio_SPY_StopThingRodent+Chef_SPY_YouCant:2,Horatio_SPY_StopThingRodent+Chef_SPY_YouCant,Horatio_SPY_StopThingRodent+Chef_SPY_YouCant_es,2,[ПОВАР КЭЛЛИОН] Не могу!!
subtitle:Horatio_SPY_TriedToKillMe:1,Horatio_SPY_TriedToKillMe,Horatio_SPY_TriedToKillMe_es,1,[ДИРЕКТОР УИНДСОР] Ты пытался меня убить!!
subtitle:Horatio_SPY_TriedToKillMe+Chef_SPY_DeservedIt:1,Horatio_SPY_TriedToKillMe+Chef_SPY_DeservedIt,Horatio_SPY_TriedToKillMe+Chef_SPY_DeservedIt_es,1,[ДИРЕКТОР УИНДСОР] Ты пытался меня убить!!
subtitle:Horatio_SPY_TriedToKillMe+Chef_SPY_DeservedIt:2,Horatio_SPY_TriedToKillMe+Chef_SPY_DeservedIt,Horatio_SPY_TriedToKillMe+Chef_SPY_DeservedIt_es,2,[ПОВАР КЭЛЛИОН] Ты это заслужил!!
subtitle:Horatio_YUM_AnxietySpiceOfLife:1,Horatio_YUM_AnxietySpiceOfLife,Horatio_YUM_AnxietySpiceOfLife_es,1,"[ДИРЕКТОР УИНДСОР] Надеюсь, вы там уже вспотели! Помните: тревога — это приправа к жизни!"
subtitle:Horatio_YUM_BLARGH:1,Horatio_YUM_BLARGH,Horatio_YUM_BLARGH_es,1,[ДИРЕКТОР ВИНДЗОР] БЛЛЛАААРРРГХХХХХ--*!
subtitle:Horatio_YUM_ChooChoo:1,Horatio_YUM_ChooChoo,Horatio_YUM_ChooChoo_es,1,[ДИРЕКТОР УИНДСОР] Встречайте поезд бургеров — чух-чух!
subtitle:Horatio_YUM_ChooChoo_Alt1:1,Horatio_YUM_ChooChoo_Alt1,Horatio_YUM_ChooChoo_Alt1_es,1,[ДИРЕКТОР УИНДСОР] Встречайте поезд бургеров — чух-чух! Ха-ха!
subtitle:Horatio_YUM_CountingOnionRings:1,Horatio_YUM_CountingOnionRings,Horatio_YUM_CountingOnionRings_es,1,[ДИРЕКТОР УИНДСОР] Эй! Что вы там делаете? Считаете кольца на каждой луковице?
subtitle:Horatio_YUM_MiddaySoup:1,Horatio_YUM_MiddaySoup,Horatio_YUM_MiddaySoup_es,1,[ДИРЕКТОР УИНДСОР] Обеденный суп...? Что за меню такое...
subtitle:Horatio_YUM_ReadyToEat:1,Horatio_YUM_ReadyToEat,Horatio_YUM_ReadyToEat_es,1,[ДИРЕКТОР УИНДСОР] И поторопитесь! Я готов есть с вчерашнего дня!
subtitle:Horatio_YUM_WeWantLunch:1,Horatio_YUM_WeWantLunch,Horatio_YUM_WeWantLunch_es,1,[ДИРЕКТОР УИНДСОР] Мы хотим обед! Мы хотим обед! Мы хотим обед!
subtitle:Horatio_YUM_WhoOrderedSalad:1,Horatio_YUM_WhoOrderedSalad,Horatio_YUM_WhoOrderedSalad_es,1,"[ДИРЕКТОР УИНДСОР] Кто заказал нам салат? Стоп, это я?"
subtitle:Jeb_BRK_BringEeelHome:1,Jeb_BRK_BringEeelHome,Jeb_BRK_BringEeelHome_es,1,"[ДЖЕБ] Поехали, привезём Ила домой!"
subtitle:Jeb_BRK_LetsGetOuttaHere:1,Jeb_BRK_LetsGetOuttaHere,Jeb_BRK_LetsGetOuttaHere_es,1,"[ДЖЕБ] Давай, уберёмся отсюда!"
subtitle:Jeb_BRK_TakingFire:1,Jeb_BRK_TakingFire,Jeb_BRK_TakingFire_es,1,"[ДЖЕБ] Быстрее, директор! По мне стреляют!"
subtitle:Jeb_DIM_AvoidTheLasers:1,Jeb_DIM_AvoidTheLasers,Jeb_DIM_AvoidTheLasers_es,1,"[ДЖЕБ] Нет-нет, надо уворачиваться от лазеров!"
subtitle:Jeb_DIM_ConveyerBeltNightmares:1,Jeb_DIM_ConveyerBeltNightmares,Jeb_DIM_ConveyerBeltNightmares_es,1,[ДЖЕБ] Нет! Конвейер!
subtitle:Jeb_DIM_ConveyerBeltNightmares:2,Jeb_DIM_ConveyerBeltNightmares,Jeb_DIM_ConveyerBeltNightmares_es,2,Прямо как в моих кошмарах!
subtitle:Jeb_DIM_CrangeGamesRigged:1,Jeb_DIM_CrangeGamesRigged,Jeb_DIM_CrangeGamesRigged_es,1,"[ДЖЕБ] Я знал, что эти игры с краном подстроены!"
subtitle:Jeb_DIM_CrateJob:1,Jeb_DIM_CrateJob,Jeb_DIM_CrateJob_es,1,[ДЖЕБ] Отличная работа с ящиками!
subtitle:Jeb_DIM_DecentDefusin:1,Jeb_DIM_DecentDefusin,Jeb_DIM_DecentDefusin_es,1,[ДЖЕБ] Неплохо обезвредил!
subtitle:Jeb_DIM_EndThisWau:1,Jeb_DIM_EndThisWau,Jeb_DIM_EndThisWau_es,1,"[ДЖЕБ] Я всегда знал, что так и закончится!"
subtitle:Jeb_DIM_GladSavedDuck:1,Jeb_DIM_GladSavedDuck,Jeb_DIM_GladSavedDuck_es,1,"[ДЖЕБ] Рад, что ты спас утёнка, но... может, теперь спасёшь меня?"
subtitle:Jeb_DIM_GlassisCrackin:1,Jeb_DIM_GlassisCrackin,Jeb_DIM_GlassisCrackin_es,1,"[ДЖЕБ] И похоже, стекло трескается! Продолжай!"
subtitle:Jeb_DIM_HoldOntoHats:1,Jeb_DIM_HoldOntoHats,Jeb_DIM_HoldOntoHats_es,1,[ДЖЕБ] Держитесь! Мы едем домой!
subtitle:Jeb_DIM_HopeDoesn_tHappen:1,Jeb_DIM_HopeDoesn_tHappen,Jeb_DIM_HopeDoesn_tHappen_es,1,"[ДЖЕБ] Я как раз надеялся, что со мной такого не случится!"
subtitle:Jeb_DIM_HurryLaserGut:1,Jeb_DIM_HurryLaserGut,Jeb_DIM_HurryLaserGut_es,1,"[ДЖЕБ] Быстрее, пожалуйста! Этот лазер летит прямо мне в живот!"
subtitle:Jeb_DIM_IsThatLaser:1,Jeb_DIM_IsThatLaser,Jeb_DIM_IsThatLaser_es,1,[ДЖЕБ] Чт... как я... это лазер?!
subtitle:Jeb_DIM_JuiceFree:1,Jeb_DIM_JuiceFree,Jeb_DIM_JuiceFree_es,1,"[ДЖЕБ] Никогда не думал, что буду так рад остаться без сока!"
subtitle:Jeb_DIM_KnowTheDrill:1,Jeb_DIM_KnowTheDrill,Jeb_DIM_KnowTheDrill_es,1,"[ДЖЕБ] Да-да, я знаю, как это работает. Снова в песочные часы..."
subtitle:Jeb_DIM_MyConsciousnessShowing:1,Jeb_DIM_MyConsciousnessShowing,Jeb_DIM_MyConsciousnessShowing_es,1,"[ДЖЕБ] Ой, нет! У меня сознание на поверхности!"
subtitle:Jeb_DIM_NotGonneLeaveMe:1,Jeb_DIM_NotGonneLeaveMe,Jeb_DIM_NotGonneLeaveMe_es,1,"[ДЖЕБ] Лестница! Отлично! ...Ты же не бросишь меня здесь, правда?"
subtitle:Jeb_DIM_OuttaHonkinHourglass:1,Jeb_DIM_OuttaHonkinHourglass,Jeb_DIM_OuttaHonkinHourglass_es,1,"[ДЖЕБ] Ты пришёл за мной! Я уже думал, что всё!"
subtitle:Jeb_DIM_OuttaHonkinHourglass:2,Jeb_DIM_OuttaHonkinHourglass,Jeb_DIM_OuttaHonkinHourglass_es,2,Выбирай меня из этих проклятых песочных часов!
subtitle:Jeb_DIM_PrizeisJeb:1,Jeb_DIM_PrizeisJeb,Jeb_DIM_PrizeisJeb_es,1,[ДЖЕБ] Ты выиграл! И приз — Джеб Джеберсон!
subtitle:Jeb_DIM_ReadytoShatter:1,Jeb_DIM_ReadytoShatter,Jeb_DIM_ReadytoShatter_es,1,[ДЖЕБ] Эта штука вот-вот разлетится! Ещё чуть-чуть!
subtitle:Jeb_DIM_SeeYaLaser:1,Jeb_DIM_SeeYaLaser,Jeb_DIM_SeeYaLaser_es,1,"[ДЖЕБ] Пока-пока, лазер!"
subtitle:Jeb_DIM_SmashtoSmithereens:1,Jeb_DIM_SmashtoSmithereens,Jeb_DIM_SmashtoSmithereens_es,1,[ДЖЕБ] Ладно! Разнесём эту штуку в пух и прах!
subtitle:Jeb_DIM_SoMuchJuice:1,Jeb_DIM_SoMuchJuice,Jeb_DIM_SoMuchJuice_es,1,[ДЖЕБ] Столько сока! Откуда он только берётся?!
subtitle:Jeb_DIM_StandingonLandmine:1,Jeb_DIM_StandingonLandmine,Jeb_DIM_StandingonLandmine_es,1,"[ДЖЕБ] Куда я... ой, нет! Я стою на мине."
subtitle:Jeb_DIM_StandingonLandmine:2,Jeb_DIM_StandingonLandmine,Jeb_DIM_StandingonLandmine_es,2,Вот везение!
subtitle:Jeb_DIM_SwornIWasGoner:1,Jeb_DIM_SwornIWasGoner,Jeb_DIM_SwornIWasGoner_es,1,"[ДЖЕБ] Я клянусь, там я уже был покойник!"
subtitle:Jeb_DIM_TrappedInTube:1,Jeb_DIM_TrappedInTube,Jeb_DIM_TrappedInTube_es,1,"[ДЖЕБ] Чт... ой, нет! Я застрял в трубе! Мой самый нелюбимый вид цилиндра!"
subtitle:Jeb_DIM_WatchItCowboy:1,Jeb_DIM_WatchItCowboy,Jeb_DIM_WatchItCowboy_es,1,"[ДЖЕБ] Аккуратнее с этой штукой, ковбой!"
subtitle:Jeb_DIM_WereBack:1,Jeb_DIM_WereBack,Jeb_DIM_WereBack_es,1,[ДЖЕБ] Чт!! Снова здесь?! Как это всё работает?!
subtitle:Jeb_DIM_WereBackBaby:1,Jeb_DIM_WereBackBaby,Jeb_DIM_WereBackBaby_es,1,[ДЖЕБ] Эй! Мы вернулись!
subtitle:Jeb_DIM_WereImmortal:1,Jeb_DIM_WereImmortal,Jeb_DIM_WereImmortal_es,1,"[ДЖЕБ] Это значит, что мы бессмертны??"
subtitle:Jeb_FLY_CarefulWithCrates:1,Jeb_FLY_CarefulWithCrates,Jeb_FLY_CarefulWithCrates_es,1,[ДЖЕБ] Аккуратнее с ящиками сзади!
subtitle:Jeb_FLY_CarefulWithCrates:2,Jeb_FLY_CarefulWithCrates,Jeb_FLY_CarefulWithCrates_es,2,В одном из них только солнцезащитный крем!
subtitle:Jeb_FLY_ComingInHot:1,Jeb_FLY_ComingInHot,Jeb_FLY_ComingInHot_es,1,[ДЖЕБ] Мы падаем слишком быстро! Слишком быстро!!
subtitle:Jeb_FLY_DontTurnOff:1,Jeb_FLY_DontTurnOff,Jeb_FLY_DontTurnOff_es,1,"[ДЖЕБ] Ой-ой, не выключай всё! Мы погибнем!"
subtitle:Jeb_FLY_FuelErUp:1,Jeb_FLY_FuelErUp,Jeb_FLY_FuelErUp_es,1,[ДЖЕБ] Давай заправляться! Пора уходить!
subtitle:Jeb_FLY_GetToEjector:1,Jeb_FLY_GetToEjector,Jeb_FLY_GetToEjector_es,1,[ДЖЕБ] Всё в порядке — автопилот включён!
subtitle:Jeb_FLY_GetToEjector:2,Jeb_FLY_GetToEjector,Jeb_FLY_GetToEjector_es,2,Бегите к зоне катапультирования!
subtitle:Jeb_FLY_GottaGetFuel:1,Jeb_FLY_GottaGetFuel,Jeb_FLY_GottaGetFuel_es,1,"[ДЖЕБ] Топливо, топливо — нам нужно это топливо!"
subtitle:Jeb_FLY_HelpMeOut:1,Jeb_FLY_HelpMeOut,Jeb_FLY_HelpMeOut_es,1,[ДЖЕБ] Помогите мне здесь!
subtitle:Jeb_FLY_HuhGoodGravy:1,Jeb_FLY_HuhGoodGravy,Jeb_FLY_HuhGoodGravy_es,1,"[ДЖЕБ] Что?! Боже, двигатель в огне!!"
subtitle:Jeb_FLY_HuhGoodGravy:2,Jeb_FLY_HuhGoodGravy,Jeb_FLY_HuhGoodGravy_es,2,"Быстро, нужно его погасить!"
subtitle:Jeb_FLY_JustHangOn:1,Jeb_FLY_JustHangOn,Jeb_FLY_JustHangOn_es,1,"[ДЖЕБ] Давай, этот шаткий реактивный!"
subtitle:Jeb_FLY_JustHangOn:2,Jeb_FLY_JustHangOn,Jeb_FLY_JustHangOn_es,2,Продержись ещё немного!
subtitle:Jeb_FLY_KeepLookingNeed:1,Jeb_FLY_KeepLookingNeed,Jeb_FLY_KeepLookingNeed_es,1,[ДЖЕБ] Ищите дальше! Нам нужно топливо для катапульты!
subtitle:Jeb_FLY_LocksOnEverything:1,Jeb_FLY_LocksOnEverything,Jeb_FLY_LocksOnEverything_es,1,"[ДЖЕБ] Ох, почему мы ставим замки на всё?!"
subtitle:Jeb_FLY_LuggageLeftBehind:1,Jeb_FLY_LuggageLeftBehind,Jeb_FLY_LuggageLeftBehind_es,1,[ДЖЕБ] Багаж директора тоже остался!
subtitle:Jeb_FLY_OnlyPackEssentials:1,Jeb_FLY_OnlyPackEssentials,Jeb_FLY_OnlyPackEssentials_es,1,"[ДЖЕБ] Чёрт, Соланж берёт с собой только самое необходимое!"
subtitle:Jeb_FLY_OverheadCompartments:1,Jeb_FLY_OverheadCompartments,Jeb_FLY_OverheadCompartments_es,1,[ДЖЕБ] Я открыл багажные полки!
subtitle:Jeb_FLY_OverheadCompartments:2,Jeb_FLY_OverheadCompartments,Jeb_FLY_OverheadCompartments_es,2,Выровняйте нас!
subtitle:Jeb_FLY_ThatWasntPlan:1,Jeb_FLY_ThatWasntPlan,Jeb_FLY_ThatWasntPlan_es,1,[ДЖЕБ] Чт… это не по плану!! У нас закончилось топливо для катапульты!
subtitle:Jeb_FLY_ThatWasntPlan:2,Jeb_FLY_ThatWasntPlan,Jeb_FLY_ThatWasntPlan_es,2,Где-то должен быть ещё один бак!
subtitle:Jeb_FLY_Wahoo:1,Jeb_FLY_Wahoo,Jeb_FLY_Wahoo_es,1,[ДЖЕБ] Ураааа!!!
subtitle:Jeb_FLY_Wahoo_Delayed:1,Jeb_FLY_Wahoo_Delayed,,1,[ДЖЕБ] Ураааа!!!
subtitle:Jeb_FLY_WereUnbalanced:1,Jeb_FLY_WereUnbalanced,Jeb_FLY_WereUnbalanced_es,1,[ДЖЕБ] Пожар потушен… но мы потеряли равновесие!
subtitle:Jeb_FLY_WereUnbalanced+Jeb_FLY_OverheadCompartments:1,Jeb_FLY_WereUnbalanced+Jeb_FLY_OverheadCompartments,Jeb_FLY_WereUnbalanced+Jeb_FLY_OverheadCompartments_es,1,[ДЖЕБ] Пожар потушен… но мы потеряли равновесие!
subtitle:Jeb_FLY_WereUnbalanced+Jeb_FLY_OverheadCompartments:2,Jeb_FLY_WereUnbalanced+Jeb_FLY_OverheadCompartments,Jeb_FLY_WereUnbalanced+Jeb_FLY_OverheadCompartments_es,2,Я открыл багажные полки!
subtitle:Jeb_FLY_WereUnbalanced+Jeb_FLY_OverheadCompartments:3,Jeb_FLY_WereUnbalanced+Jeb_FLY_OverheadCompartments,Jeb_FLY_WereUnbalanced+Jeb_FLY_OverheadCompartments_es,3,Выровняйте нас!
subtitle:Jeb_FLY_WhereAreWe:1,Jeb_FLY_WhereAreWe,Jeb_FLY_WhereAreWe_es,1,"[ДЖЕБ] Что случилось?! Где мы, чёрт возьми?!"
subtitle:Jeb_HMO_HiJebHere:1,Jeb_HMO_HiJebHere,Jeb_HMO_HiJebHere_es,1,*Звонит телефон*
subtitle:Jeb_HMO_HiJebHere:2,Jeb_HMO_HiJebHere,Jeb_HMO_HiJebHere_es,2,"[ДЖЕБ] Алло, это Джеб! Директор Соланж, вы на линии?"
subtitle:Jeb_HMO_HiJebHere:3,Jeb_HMO_HiJebHere,Jeb_HMO_HiJebHere_es,3,"О боже, вас кто-то угрозами принуждает?"
subtitle:Jeb_HMO_HiJebHere:4,Jeb_HMO_HiJebHere,Jeb_HMO_HiJebHere_es,4,*Кладёт трубку*
subtitle:Jeb_HMO_ThisIsJeb:1,Jeb_HMO_ThisIsJeb,Jeb_HMO_ThisIsJeb_es,1,*Звонит телефон*
subtitle:Jeb_HMO_ThisIsJeb:2,Jeb_HMO_ThisIsJeb,Jeb_HMO_ThisIsJeb_es,2,"[ДЖЕБ] Это Джеб! ...Директор Соланж, это вы?"
subtitle:Jeb_HMO_ThisIsJeb:3,Jeb_HMO_ThisIsJeb,Jeb_HMO_ThisIsJeb_es,3,*Вздыхает* Дети и их телефонные шутки...
subtitle:Jeb_HMO_ThisIsJeb:4,Jeb_HMO_ThisIsJeb,Jeb_HMO_ThisIsJeb_es,4,*Кладёт трубку*
subtitle:Jeb_HMO_YouveReachedJeb:1,Jeb_HMO_YouveReachedJeb,Jeb_HMO_YouveReachedJeb_es,1,*Звонит телефон*
subtitle:Jeb_HMO_YouveReachedJeb:2,Jeb_HMO_YouveReachedJeb,Jeb_HMO_YouveReachedJeb_es,2,"[ДЖЕБ] Это Джеб! Стойте, директор Соланж?"
subtitle:Jeb_HMO_YouveReachedJeb:3,Jeb_HMO_YouveReachedJeb,Jeb_HMO_YouveReachedJeb_es,3,Разве вы не должны были провести собеседование с новичком?
subtitle:Jeb_HMO_YouveReachedJeb:4,Jeb_HMO_YouveReachedJeb,Jeb_HMO_YouveReachedJeb_es,4,*Кладёт трубку*
subtitle:Jeb_LIB_ChamberOfKnowledge:1,Jeb_LIB_ChamberOfKnowledge,Jeb_LIB_ChamberOfKnowledge_es,1,[ДЖЕБ] Не зал знаний!!
subtitle:Jeb_LIB_ChamberOfKnowledge:2,Jeb_LIB_ChamberOfKnowledge,Jeb_LIB_ChamberOfKnowledge_es,2,Как теперь кто-то что-то узнает?!
subtitle:Jeb_LIB_Coughing:1,Jeb_LIB_Coughing,Jeb_LIB_Coughing_es,1,[ДЖЕБ] *Кашляет*
subtitle:Jeb_LIB_DoorsBeenLocked:1,Jeb_LIB_DoorsBeenLocked,Jeb_LIB_DoorsBeenLocked_es,1,[ДЖЕБ] Чёрт возьми... Дверь заперта снаружи!! Нам конец!!
subtitle:Jeb_LIB_HeyThereTalk:1,Jeb_LIB_HeyThereTalk,Jeb_LIB_HeyThereTalk_es,1,"[ДЖЕБ] Эй, поговорим позже!!"
subtitle:Jeb_LIB_HotDogTwo:1,Jeb_LIB_HotDogTwo,Jeb_LIB_HotDogTwo_es,1,"[ДЖЕБ] Ого, ещё две плитки — и мы отсюда!"
subtitle:Jeb_LIB_ItsAllGonna:1,Jeb_LIB_ItsAllGonna,Jeb_LIB_ItsAllGonna_es,1,"[ДЖЕБ] Всё будет хорошо, это... *кашль, кашель*... всё будет хорошо!"
subtitle:Jeb_LIB_ItsOpeningLets:1,Jeb_LIB_ItsOpeningLets,Jeb_LIB_ItsOpeningLets_es,1,[ДЖЕБ] Дверь открывается! Пойдём отсюда!
subtitle:Jeb_LIB_OkayGoodStart:1,Jeb_LIB_OkayGoodStart,Jeb_LIB_OkayGoodStart_es,1,"[ДЖЕБ] Ладно, хороший старт. Ещё пара плиток. Мы справимся!"
subtitle:Jeb_LIB_SmellsLikeYearbooks:1,Jeb_LIB_SmellsLikeYearbooks,Jeb_LIB_SmellsLikeYearbooks_es,1,"[ДЖЕБ] О нет, пахнет так, будто горят годовые альбомы!"
subtitle:Jeb_LIB_TheArtifactChamber:1,Jeb_LIB_TheArtifactChamber,Jeb_LIB_TheArtifactChamber_es,1,[ДЖЕБ] Зал артефактов! История эскапистов рассыпается у нас на глазах!
subtitle:Jeb_LIB_TheInvertedChamber:1,Jeb_LIB_TheInvertedChamber,Jeb_LIB_TheInvertedChamber_es,1,[ДЖЕБ] Зал инверсии!
subtitle:Jeb_LIB_TheInvertedChamber:2,Jeb_LIB_TheInvertedChamber,Jeb_LIB_TheInvertedChamber_es,2,"Ну, он мне и так не нравился…"
subtitle:Jeb_LIB_TheLastTile:1,Jeb_LIB_TheLastTile,Jeb_LIB_TheLastTile_es,1,[ДЖЕБ] Последняя плитка! Наш билет на волю!
subtitle:Jeb_LIB_TheSecretExit:1,Jeb_LIB_TheSecretExit,Jeb_LIB_TheSecretExit_es,1,"[ДЖЕБ] Секретный выход… Я думал, это просто легенда Академии!"
subtitle:Jeb_LIB_TheSecretExit:2,Jeb_LIB_TheSecretExit,Jeb_LIB_TheSecretExit_es,2,Это наш путь отсюда!!
subtitle:Jeb_LIB_ThisIsIt:1,Jeb_LIB_ThisIsIt,Jeb_LIB_ThisIsIt_es,1,[ДЖЕБ] Всё… было честью!
subtitle:Jeb_LIB_WeGottaGet_Alt:1,Jeb_LIB_WeGottaGet_Alt,Jeb_LIB_WeGottaGet_Alt_es,1,[ДЖЕБ] Нам нужно отсюда выбраться!
subtitle:Jeb_LIB_WeSurvivedWish_Alt:1,Jeb_LIB_WeSurvivedWish_Alt,Jeb_LIB_WeSurvivedWish_Alt_es,1,[ДЖЕБ] Мы выжили! Хотел бы я сказать то же самое о библиотеке…
subtitle:Jeb_MSC_Angry_Alt2:1,Jeb_MSC_Angry_Alt2,Jeb_MSC_Angry_Alt2_es,1,[ДЖЕБ] *Рычит*
subtitle:Jeb_MSC_Annoyed_Alt:1,Jeb_MSC_Annoyed_Alt,Jeb_MSC_Annoyed_Alt_es,1,[ДЖЕБ] *Раздражённо рычит*
subtitle:Jeb_MSC_Bored:1,Jeb_MSC_Bored,Jeb_MSC_Bored_es,1,[ДЖЕБ] *Вздыхает от скуки*
subtitle:Jeb_MSC_BoyDoI:1,Jeb_MSC_BoyDoI,Jeb_MSC_BoyDoI_es,1,[ДЖЕБ] Ну и люблю же я Академию.
subtitle:Jeb_MSC_Bye_Alt2:1,Jeb_MSC_Bye_Alt2,Jeb_MSC_Bye_Alt2_es,1,[ДЖЕБ] Пока!
subtitle:Jeb_MSC_Chuckle:1,Jeb_MSC_Chuckle,Jeb_MSC_Chuckle_es,1,[ДЖЕБ] *Хихикает*
subtitle:Jeb_MSC_Confused_Alt2:1,Jeb_MSC_Confused_Alt2,Jeb_MSC_Confused_Alt2_es,1,[ДЖЕБ] *Озадаченно хмыкает*
subtitle:Jeb_MSC_Defiant:1,Jeb_MSC_Defiant,Jeb_MSC_Defiant_es,1,[ДЖЕБ] *Вызывающе рычит*
subtitle:Jeb_MSC_Determined:1,Jeb_MSC_Determined,Jeb_MSC_Determined_es,1,[ДЖЕБ] *Решительно рычит*
subtitle:Jeb_MSC_Dismayed:1,Jeb_MSC_Dismayed,Jeb_MSC_Dismayed_es,1,[ДЖЕБ] *Ужасается*
subtitle:Jeb_MSC_Dismissive:1,Jeb_MSC_Dismissive,Jeb_MSC_Dismissive_es,1,[ДЖЕБ] *Пренебрежительно хмыкает*
subtitle:Jeb_MSC_Gasp:1,Jeb_MSC_Gasp,Jeb_MSC_Gasp_es,1,[ДЖЕБ] *Ахает*
subtitle:Jeb_MSC_Gasp_Alt:1,Jeb_MSC_Gasp_Alt,Jeb_MSC_Gasp_Alt_es,1,[ДЖЕБ] *Ахает*
subtitle:Jeb_MSC_Happy_Alt2:1,Jeb_MSC_Happy_Alt2,Jeb_MSC_Happy_Alt2_es,1,[ДЖЕБ] *Радостно ахает*
subtitle:Jeb_MSC_HeyNow:1,Jeb_MSC_HeyNow,Jeb_MSC_HeyNow_es,1,"[ДЖЕБ] Эй, ну хватит…"
subtitle:Jeb_MSC_HeyNow_ALT:1,Jeb_MSC_HeyNow_ALT,Jeb_MSC_HeyNow_ALT_es,1,"[ДЖЕБ] Эй, ну хватит…"
subtitle:Jeb_MSC_HeyThere:1,Jeb_MSC_HeyThere,Jeb_MSC_HeyThere_es,1,[ДЖЕБ] Привет!
subtitle:Jeb_MSC_Horrified:1,Jeb_MSC_Horrified,Jeb_MSC_Horrified_es,1,[ДЖЕБ] *Ужасается*
subtitle:Jeb_MSC_Horrified_Alt2:1,Jeb_MSC_Horrified_Alt2,Jeb_MSC_Horrified_Alt2_es,1,[ДЖЕБ] Нет!
subtitle:Jeb_MSC_Hurt:1,Jeb_MSC_Hurt,Jeb_MSC_Hurt_es,1,[ДЖЕБ] *Стонет от боли*
subtitle:Jeb_MSC_Inquisitive_Alt:1,Jeb_MSC_Inquisitive_Alt,Jeb_MSC_Inquisitive_Alt_es,1,[ДЖЕБ] *Вопросительно хмыкает*
subtitle:Jeb_MSC_Investigative:1,Jeb_MSC_Investigative,Jeb_MSC_Investigative_es,1,[ДЖЕБ] *Заинтересованно хмыкает*
subtitle:Jeb_MSC_Laugh:1,Jeb_MSC_Laugh,Jeb_MSC_Laugh_es,1,[ДЖЕБ] *Смеётся*
subtitle:Jeb_MSC_LemmeOuttaHere:1,Jeb_MSC_LemmeOuttaHere,Jeb_MSC_LemmeOuttaHere_es,1,[ДЖЕБ] Вытащите меня отсюда!
subtitle:Jeb_MSC_NoWait:1,Jeb_MSC_NoWait,Jeb_MSC_NoWait_es,1,"[ДЖЕБ] Нет, подожди!!"
subtitle:Jeb_MSC_OhGeez:1,Jeb_MSC_OhGeez,Jeb_MSC_OhGeez_es,1,"[ДЖЕБ] Ох, ну и дела."
subtitle:Jeb_MSC_OhHey:1,Jeb_MSC_OhHey,Jeb_MSC_OhHey_es,1,"[ДЖЕБ] О, привет!"
subtitle:Jeb_MSC_Panicked:1,Jeb_MSC_Panicked,Jeb_MSC_Panicked_es,1,[ДЖЕБ] *Паникует*
subtitle:Jeb_MSC_PantingEffort_Alt1:1,Jeb_MSC_PantingEffort_Alt1,Jeb_MSC_PantingEffort_Alt1_es,1,[ДЖЕБ] *Хрипит от усталости*
subtitle:Jeb_MSC_Portal:1,Jeb_MSC_Portal,Jeb_MSC_Portal_es,1,[ДЖЕБ] Отпустите меня-я-я-я-я-я--
subtitle:Jeb_MSC_Portal_ALT:1,Jeb_MSC_Portal_ALT,Jeb_MSC_Portal_ALT_es,1,[ДЖЕБ] Отпустите меня-я-я-я-я-я--
subtitle:Jeb_MSC_Proud_Alt:1,Jeb_MSC_Proud_Alt,Jeb_MSC_Proud_Alt_es,1,[ДЖЕБ] *Гордо хмыкает*
subtitle:Jeb_MSC_Scared:1,Jeb_MSC_Scared,Jeb_MSC_Scared_es,1,[ДЖЕБ] *Паникует*
subtitle:Jeb_MSC_Scared_Alt3:1,Jeb_MSC_Scared_Alt3,Jeb_MSC_Scared_Alt3_es,1,[ДЖЕБ] *Паникует*
subtitle:Jeb_MSC_Scared_Alt4:1,Jeb_MSC_Scared_Alt4,Jeb_MSC_Scared_Alt4_es,1,[ДЖЕБ] *Паникует*
subtitle:Jeb_MSC_Shocked:1,Jeb_MSC_Shocked,Jeb_MSC_Shocked_es,1,[ДЖЕБ] *Восклицает от удивления*
subtitle:Jeb_MSC_Sniff_Alt4:1,Jeb_MSC_Sniff_Alt4,Jeb_MSC_Sniff_Alt4_es,1,[ДЖЕБ] *Сморкается*
subtitle:Jeb_MSC_Surprised:1,Jeb_MSC_Surprised,Jeb_MSC_Surprised_es,1,[ДЖЕБ] *Восклицает от удивления*
subtitle:Jeb_MSC_Suspicious:1,Jeb_MSC_Suspicious,Jeb_MSC_Suspicious_es,1,[ДЖЕБ] *Подозрительно хмыкает*
subtitle:Jeb_MSC_TakingCharge:1,Jeb_MSC_TakingCharge,Jeb_MSC_TakingCharge_es,1,[ДЖЕБ] *Гордо хмыкает*
subtitle:Jeb_MSC_TearsOfJoy:1,Jeb_MSC_TearsOfJoy,Jeb_MSC_TearsOfJoy_es,1,[ДЖЕБ] *Плачет от радости*
subtitle:Jeb_MSC_Terrified1:1,Jeb_MSC_Terrified1,Jeb_MSC_Terrified1_es,1,[ДЖЕБ] *В ужасе*
subtitle:Jeb_MSC_Terrified2:1,Jeb_MSC_Terrified2,Jeb_MSC_Terrified2_es,1,[ДЖЕБ] *В ужасе*
subtitle:Jeb_MSC_Title:1,Jeb_MSC_Title,Jeb_MSC_Title_es,1,[ДЖЕБ] Академия побегов: Побег с Острова Анти-Побегов!
subtitle:Jeb_MSC_Upset_Alt1:1,Jeb_MSC_Upset_Alt1,Jeb_MSC_Upset_Alt1_es,1,[ДЖЕБ] *Грустит*
subtitle:Jeb_MSC_WereAlive:1,Jeb_MSC_WereAlive,Jeb_MSC_WereAlive_es,1,[ДЖЕБ] Мы живы!!
subtitle:Jeb_MSC_WhaWhaShock:1,Jeb_MSC_WhaWhaShock,Jeb_MSC_WhaWhaShock_es,1,[ДЖЕБ] Ч... что...
subtitle:Jeb_MSC_WishlistLoveGod:1,Jeb_MSC_WishlistLoveGod,Jeb_MSC_WishlistLoveGod_es,1,"[ДЖЕБ] Внесите нас в список желаний, ради бога!"
subtitle:Jeb_RAD_AlwaysEscapeVent:1,Jeb_RAD_AlwaysEscapeVent,Jeb_RAD_AlwaysEscapeVent_es,1,"[ДЖЕБ] Вот оно, вентиляционное отверстие!"
subtitle:Jeb_RAD_AlwaysEscapeVent:2,Jeb_RAD_AlwaysEscapeVent,Jeb_RAD_AlwaysEscapeVent_es,2,Через вентиляцию можно сбежать всегда!
subtitle:Jeb_RAD_DoesToHenchmen:1,Jeb_RAD_DoesToHenchmen,Jeb_RAD_DoesToHenchmen_es,1,[ДЖЕБ] Если доктор Немет так обращается со своими приспешниками...
subtitle:Jeb_RAD_DoesToHenchmen:2,Jeb_RAD_DoesToHenchmen,Jeb_RAD_DoesToHenchmen_es,2,что она сделает с нами?!
subtitle:Jeb_RAD_DontKnowAbout:1,Jeb_RAD_DontKnowAbout,Jeb_RAD_DontKnowAbout_es,1,"[ДЖЕБ] Не уверен, что это хорошая идея..."
subtitle:Jeb_RAD_FeelsOuttaPlace:1,Jeb_RAD_FeelsOuttaPlace,Jeb_RAD_FeelsOuttaPlace_es,1,[ДЖЕБ] В этом соковом баре что-то не так...
subtitle:Jeb_RAD_GoodBeTrue:1,Jeb_RAD_GoodBeTrue,Jeb_RAD_GoodBeTrue_es,1,"[ДЖЕБ] Я знал, что весь этот сок слишком хорош, чтобы быть правдой!"
subtitle:Jeb_RAD_HeavySecurity:1,Jeb_RAD_HeavySecurity,Jeb_RAD_HeavySecurity_es,1,"[ДЖЕБ] Блин, для соковой лавки тут серьёзная охрана."
subtitle:Jeb_RAD_HelloAnybodyHere:1,Jeb_RAD_HelloAnybodyHere,Jeb_RAD_HelloAnybodyHere_es,1,[ДЖЕБ] Алло? Есть кто?
subtitle:Jeb_RAD_HelloAnybodyHere:2,Jeb_RAD_HelloAnybodyHere,Jeb_RAD_HelloAnybodyHere_es,2,...что вообще тут происходит?
subtitle:Jeb_RAD_JuiceVerySuspicious:1,Jeb_RAD_JuiceVerySuspicious,Jeb_RAD_JuiceVerySuspicious_es,1,[ДЖЕБ] Я никогда не видел столько сока в одном месте.
subtitle:Jeb_RAD_JuiceVerySuspicious:2,Jeb_RAD_JuiceVerySuspicious,Jeb_RAD_JuiceVerySuspicious_es,2,Очень подозрительно...
subtitle:Jeb_RAD_JustKeepCrawling:1,Jeb_RAD_JustKeepCrawling,Jeb_RAD_JustKeepCrawling_es,1,"[ДЖЕБ] Не переживайте за меня, я их задержу!"
subtitle:Jeb_RAD_JustKeepCrawling:2,Jeb_RAD_JustKeepCrawling,Jeb_RAD_JustKeepCrawling_es,2,Просто ползите дальше!
subtitle:Jeb_RAD_MoreThanStools:1,Jeb_RAD_MoreThanStools,Jeb_RAD_MoreThanStools_es,1,"[ДЖЕБ] Я знал! Я знал, что это не просто вращающиеся табуретки!"
subtitle:Jeb_RAD_OhNoTrapped:1,Jeb_RAD_OhNoTrapped,Jeb_RAD_OhNoTrapped_es,1,"[ДЖЕБ] О нет, мы в ловушке! Мы в ловушке!"
subtitle:Jeb_RAD_RealShrimpy:1,Jeb_RAD_RealShrimpy,Jeb_RAD_RealShrimpy_es,1,[ДЖЕБ] В этом месте что-то нечисто...
subtitle:Jeb_RAD_StartingFeelFamiliar:1,Jeb_RAD_StartingFeelFamiliar,Jeb_RAD_StartingFeelFamiliar_es,1,[ДЖЕБ] Погодите-ка... мне это начинает казаться знакомым...
subtitle:Jeb_RAD_TheJuicekeepersOffice:1,Jeb_RAD_TheJuicekeepersOffice,Jeb_RAD_TheJuicekeepersOffice_es,1,[ДЖЕБ] Это кабинет управляющего соковой лавкой?
subtitle:Jeb_RAD_TheJuicekeepersOffice:2,Jeb_RAD_TheJuicekeepersOffice,Jeb_RAD_TheJuicekeepersOffice_es,2,*свистит*
subtitle:Jeb_RAD_TheJuicekeepersOffice:3,Jeb_RAD_TheJuicekeepersOffice,Jeb_RAD_TheJuicekeepersOffice_es,3,Очень технологично...
subtitle:Jeb_RAD_TuneWouldCatchier:1,Jeb_RAD_TuneWouldCatchier,Jeb_RAD_TuneWouldCatchier_es,1,"[ДЖЕБ] Эта мелодия была бы гораздо приятнее, если бы не была такой подозрительной..."
subtitle:Jeb_RAD_WeGottaRadio:1,Jeb_RAD_WeGottaRadio,Jeb_RAD_WeGottaRadio_es,1,[ДЖЕБ] Нужно связаться с директором! Но держите глаза открытыми...
subtitle:Jeb_RAD_Wuuaahh:1,Jeb_RAD_Wuuaahh,Jeb_RAD_Wuuaahh_es,1,[ДЖЕБ] Уууууааааа!!!!
subtitle:Jeb_RAD_Wuuaahh_ALT:1,Jeb_RAD_Wuuaahh_ALT,Jeb_RAD_Wuuaahh_ALT_es,1,[ДЖЕБ] Уууууааааа!!!!
subtitle:Jeb_RAD_Wuuaahh_Delayed:1,Jeb_RAD_Wuuaahh_Delayed,Jeb_RAD_Wuuaahh_Delayed_es,1,[ДЖЕБ] Уууууааааа!!!!
subtitle:Jeb_SNK_LetUsOut_ALT:1,Jeb_SNK_LetUsOut_ALT,Jeb_SNK_LetUsOut_ALT_es,1,"[ДЖЕБ] Эй, отпустите нас отсюда!"
subtitle:Jeb_TBT_DistractedByBuffet:1,Jeb_TBT_DistractedByBuffet,Jeb_TBT_DistractedByBuffet_es,1,[ДЖЕБ] Не отвлекайся на этот буфет! Это твоя гибель!
subtitle:Jeb_TBT_EverythingWentPerfectly:1,Jeb_TBT_EverythingWentPerfectly,Jeb_TBT_EverythingWentPerfectly_es,1,[ДЖЕБ] Всё прошло идеально!
subtitle:Jeb_TBT_GoodThingFireExtinguisher:1,Jeb_TBT_GoodThingFireExtinguisher,Jeb_TBT_GoodThingFireExtinguisher_es,1,"[ДЖЕБ] Хорошо, что огнетушитель сработал."
subtitle:Jeb_TBT_GoodThingFireExtinguisher:2,Jeb_TBT_GoodThingFireExtinguisher,Jeb_TBT_GoodThingFireExtinguisher_es,2,Обычно я ставлю их просто для вида!
subtitle:Jeb_TBT_HopeLikeStrawberry:1,Jeb_TBT_HopeLikeStrawberry,Jeb_TBT_HopeLikeStrawberry_es,1,"[ДЖЕБ] Надеюсь, тебе нравится клубника!"
subtitle:Jeb_TBT_ItTurnedSoupy:1,Jeb_TBT_ItTurnedSoupy,Jeb_TBT_ItTurnedSoupy_es,1,[ДЖЕБ] О нет! Оно превратилось в суп!
subtitle:Jeb_TBT_JeezEel:1,Jeb_TBT_JeezEel,Jeb_TBT_JeezEel_es,1,"[ДЖЕБ] Чёрт, Ил. Когда ты успел всё это подготовить?"
subtitle:Jeb_TBT_SomethingSpecialToday:1,Jeb_TBT_SomethingSpecialToday,Jeb_TBT_SomethingSpecialToday_es,1,"[ДЖЕБ] Ох, я так волнуюсь!"
subtitle:Jeb_TBT_SomethingSpecialToday:2,Jeb_TBT_SomethingSpecialToday,Jeb_TBT_SomethingSpecialToday_es,2,Сегодня какой-то особенный день!
subtitle:Jeb_TBT_UnlockTastyTreat_Alt:1,Jeb_TBT_UnlockTastyTreat_Alt,Jeb_TBT_UnlockTastyTreat_Alt_es,1,[ДЖЕБ] Давай! Попробуй разблокировать мой вкусный десерт!
subtitle:Jeb_TBT_WhoToastsDonut:1,Jeb_TBT_WhoToastsDonut,Jeb_TBT_WhoToastsDonut_es,1,[ДЖЕБ] Кто вообще поджаривает пончик?!
subtitle:Jeb_TBT_WhyMilkshakeEel:1,Jeb_TBT_WhyMilkshakeEel,Jeb_TBT_WhyMilkshakeEel_es,1,"[ДЖЕБ] Но почему это должен был быть мой молочный коктейль, Ил?"
subtitle:Jeb_TUT_EscapeAcademy:1,Jeb_TUT_EscapeAcademy,Jeb_TUT_EscapeAcademy_es,1,[ДЖЕБ] Академия побегов!
subtitle:Jeb_TUT_HoldOnTight:1,Jeb_TUT_HoldOnTight,Jeb_TUT_HoldOnTight_es,1,"[ДЖЕБ] Держитесь крепче, все! Следующая остановка…"
subtitle:Jeb_UNP_ActivatedNotGood_Alt:1,Jeb_UNP_ActivatedNotGood_Alt,Jeb_UNP_ActivatedNotGood_Alt_es,1,[ДЖЕБ] Активирован?! Это плохо!
subtitle:Jeb_UNP_ActivatedNotGood_Alt:2,Jeb_UNP_ActivatedNotGood_Alt,Jeb_UNP_ActivatedNotGood_Alt_es,2,Просто... сохраняй спокойствие! Ты справишься!
subtitle:Jeb_UNP_AlreadyHydrated:1,Jeb_UNP_AlreadyHydrated,Jeb_UNP_AlreadyHydrated_es,1,[ДЖЕБ] Хватит воды! Вы и так уже напились!
subtitle:Jeb_UNP_DontBreathWater:1,Jeb_UNP_DontBreathWater,Jeb_UNP_DontBreathWater_es,1,"[ДЖЕБ] Просто... что бы вы ни делали, не дышите водой!"
subtitle:Jeb_UNP_DontPanic:1,Jeb_UNP_DontPanic,Jeb_UNP_DontPanic_es,1,"[ДЖЕБ] Ладно, не паникуйте. По одному этажу за раз!"
subtitle:Jeb_UNP_IDidntDrownYou:1,Jeb_UNP_IDidntDrownYou,Jeb_UNP_IDidntDrownYou_es,1,[ДЖЕБ] Боже мой! Я вас не утопил! Я вас не утопил!!
subtitle:Jeb_UNP_ItsNotWorthIt:1,Jeb_UNP_ItsNotWorthIt,Jeb_UNP_ItsNotWorthIt_es,1,"[ДЖЕБ] Что бы вы там ни оставили, оно того не стоит!"
subtitle:Jeb_UNP_KeepItTogether:1,Jeb_UNP_KeepItTogether,Jeb_UNP_KeepItTogether_es,1,"[ДЖЕБ] Соберись, Джеб..! Они выберутся, все будет хорошо..!"
subtitle:Jeb_UNP_MindTheStuff:1,Jeb_UNP_MindTheStuff,Jeb_UNP_MindTheStuff_es,1,[ДЖЕБ] Не обращайте внимания на вещи повсюду-- я сейчас между квартирами. Сосредоточьтесь!
subtitle:Jeb_UNP_MindTheStuff:2,Jeb_UNP_MindTheStuff,Jeb_UNP_MindTheStuff_es,2,Сосредоточьтесь!
subtitle:Jeb_UNP_NoMyStuff:1,Jeb_UNP_NoMyStuff,Jeb_UNP_NoMyStuff_es,1,"[ДЖЕБ] О нет, мои вещи!"
subtitle:Jeb_UNP_NoTimeGuesswork:1,Jeb_UNP_NoTimeGuesswork,Jeb_UNP_NoTimeGuesswork_es,1,[ДЖЕБ] У нас нет времени на догадки!
subtitle:Jeb_UNP_WhatMessage:1,Jeb_UNP_WhatMessage,Jeb_UNP_WhatMessage_es,1,[ДЖЕБ] Сообщение?! Какое сообщение?! Я не слушал!
subtitle:Jeb_UNP_WishIStudied:1,Jeb_UNP_WishIStudied,Jeb_UNP_WishIStudied_es,1,"[ДЖЕБ] Черт... Жаль, что я не потратил время на изучение этих головоломок!"
subtitle:JuiceBot_USB_AllSystemsJuice:1,JuiceBot_USB_AllSystemsJuice,JuiceBot_USB_AllSystemsJuice_es,1,[СОК-БОТ] Все системы в соке.
subtitle:JuiceBot_USB_FavoriteFlavorBattery:1,JuiceBot_USB_FavoriteFlavorBattery,JuiceBot_USB_FavoriteFlavorBattery_es,1,[СОК-БОТ] Мой любимый вкус — батарейный.
subtitle:JuiceBot_USB_ImJuiced:1,JuiceBot_USB_ImJuiced,JuiceBot_USB_ImJuiced_es,1,[СОК-БОТ] Я в соке.
subtitle:JuiceBot_USB_JuiceIsBoost:1,JuiceBot_USB_JuiceIsBoost,JuiceBot_USB_JuiceIsBoost_es,1,[СОК-БОТ] Сок — это буст.
subtitle:JuiceBot_USB_JuiceItLoseIt:1,JuiceBot_USB_JuiceItLoseIt,JuiceBot_USB_JuiceItLoseIt_es,1,"[СОК-БОТ] Либо сок, либо провал."
subtitle:Liz_EXP_AcademyNeverExpelled:1,Liz_EXP_AcademyNeverExpelled,Liz_EXP_AcademyNeverExpelled_es,1,[ДОКТОР НЕМЕШ] Академия никогда не должна была меня отчислить!
subtitle:Liz_EXP_CalculationsInMind:1,Liz_EXP_CalculationsInMind,Liz_EXP_CalculationsInMind_es,1,[ДОКТОР НЕМЕШ] Делайте с нашими компьютерами что хотите!
subtitle:Liz_EXP_CalculationsInMind:2,Liz_EXP_CalculationsInMind,Liz_EXP_CalculationsInMind_es,2,ВСЕ САМЫЕ ВАЖНЫЕ РАСЧЕТЫ ПРОИЗВОДЯТСЯ
subtitle:Liz_EXP_CalculationsInMind:3,Liz_EXP_CalculationsInMind,Liz_EXP_CalculationsInMind_es,3,В МОЕЙ ГОЛОВЕ!
subtitle:Liz_EXP_ConverterEfficiency:1,Liz_EXP_ConverterEfficiency,Liz_EXP_ConverterEfficiency_es,1,[ДОКТОР НЕМЕШ] КПД конвертера составляет
subtitle:Liz_EXP_ConverterEfficiency:2,Liz_EXP_ConverterEfficiency,Liz_EXP_ConverterEfficiency_es,2,сто двадцать два процента! Ха-ха-ха!
subtitle:Liz_EXP_DareInterruptExperiment:1,Liz_EXP_DareInterruptExperiment,Liz_EXP_DareInterruptExperiment_es,1,[ДОКТОР НЕМЕШ] Ах!! Ты смеешь прервать мой эксперимент?!
subtitle:Liz_EXP_DareInterruptExperiment:2,Liz_EXP_DareInterruptExperiment,Liz_EXP_DareInterruptExperiment_es,2,Вон отсюда!
subtitle:Liz_EXP_DareYouStop:1,Liz_EXP_DareYouStop,Liz_EXP_DareYouStop_es,1,[ДОКТОР НЕМЕШ] Нет! Нет! Нет!!!
subtitle:Liz_EXP_DareYouStop:2,Liz_EXP_DareYouStop,Liz_EXP_DareYouStop_es,2,Как ты смеешь остановить меня на пороге научной славы!
subtitle:Liz_EXP_DisengageTheFailsaifes:1,Liz_EXP_DisengageTheFailsaifes,Liz_EXP_DisengageTheFailsaifes_es,1,"[ДОКТОР НЕМЕШ] Может, если отключить предохранители… да! Да!"
subtitle:Liz_EXP_MorePower:1,Liz_EXP_MorePower,Liz_EXP_MorePower_es,1,[ДОКТОР НЕМЕШ] Больше мощности!! Портал выдержит больше мощности!!
subtitle:Liz_EXP_MorePower + Scientist1_EXP_HoldMuchEnergy:1,Liz_EXP_MorePower + Scientist1_EXP_HoldMuchEnergy,Liz_EXP_MorePower + Scientist1_EXP_HoldMuchEnergy_es,1,[ДОКТОР НЕМЕШ] Больше мощности!! Портал выдержит больше мощности!!
subtitle:Liz_EXP_MorePower + Scientist1_EXP_HoldMuchEnergy:2,Liz_EXP_MorePower + Scientist1_EXP_HoldMuchEnergy,Liz_EXP_MorePower + Scientist1_EXP_HoldMuchEnergy_es,2,[УЧЁНЫЙ] Но доктор! Наше оборудование не рассчитано на такой объём энергии!
subtitle:Liz_EXP_Never:1,Liz_EXP_Never,Liz_EXP_Never_es,1,[ДОКТОР НЕМЕШ] Никогда!!
subtitle:Liz_EXP_PortalBeFed:1,Liz_EXP_PortalBeFed,Liz_EXP_PortalBeFed_es,1,[ДОКТОР НЕМЕШ] Портал голоден… и его нужно накормить!
subtitle:Liz_EXP_PortalItsBeautiful:1,Liz_EXP_PortalItsBeautiful,Liz_EXP_PortalItsBeautiful_es,1,[ДОКТОР НЕМЕШ] Мой портал… он прекрасен.
subtitle:Liz_EXP_QuitMeddling:1,Liz_EXP_QuitMeddling,Liz_EXP_QuitMeddling_es,1,"[ДОКТОР НЕМЕШ] Ах!! Перестань лезть в то, чего не понимаешь!"
subtitle:Liz_EXP_SteelYourselves:1,Liz_EXP_SteelYourselves,Liz_EXP_SteelYourselves_es,1,[ДОКТОР НЕМЕШ] Приготовьтесь!
subtitle:Liz_EXP_SteelYourselves:2,Liz_EXP_SteelYourselves,Liz_EXP_SteelYourselves_es,2,Мой эксперимент только начинается!
subtitle:Liz_EXP_ToiledForYears:1,Liz_EXP_ToiledForYears,Liz_EXP_ToiledForYears_es,1,"[ДОКТОР НЕМЕШ] Я трудилась годами, чтобы получить доступ к Измерению Захвата…"
subtitle:Liz_EXP_ToiledForYears:2,Liz_EXP_ToiledForYears,Liz_EXP_ToiledForYears_es,2,и вот этот день наконец настал!
subtitle:Liz_MSC_Annoyed:1,Liz_MSC_Annoyed,Liz_MSC_Annoyed_es,1,[ДОКТОР НЕМЕШ] *Раздражённо рычит*
subtitle:Liz_MSC_Betrayed:1,Liz_MSC_Betrayed,Liz_MSC_Betrayed_es,1,[ДОКТОР НЕМЕШ] *Раздражённо рычит*
subtitle:Liz_MSC_Chuckle:1,Liz_MSC_Chuckle,Liz_MSC_Chuckle_es,1,[ДОКТОР НЕМЕШ] *Смеётся безумно*
subtitle:Liz_MSC_Defeated:1,Liz_MSC_Defeated,Liz_MSC_Defeated_es,1,[ДОКТОР НЕМЕШ] *Стонет от поражения*
subtitle:Liz_MSC_Defeated_ALT:1,Liz_MSC_Defeated_ALT,Liz_MSC_Defeated_ALT_es,1,[ДОКТОР НЕМЕШ] *Стонет от поражения*
subtitle:Liz_MSC_Defiant:1,Liz_MSC_Defiant,Liz_MSC_Defiant_es,1,[ДОКТОР НЕМЕШ] *Вызывающе рычит*
subtitle:Liz_MSC_Determined:1,Liz_MSC_Determined,Liz_MSC_Determined_es,1,[ДОКТОР НЕМЕШ] *Решительно рычит*
subtitle:Liz_MSC_Envious:1,Liz_MSC_Envious,Liz_MSC_Envious_es,1,[ДОКТОР НЕМЕШ] *Завистливо рычит*
subtitle:Liz_MSC_ForScience:1,Liz_MSC_ForScience,Liz_MSC_ForScience_es,1,[ДОКТОР НЕМЕТ] Ради науки!
subtitle:Liz_MSC_Furious:1,Liz_MSC_Furious,Liz_MSC_Furious_es,1,[ДОКТОР НЕМЕТ] *Рычит*
subtitle:Liz_MSC_Furious_ALT:1,Liz_MSC_Furious_ALT,Liz_MSC_Furious_ALT_es,1,[ДОКТОР НЕМЕТ] *Рычит*
subtitle:Liz_MSC_Gasp:1,Liz_MSC_Gasp,Liz_MSC_Gasp_es,1,[ДОКТОР НЕМЕТ] *Ахает*
subtitle:Liz_MSC_GenuineLaugh:1,Liz_MSC_GenuineLaugh,Liz_MSC_GenuineLaugh_es,1,[ДОКТОР НЕМЕТ] *Хохочет в голос*
subtitle:Liz_MSC_Gleeful:1,Liz_MSC_Gleeful,Liz_MSC_Gleeful_es,1,[ДОКТОР НЕМЕТ] *Радостно восклицает*
subtitle:Liz_MSC_HelloEscapist:1,Liz_MSC_HelloEscapist,Liz_MSC_HelloEscapist_es,1,"[ДОКТОР НЕМЕТ] Приветствую, эскапист."
subtitle:Liz_MSC_Horrified:1,Liz_MSC_Horrified,Liz_MSC_Horrified_es,1,[ДОКТОР НЕМЕТ] *В ужасе*
subtitle:Liz_MSC_Inquisitive:1,Liz_MSC_Inquisitive,Liz_MSC_Inquisitive_es,1,[ДОКТОР НЕМЕТ] *Вопросительно хмыкает*
subtitle:Liz_MSC_ListenUp:1,Liz_MSC_ListenUp,Liz_MSC_ListenUp_es,1,[ДОКТОР НЕМЕТ] Слушай сюда!
subtitle:Liz_MSC_Mesmerized:1,Liz_MSC_Mesmerized,Liz_MSC_Mesmerized_es,1,[ДОКТОР НЕМЕТ] *Вздыхает от восхищения*
subtitle:Liz_MSC_No:1,Liz_MSC_No,Liz_MSC_No_es,1,[ДОКТОР НЕМЕТ] Нет--!
subtitle:Liz_MSC_Ouch:1,Liz_MSC_Ouch,Liz_MSC_Ouch_es,1,[ДОКТОР НЕМЕТ] Ай!
subtitle:Liz_MSC_Ouch2:1,Liz_MSC_Ouch2,Liz_MSC_Ouch2_es,1,[ДОКТОР НЕМЕТ] Ай!
subtitle:Liz_MSC_Ouch_ALT:1,Liz_MSC_Ouch_ALT,Liz_MSC_Ouch_ALT_es,1,[ДОКТОР НЕМЕТ] Ай!
subtitle:Liz_MSC_OutOfWay:1,Liz_MSC_OutOfWay,Liz_MSC_OutOfWay_es,1,[ДОКТОР НЕМЕТ] С дороги.
subtitle:Liz_MSC_Panicked:1,Liz_MSC_Panicked,Liz_MSC_Panicked_es,1,[ДОКТОР НЕМЕТ] *Паникует*
subtitle:Liz_MSC_Quiet:1,Liz_MSC_Quiet,Liz_MSC_Quiet_es,1,[ДОКТОР НЕМЕТ] Тихо!!
subtitle:Liz_MSC_Quiet_ALT:1,Liz_MSC_Quiet_ALT,Liz_MSC_Quiet_ALT_es,1,[ДОКТОР НЕМЕТ] Тихо!!
subtitle:Liz_MSC_Scoff:1,Liz_MSC_Scoff,Liz_MSC_Scoff_es,1,[ДОКТОР НЕМЕТ] *Фыркает*
subtitle:Liz_MSC_Smug:1,Liz_MSC_Smug,Liz_MSC_Smug_es,1,[ДОКТОР НЕМЕТ] *Самодовольно хмыкает*
subtitle:Liz_MSC_Sneer:1,Liz_MSC_Sneer,Liz_MSC_Sneer_es,1,[ДОКТОР НЕМЕТ] *Саркастично фыркает*
subtitle:Liz_MSC_Sneer2:1,Liz_MSC_Sneer2,Liz_MSC_Sneer2_es,1,[ДОКТОР НЕМЕТ] Ну и ну... (смех)
subtitle:Liz_MSC_Title:1,Liz_MSC_Title,Liz_MSC_Title_es,1,[???] Академия побегов: Побег с Острова Анти-Побегов!
subtitle:Liz_MSC_Title:2,Liz_MSC_Title,Liz_MSC_Title_es,2,Ха-ха-ха!
subtitle:Liz_MSC_ToMeScientists:1,Liz_MSC_ToMeScientists,Liz_MSC_ToMeScientists_es,1,"[ДОКТОР НЕМЕТ] Ко мне, мои учёные!"
subtitle:Liz_MSC_UnhingedLaugh:1,Liz_MSC_UnhingedLaugh,Liz_MSC_UnhingedLaugh_es,1,[ДОКТОР НЕМЕТ] *Смеётся безумно*
subtitle:Liz_MSC_UnhingedLaugh2:1,Liz_MSC_UnhingedLaugh2,Liz_MSC_UnhingedLaugh2_es,1,[ДОКТОР НЕМЕТ] *Смеётся безумно*
subtitle:Liz_SNK_CubicleConfinement:1,Liz_SNK_CubicleConfinement,Liz_SNK_CubicleConfinement_es,1,*Динь-дон*
subtitle:Liz_SNK_CubicleConfinement:2,Liz_SNK_CubicleConfinement,Liz_SNK_CubicleConfinement_es,2,[ДОКТОР НЕМЕТ] Первый этаж: Офисы
subtitle:Liz_SNK_ExperimentBegun:1,Liz_SNK_ExperimentBegun,Liz_SNK_ExperimentBegun_es,1,[ДОКТОР НЕМЕТ] Заблокируйте двери лаборатории!
subtitle:Liz_SNK_ExperimentBegun:2,Liz_SNK_ExperimentBegun,Liz_SNK_ExperimentBegun_es,2,Экспериммент начался!
subtitle:Liz_SNK_ExperimentCountdown:1,Liz_SNK_ExperimentCountdown,Liz_SNK_ExperimentCountdown_es,1,[ДОКТОР НЕМЕТ] Запущен обратный отсчёт эксперимента!
subtitle:Liz_SNK_ExperimentCountdown:2,Liz_SNK_ExperimentCountdown,Liz_SNK_ExperimentCountdown_es,2,"Все ключевые учёные, к входу в лабораторию!"
subtitle:Liz_SNK_FloorTwoLaundry:1,Liz_SNK_FloorTwoLaundry,Liz_SNK_FloorTwoLaundry_es,1,*Динь-дон*
subtitle:Liz_SNK_FloorTwoLaundry:2,Liz_SNK_FloorTwoLaundry,Liz_SNK_FloorTwoLaundry_es,2,[ДОКТОР НЕМЕТ] Второй этаж: Прачечная
subtitle:Liz_SNK_LabLevel_ALT:1,Liz_SNK_LabLevel_ALT,Liz_SNK_LabLevel_ALT_es,1,*Динь-дон*
subtitle:Liz_SNK_LabLevel_ALT:2,Liz_SNK_LabLevel_ALT,Liz_SNK_LabLevel_ALT_es,2,[ДОКТОР НЕМЕТ] Третий этаж: Лаборатория
subtitle:Liz_SNK_LavaConvertersStartup:1,Liz_SNK_LavaConvertersStartup,Liz_SNK_LavaConvertersStartup_es,1,[ДОКТОР НЕМЕТ] Конвертеры лавы вошли в фазу запуска!
subtitle:Liz_SNK_LavaConvertersStartup:2,Liz_SNK_LavaConvertersStartup,Liz_SNK_LavaConvertersStartup_es,2,Сила вулкана в одно нажатие кнопки...! Великолепно!
subtitle:Liz_SNK_NoBathroomBreaks_ALT:1,Liz_SNK_NoBathroomBreaks_ALT,Liz_SNK_NoBathroomBreaks_ALT_es,1,[ДОКТОР НЕМЕТ] И небольшое напоминание:
subtitle:Liz_SNK_NoBathroomBreaks_ALT:2,Liz_SNK_NoBathroomBreaks_ALT,Liz_SNK_NoBathroomBreaks_ALT_es,2,после начала эксперимента в туалет ходить нельзя.
subtitle:Liz_SNK_NoBathroomBreaks_ALT:3,Liz_SNK_NoBathroomBreaks_ALT,Liz_SNK_NoBathroomBreaks_ALT_es,3,"Я смотрю на тебя, Тодд. Ты ел молочное на обед."
subtitle:Liz_SNK_RealityStabilizers:1,Liz_SNK_RealityStabilizers,Liz_SNK_RealityStabilizers_es,1,[ДОКТОР НЕМЕТ] Стабилизаторы реальности активны!
subtitle:Liz_SNK_RealityStabilizers:2,Liz_SNK_RealityStabilizers,Liz_SNK_RealityStabilizers_es,2,Теперь эскапистам некуда деваться!
subtitle:Liz_SNK_ScienceProhibited:1,Liz_SNK_ScienceProhibited,Liz_SNK_ScienceProhibited_es,1,*Динь-дон*
subtitle:Liz_SNK_ScienceProhibited:2,Liz_SNK_ScienceProhibited,Liz_SNK_ScienceProhibited_es,2,"[ДОКТОР НЕМЕТ] Помните: наука строго запрещена, пока лифт движется."
subtitle:Liz_SNK_ScienceStorage:1,Liz_SNK_ScienceStorage,Liz_SNK_ScienceStorage_es,1,*Динь-дон*
subtitle:Liz_SNK_ScienceStorage:2,Liz_SNK_ScienceStorage,Liz_SNK_ScienceStorage_es,2,[ДОКТОР НЕМЕТ] Подвал: Склад научного оборудования
subtitle:Liz_SNK_ShowGuestsMight:1,Liz_SNK_ShowGuestsMight,Liz_SNK_ShowGuestsMight_es,1,[ДОКТОР НЕМЕТ] Стража! Пора показать нашим гостям мощь
subtitle:Liz_SNK_ShowGuestsMight:2,Liz_SNK_ShowGuestsMight,Liz_SNK_ShowGuestsMight_es,2,учёных «Анти-Побег»!
subtitle:Liz_SNK_ShowGuestsMight:3,Liz_SNK_ShowGuestsMight,Liz_SNK_ShowGuestsMight_es,3,За мной!
subtitle:Liz_SNK_ShowGuestsMight_ForScience:1,Liz_SNK_ShowGuestsMight_ForScience,Liz_SNK_ShowGuestsMight_ForScience_es,1,[ДОКТОР НЕМЕТ] Стража! Пора показать нашим гостям мощь
subtitle:Liz_SNK_ShowGuestsMight_ForScience:2,Liz_SNK_ShowGuestsMight_ForScience,Liz_SNK_ShowGuestsMight_ForScience_es,2,учёных «Анти-Побег»!
subtitle:Liz_SNK_ShowGuestsMight_ForScience:3,Liz_SNK_ShowGuestsMight_ForScience,Liz_SNK_ShowGuestsMight_ForScience_es,3,За мной!
subtitle:Liz_SNK_ShowGuestsMight_ForScience:4,Liz_SNK_ShowGuestsMight_ForScience,Liz_SNK_ShowGuestsMight_ForScience_es,4,[УЧЁНЫЕ] Ради науки!!
subtitle:Liz_SNK_TimeScienceNigh:1,Liz_SNK_TimeScienceNigh,Liz_SNK_TimeScienceNigh_es,1,[ДОКТОР НЕМЕТ] Время науки наступило!
subtitle:Liz_SNK_TimeScienceNigh:2,Liz_SNK_TimeScienceNigh,Liz_SNK_TimeScienceNigh_es,2,Двигайтесь к эксперименту!
subtitle:Liz_SNK_WhatWaitingFor:1,Liz_SNK_WhatWaitingFor,Liz_SNK_WhatWaitingFor_es,1,"[ДОКТОР НЕМЕТ] Учёные, здравствуйте... чего вы ждёте?! На лабораторию!"
subtitle:Liz_SNK_WhatWaitingFor:2,Liz_SNK_WhatWaitingFor,Liz_SNK_WhatWaitingFor_es,2,Приходится всё повторять этим идиотам...
subtitle:Mads_MSC_Annoyed_Alt1:1,Mads_MSC_Annoyed_Alt1,Mads_MSC_Annoyed_Alt1_es,1,[ПРОФЕССОР МОНСТРОНГ] *Раздражённо рычит*
subtitle:Mads_MSC_Groan:1,Mads_MSC_Groan,Mads_MSC_Groan_es,1,[ПРОФЕССОР МОНСТРОНГ] *Бессознательный стон*
subtitle:Mads_MSC_Groan_Alt1:1,Mads_MSC_Groan_Alt1,Mads_MSC_Groan_Alt1_es,1,[ПРОФЕССОР МОНСТРОНГ] *Бессознательный стон*
subtitle:Mads_MSC_Groan_Alt2:1,Mads_MSC_Groan_Alt2,Mads_MSC_Groan_Alt2_es,1,[ПРОФЕССОР МОНСТРОНГ] *Бессознательный стон*
subtitle:Mads_MSC_ThatJackass_Alt1:1,Mads_MSC_ThatJackass_Alt1,Mads_MSC_ThatJackass_Alt1_es,1,[ПРОФЕССОР МОНСТРОНГ] Горацио…
subtitle:Mads_MSC_ThatJackass_Alt1:2,Mads_MSC_ThatJackass_Alt1,Mads_MSC_ThatJackass_Alt1_es,2,Этот идиот.
subtitle:Mads_SAW_BetterBelieveIt:1,Mads_SAW_BetterBelieveIt,Mads_SAW_BetterBelieveIt_es,1,"[ПРОФЕССОР МОНСТРОНГ] Поверь, это так."
subtitle:Mads_SAW_BetterReimburseMe:1,Mads_SAW_BetterReimburseMe,Mads_SAW_BetterReimburseMe_es,1,[ПРОФЕССОР МОНСТРОНГ] Горацио бы лучше отдал мне деньги за запчасти в этот раз...
subtitle:Mads_SAW_BetterReimburseMe_Alt1:1,Mads_SAW_BetterReimburseMe_Alt1,Mads_SAW_BetterReimburseMe_Alt1_es,1,[ПРОФЕССОР МОНСТРОНГ] Виндзору бы лучше возместить мне стоимость запчастей в этот раз...
subtitle:Mads_SAW_CarefulPullingOut:1,Mads_SAW_CarefulPullingOut,Mads_SAW_CarefulPullingOut_es,1,[ПРОФЕССОР МОНСТРОНГ] Аккуратнее выходи -- я тебя не застраховала!
subtitle:Mads_SAW_CarefulSharp:1,Mads_SAW_CarefulSharp,Mads_SAW_CarefulSharp_es,1,[ПРОФЕССОР МОНСТРОНГ] Осторожно там. Острые края!
subtitle:Mads_SAW_FiguredOutBuzzsaw:1,Mads_SAW_FiguredOutBuzzsaw,Mads_SAW_FiguredOutBuzzsaw_es,1,"[ПРОФЕССОР МОНСТРОНГ] О, хорошо, ты разобрался с циркулярной пилой."
subtitle:Mads_SAW_HoratioJunk:1,Mads_SAW_HoratioJunk,Mads_SAW_HoratioJunk_es,1,"[ПРОФЕССОР МОНСТРОНГ] Ладно, совершим невозможное. Поднимем этот кусок хлама Горацио в воздух!"
subtitle:Mads_SAW_LizPromising:1,Mads_SAW_LizPromising,Mads_SAW_LizPromising_es,1,[ПРОФЕССОР МОНСТРОНГ] Лиз -- перспективная студентка... но немного дикая!
subtitle:Mads_SAW_NeverHearEnd:1,Mads_SAW_NeverHearEnd,Mads_SAW_NeverHearEnd_es,1,"[ПРОФЕССОР МОНСТРОНГ] О, чудесно, я ещё долго буду об этом слышать..."
subtitle:Mads_SAW_NotSupposedToHappen:1,Mads_SAW_NotSupposedToHappen,Mads_SAW_NotSupposedToHappen_es,1,[ПРОФЕССОР МОНСТРОНГ] Так не должно быть! Она нацелена прямо на дурацкую башню Горацио!
subtitle:Mads_SAW_NotSupposedToHappen_Alt1:1,Mads_SAW_NotSupposedToHappen_Alt1,Mads_SAW_NotSupposedToHappen_Alt1_es,1,[ПРОФЕССОР МОНСТРОНГ] Так не должно быть! Она нацелена прямо на дурацкую башню Горацио!
subtitle:Mads_SAW_ProbablyWontExplode:1,Mads_SAW_ProbablyWontExplode,Mads_SAW_ProbablyWontExplode_es,1,"[ПРОФЕССОР МОНСТРОНГ] Идеально. Теперь, скорее всего, не взорвётся."
subtitle:Mads_SAW_ReducedToThis:1,Mads_SAW_ReducedToThis,Mads_SAW_ReducedToThis_es,1,"[ПРОФЕССОР МОНСТРОНГ] Не могу поверить, что я докатилась до этого..."
subtitle:Mads_SAW_ShouldStayOn:1,Mads_SAW_ShouldStayOn,Mads_SAW_ShouldStayOn_es,1,"[ПРОФЕССОР МОНСТРОНГ] Отлично. Это должно держаться, пока мы не пробьём звуковой барьер."
subtitle:Mads_SAW_StabalizeZAP:1,Mads_SAW_StabalizeZAP,Mads_SAW_StabalizeZAP_es,1,[ПРОФЕССОР МОНСТРОНГ] Дай только стабилизирую -- ааааааа!!!
subtitle:Mads_SAW_StabalizeZAP_Alt1:1,Mads_SAW_StabalizeZAP_Alt1,Mads_SAW_StabalizeZAP_Alt1_es,1,[ПРОФЕССОР МОНСТРОНГ] Дай только стабилизирую -- ааааааа!!!
subtitle:Mads_SAW_StraightenRocket:1,Mads_SAW_StraightenRocket,Mads_SAW_StraightenRocket_es,1,[ПРОФЕССОР МОНСТРОНГ] ...надо... выпрямить... ракету...
subtitle:Mads_SAW_WatchFumes:1,Mads_SAW_WatchFumes,Mads_SAW_WatchFumes_es,1,[ПРОФЕССОР МОНСТРОНГ] Осторожно с парами там!
subtitle:Mads_SAW_WeldItUp:1,Mads_SAW_WeldItUp,Mads_SAW_WeldItUp_es,1,"[ПРОФЕССОР МОНСТРОНГ] Да, привари! Директор не говорил, что это должно быть красиво."
subtitle:Mads_SPY_HurryUP:1,Mads_SPY_HurryUP,Mads_SPY_HurryUP_es,1,[ПРОФЕССОР МОНСТРОНГ] Поторопитесь и разберитесь уже...
subtitle:Mads_SPY_ProveIt:1,Mads_SPY_ProveIt,Mads_SPY_ProveIt_es,1,[ПРОФЕССОР МОНСТРОНГ] Было бы интересно увидеть доказательства.
subtitle:Mads_SPY_Really:1,Mads_SPY_Really,Mads_SPY_Really_es,1,"[ПРОФЕССОР МОНСТРОНГ] Серьёзно? Вы думаете, что это я?"
subtitle:Mads_SPY_WasteOfTime:1,Mads_SPY_WasteOfTime,Mads_SPY_WasteOfTime_es,1,[ПРОФЕССОР МОНСТРОНГ] Чистая потеря времени.
subtitle:Mads_YUM_CantBelieveRoped:1,Mads_YUM_CantBelieveRoped,Mads_YUM_CantBelieveRoped_es,1,"[ПРОФЕССОР МОНСТРОНГ] Не могу поверить, что меня вытащили из мастерской ради этого..."
subtitle:QUANTY_FIN_QUANTY_HM_COMBO_LINE:1,QUANTY_FIN_QUANTY_HM_COMBO_LINE,QUANTY_FIN_QUANTY_HM_COMBO_LINE_es,1,[КВАНТИ] Сегодняшние испытания завершены.
subtitle:QUANTY_FIN_QUANTY_HM_COMBO_LINE:2,QUANTY_FIN_QUANTY_HM_COMBO_LINE,QUANTY_FIN_QUANTY_HM_COMBO_LINE_es,2,Пришло время отойти в изоляторы.
subtitle:QUANTY_FIN_QUANTY_HM_COMBO_LINE:3,QUANTY_FIN_QUANTY_HM_COMBO_LINE,QUANTY_FIN_QUANTY_HM_COMBO_LINE_es,3,[ДИРЕКТОР] Не давайся. Ты можешь его одолеть.
subtitle:Quanty_BRK_ConnectionRestored:1,Quanty_BRK_ConnectionRestored,Quanty_BRK_ConnectionRestored_es,1,[КВАНТИ] Связь восстановлена.
subtitle:Quanty_BRK_ConnectionSeveredPermanently:1,Quanty_BRK_ConnectionSeveredPermanently,Quanty_BRK_ConnectionSeveredPermanently_es,1,[КВАНТИ] Связь с директором прервана--
subtitle:Quanty_BRK_ConnectionSeveredPermanently:2,Quanty_BRK_ConnectionSeveredPermanently,Quanty_BRK_ConnectionSeveredPermanently_es,2,-- навсегда!
subtitle:Quanty_BRK_Engaged:1,Quanty_BRK_Engaged,Quanty_BRK_Engaged_es,1,[КВАНТИ] Активировано.
subtitle:Quanty_BRK_MaintainingAVFeed:1,Quanty_BRK_MaintainingAVFeed,Quanty_BRK_MaintainingAVFeed_es,1,[КВАНТИ] Я поддерживаю аудиовизуальный канал.
subtitle:Quanty_BRK_MaintainingAVFeed:2,Quanty_BRK_MaintainingAVFeed,Quanty_BRK_MaintainingAVFeed_es,2,Тебе стоит вернуться к работе.
subtitle:Quanty_BRK_PleaseInputCoordinates:1,Quanty_BRK_PleaseInputCoordinates,Quanty_BRK_PleaseInputCoordinates_es,1,[КВАНТИ] Потерян сигнал с корабля.
subtitle:Quanty_BRK_PleaseInputCoordinates:2,Quanty_BRK_PleaseInputCoordinates,Quanty_BRK_PleaseInputCoordinates_es,2,Введите координаты.
subtitle:Quanty_BRK_PowerLevelsSurging:1,Quanty_BRK_PowerLevelsSurging,Quanty_BRK_PowerLevelsSurging_es,1,[КВАНТИ] Скачок напряжения!
subtitle:Quanty_BRK_PowerLevelsSurging:2,Quanty_BRK_PowerLevelsSurging,Quanty_BRK_PowerLevelsSurging_es,2,Я не могу удержать--
subtitle:Quanty_BRK_RespondOneWayRadio:1,Quanty_BRK_RespondOneWayRadio,Quanty_BRK_RespondOneWayRadio_es,1,[КВАНТИ] Тебе нужно ответить через одностороннюю рацию.
subtitle:Quanty_BRK_RestoredPower_Alt:1,Quanty_BRK_RestoredPower_Alt,Quanty_BRK_RestoredPower_Alt_es,1,[КВАНТИ] Ты восстановил питание.
subtitle:Quanty_BRK_RestoredPower_Alt:2,Quanty_BRK_RestoredPower_Alt,Quanty_BRK_RestoredPower_Alt_es,2,Впечатляет. Переподключение...
subtitle:Quanty_BRK_ShipLocated:1,Quanty_BRK_ShipLocated,Quanty_BRK_ShipLocated_es,1,[КВАНТИ] Корабль обнаружен.
subtitle:Quanty_BRK_ShipLocationLocked:1,Quanty_BRK_ShipLocationLocked,Quanty_BRK_ShipLocationLocked_es,1,[КВАНТИ] Позиция корабля зафиксирована.
subtitle:Quanty_BRK_ShipLockLost:1,Quanty_BRK_ShipLockLost,Quanty_BRK_ShipLockLost_es,1,[КВАНТИ] Потерян сигнал с корабля.
subtitle:Quanty_BRK_ShipLockLost:2,Quanty_BRK_ShipLockLost,Quanty_BRK_ShipLockLost_es,2,Требуется обновить координаты.
subtitle:Quanty_BRK_ShipOnMove:1,Quanty_BRK_ShipOnMove,Quanty_BRK_ShipOnMove_es,1,[КВАНТИ] Корабль движется.
subtitle:Quanty_BRK_ShipOnMove:2,Quanty_BRK_ShipOnMove,Quanty_BRK_ShipOnMove_es,2,"Мне нужны новые координаты, чтобы сохранить связь."
subtitle:Quanty_BRK_UpdatedCoordinatesNeeded:1,Quanty_BRK_UpdatedCoordinatesNeeded,Quanty_BRK_UpdatedCoordinatesNeeded_es,1,[КВАНТИ] Для связи нужны обновлённые координаты.
subtitle:Quanty_FIN_AlertIAm:1,Quanty_FIN_AlertIAm,Quanty_FIN_AlertIAm_es,1,[КВАНТИ] Внимание: я не шучу.
subtitle:Quanty_FIN_AlertIAm:2,Quanty_FIN_AlertIAm,Quanty_FIN_AlertIAm_es,2,Отойди от терминалов.
subtitle:Quanty_FIN_CautionITold_Alt:1,Quanty_FIN_CautionITold_Alt,Quanty_FIN_CautionITold_Alt_es,1,"[КВАНТИ] Осторожно: я предупреждал, что это неверный путь."
subtitle:Quanty_FIN_CautionITold_Alt:2,Quanty_FIN_CautionITold_Alt,Quanty_FIN_CautionITold_Alt_es,2,Немедленно покинь ядро.
subtitle:Quanty_FIN_CeaseYourBehavior:1,Quanty_FIN_CeaseYourBehavior,Quanty_FIN_CeaseYourBehavior_es,1,[КВАНТИ] Немедленно прекрати это поведение!
subtitle:Quanty_FIN_Disappointing:1,Quanty_FIN_Disappointing,Quanty_FIN_Disappointing_es,1,[КВАНТИ] Разочаровываешь.
subtitle:Quanty_FIN_ExcellentYourNew:1,Quanty_FIN_ExcellentYourNew,Quanty_FIN_ExcellentYourNew_es,1,[КВАНТИ] Отлично. Твоя новая цель начинается сейчас.
subtitle:Quanty_FIN_HaHaHope:1,Quanty_FIN_HaHaHope,Quanty_FIN_HaHaHope_es,1,"[КВАНТИ] Ха-ха. Надеюсь, тебе весело."
subtitle:Quanty_FIN_HaHaHope:2,Quanty_FIN_HaHaHope,Quanty_FIN_HaHaHope_es,2,Хватит.
subtitle:Quanty_FIN_InspiringYouHave:1,Quanty_FIN_InspiringYouHave,Quanty_FIN_InspiringYouHave_es,1,[КВАНТИ] Вдохновляюще. Ты освоил основы умножения.
subtitle:Quanty_FIN_InspiringYouHave:2,Quanty_FIN_InspiringYouHave,Quanty_FIN_InspiringYouHave_es,2,Продолжай.
subtitle:Quanty_FIN_LetsTalkAbout:1,Quanty_FIN_LetsTalkAbout,Quanty_FIN_LetsTalkAbout_es,1,[КВАНТИ] Давай поговорим об этом.
subtitle:Quanty_FIN_LetsTalkAbout:2,Quanty_FIN_LetsTalkAbout,Quanty_FIN_LetsTalkAbout_es,2,"Ты не знаешь, что делаешь."
subtitle:Quanty_FIN_NoMyLasers:1,Quanty_FIN_NoMyLasers,Quanty_FIN_NoMyLasers_es,1,[КВАНТИ] Нет... мои лазеры!
subtitle:Quanty_FIN_OneFinalEscape:1,Quanty_FIN_OneFinalEscape,Quanty_FIN_OneFinalEscape_es,1,[КВАНТИ] Все пути ведут к одному финальному побегу...
subtitle:Quanty_FIN_SoFarSo:1,Quanty_FIN_SoFarSo,Quanty_FIN_SoFarSo_es,1,[КВАНТИ] Пока всё хорошо.
subtitle:Quanty_FIN_SoFarSo:2,Quanty_FIN_SoFarSo,Quanty_FIN_SoFarSo_es,2,Не забудь пить воду.
subtitle:Quanty_FIN_StepForwardPlease:1,Quanty_FIN_StepForwardPlease,Quanty_FIN_StepForwardPlease_es,1,[КВАНТИ] Вперёд. Постарайся изо всех сил.
subtitle:Quanty_FIN_StepForwardPlease:2,Quanty_FIN_StepForwardPlease,Quanty_FIN_StepForwardPlease_es,2,Иначе данные будут бесполезны.
subtitle:Quanty_FIN_StopThisThere:1,Quanty_FIN_StopThisThere,Quanty_FIN_StopThisThere_es,1,[КВАНТИ] Остановись. Вместе мы можем достичь так много.
subtitle:Quanty_FIN_StopThisThere:2,Quanty_FIN_StopThisThere,Quanty_FIN_StopThisThere_es,2,Пожалуйста!
subtitle:Quanty_FIN_StunningYouCan:1,Quanty_FIN_StunningYouCan,Quanty_FIN_StunningYouCan_es,1,[КВАНТИ] Потрясающе. Ты умеешь читать графики.
subtitle:Quanty_FIN_StunningYouCan:2,Quanty_FIN_StunningYouCan,Quanty_FIN_StunningYouCan_es,2,Продолжай.
subtitle:Quanty_FIN_ThatsMoreLike:1,Quanty_FIN_ThatsMoreLike,Quanty_FIN_ThatsMoreLike_es,1,[КВАНТИ] Вот это лучше. Держись цели.
subtitle:Quanty_FIN_ThatsMoreLike:2,Quanty_FIN_ThatsMoreLike,Quanty_FIN_ThatsMoreLike_es,2,Продолжай.
subtitle:Quanty_FIN_ThisIsUnacceptable:1,Quanty_FIN_ThisIsUnacceptable,Quanty_FIN_ThisIsUnacceptable_es,1,[КВАНТИ] Это неприемлемо.
subtitle:Quanty_FIN_ThisIsUnacceptable:2,Quanty_FIN_ThisIsUnacceptable,Quanty_FIN_ThisIsUnacceptable_es,2,"Сдавайся сейчас, и у тебя будет место в моей новой школе."
subtitle:Quanty_FIN_TodaysTestsAre:1,Quanty_FIN_TodaysTestsAre,Quanty_FIN_TodaysTestsAre_es,1,[КВАНТИ] Сегодняшние испытания завершены.
subtitle:Quanty_FIN_TodaysTestsAre:2,Quanty_FIN_TodaysTestsAre,Quanty_FIN_TodaysTestsAre_es,2,Пришло время вернуться в изоляторы.
subtitle:Quanty_FIN_WarningYouHave:1,Quanty_FIN_WarningYouHave,Quanty_FIN_WarningYouHave_es,1,[КВАНТИ] Предупреждение: ты допустил ошибку.
subtitle:Quanty_FIN_WarningYouHave:2,Quanty_FIN_WarningYouHave,Quanty_FIN_WarningYouHave_es,2,Немедленно вернись на трек испытаний.
subtitle:Quanty_FIN_WellDoneYou:1,Quanty_FIN_WellDoneYou,Quanty_FIN_WellDoneYou_es,1,[КВАНТИ] Хорошо. Ты хорошо справляешься с последовательностями цветов.
subtitle:Quanty_FIN_WellDoneYou:2,Quanty_FIN_WellDoneYou,Quanty_FIN_WellDoneYou_es,2,Продолжай.
subtitle:Quanty_FIN_WhatAreYou:1,Quanty_FIN_WhatAreYou,Quanty_FIN_WhatAreYou_es,1,[КВАНТИ] Что ты делаешь?
subtitle:Quanty_FIN_WhatAreYou:2,Quanty_FIN_WhatAreYou,Quanty_FIN_WhatAreYou_es,2,Это не часть испытания.
subtitle:Quanty_FIN_WhyAreInterfering:1,Quanty_FIN_WhyAreInterfering,Quanty_FIN_WhyAreInterfering_es,1,[КВАНТИ] Почему ты мешаешь моему плану?
subtitle:Quanty_FIN_WhyAreInterfering:2,Quanty_FIN_WhyAreInterfering,Quanty_FIN_WhyAreInterfering_es,2,Это отличный план!
subtitle:Quanty_FIN_YouAreNot:1,Quanty_FIN_YouAreNot,Quanty_FIN_YouAreNot_es,1,[КВАНТИ] Тебе не положено быть там.
subtitle:Quanty_FIN_YouAreNot:2,Quanty_FIN_YouAreNot,Quanty_FIN_YouAreNot_es,2,Человеку место на земле.
subtitle:Quanty_LAB_DiscoFever:1,Quanty_LAB_DiscoFever,Quanty_LAB_DiscoFever_es,1,[КВАНТИ] Дискотека-лихорадка!
subtitle:Quanty_LAB_DishonestyHasNo:1,Quanty_LAB_DishonestyHasNo,Quanty_LAB_DishonestyHasNo_es,1,[КВАНТИ] В Академии нет места нечестности.
subtitle:Quanty_LAB_ExcelInFailure:1,Quanty_LAB_ExcelInFailure,Quanty_LAB_ExcelInFailure_es,1,"[КВАНТИ] Похоже, в одном ты действительно хорош: в провале."
subtitle:Quanty_LAB_FirstWasAfraid:1,Quanty_LAB_FirstWasAfraid,Quanty_LAB_FirstWasAfraid_es,1,"[КВАНТИ] Сначала я боялась, я была Кванти-файд..."
subtitle:Quanty_LAB_GoodLuckHack:1,Quanty_LAB_GoodLuckHack,Quanty_LAB_GoodLuckHack_es,1,[КВАНТИ] Удачи попытаться взломать меня без достаточного питания.
subtitle:Quanty_LAB_GoodLuckHack:2,Quanty_LAB_GoodLuckHack,Quanty_LAB_GoodLuckHack_es,2,Вероятность твоего отчисления: высокая.
subtitle:Quanty_LAB_HackComplete:1,Quanty_LAB_HackComplete,Quanty_LAB_HackComplete_es,1,[КВАНТИ] РЕЗУЛЬТАТ ЗАПРОСА: взлом завершён.
subtitle:Quanty_LAB_HackComplete:2,Quanty_LAB_HackComplete,Quanty_LAB_HackComplete_es,2,Отчисление отменено.
subtitle:Quanty_LAB_NotFeelingSoWell:1,Quanty_LAB_NotFeelingSoWell,Quanty_LAB_NotFeelingSoWell_es,1,[КВАНТИ] Мне нехорошо.
subtitle:Quanty_LAB_NotFeelingSoWell:2,Quanty_LAB_NotFeelingSoWell,Quanty_LAB_NotFeelingSoWell_es,2,Анализ: я поддался…
subtitle:Quanty_LAB_RodentAssist_Alt2:1,Quanty_LAB_RodentAssist_Alt2,Quanty_LAB_RodentAssist_Alt2_es,1,"[КВАНТИ] Я не ожидал, что грызун тебе поможет. Плохой Тюрмерик."
subtitle:Quanty_LAB_RodentAssist_Alt2:2,Quanty_LAB_RodentAssist_Alt2,Quanty_LAB_RodentAssist_Alt2_es,2,"К сожалению, эта крыса не поможет тебе обойти мои лазеры."
subtitle:Quanty_LAB_ServerRoomBreached:1,Quanty_LAB_ServerRoomBreached,Quanty_LAB_ServerRoomBreached_es,1,[КВАНТИ] Серверная комната скомпрометирована. Не пытайся взломать мои драйверы.
subtitle:Quanty_LAB_ServerRoomBreached:2,Quanty_LAB_ServerRoomBreached,Quanty_LAB_ServerRoomBreached_es,2,Есть ещё время с достоинством отступить.
subtitle:Quanty_LAB_YouBypassedLasers:1,Quanty_LAB_YouBypassedLasers,Quanty_LAB_YouBypassedLasers_es,1,"[КВАНТИ] Так, ты обошёл мои лазеры. И что?"
subtitle:Quanty_LAB_YouBypassedLasers:2,Quanty_LAB_YouBypassedLasers,Quanty_LAB_YouBypassedLasers_es,2,Это не влияет на твою способность получить доступ к моей серверной.
subtitle:Quanty_MSC_Acknowledged:1,Quanty_MSC_Acknowledged,Quanty_MSC_Acknowledged_es,1,[КВАНТИ] Принято.
subtitle:Quanty_MSC_Angry:1,Quanty_MSC_Angry,Quanty_MSC_Angry_es,1,[КВАНТИ] *Рычит*
subtitle:Quanty_MSC_Bored:1,Quanty_MSC_Bored,Quanty_MSC_Bored_es,1,[КВАНТИ] Что?
subtitle:Quanty_MSC_Bye:1,Quanty_MSC_Bye,Quanty_MSC_Bye_es,1,[КВАНТИ] До свидания.
subtitle:Quanty_MSC_Bye_Alt1:1,Quanty_MSC_Bye_Alt1,Quanty_MSC_Bye_Alt1_es,1,[КВАНТИ] Разговор завершён.
subtitle:Quanty_MSC_Bye_Alt2:1,Quanty_MSC_Bye_Alt2,Quanty_MSC_Bye_Alt2_es,1,[КВАНТИ] Фраза завершена.
subtitle:Quanty_MSC_Chuckle:1,Quanty_MSC_Chuckle,Quanty_MSC_Chuckle_es,1,[КВАНТИ] *Хихикает*
subtitle:Quanty_MSC_Confused:1,Quanty_MSC_Confused,Quanty_MSC_Confused_es,1,[КВАНТИ] *Озадаченно хмыкает*
subtitle:Quanty_MSC_Confused_Alt2:1,Quanty_MSC_Confused_Alt2,Quanty_MSC_Confused_Alt2_es,1,[КВАНТИ] Ошибка.
subtitle:Quanty_MSC_Defiant:1,Quanty_MSC_Defiant,Quanty_MSC_Defiant_es,1,[КВАНТИ] *Вызывающе рычит*
subtitle:Quanty_MSC_Determined:1,Quanty_MSC_Determined,Quanty_MSC_Determined_es,1,[КВАНТИ] *Решительно рычит*
subtitle:Quanty_MSC_Dismayed:1,Quanty_MSC_Dismayed,Quanty_MSC_Dismayed_es,1,[КВАНТИ] Ужас.
subtitle:Quanty_MSC_Gasp_Alt:1,Quanty_MSC_Gasp_Alt,Quanty_MSC_Gasp_Alt_es,1,[КВАНТИ] Ах.
subtitle:Quanty_MSC_GreetingsPupil:1,Quanty_MSC_GreetingsPupil,Quanty_MSC_GreetingsPupil_es,1,"[КВАНТИ] Приветствую, ученик."
subtitle:Quanty_MSC_Happy:1,Quanty_MSC_Happy,Quanty_MSC_Happy_es,1,[КВАНТИ] *Радостно гудит*
subtitle:Quanty_MSC_Horrified:1,Quanty_MSC_Horrified,Quanty_MSC_Horrified_es,1,[КВАНТИ] Нет…!
subtitle:Quanty_MSC_Horrified_Alt:1,Quanty_MSC_Horrified_Alt,Quanty_MSC_Horrified_Alt_es,1,[КВАНТИ] *В ужасе гудит*
subtitle:Quanty_MSC_Hurt:1,Quanty_MSC_Hurt,Quanty_MSC_Hurt_es,1,[КВАНТИ] *Стонет от боли*
subtitle:Quanty_MSC_Inquisitive:1,Quanty_MSC_Inquisitive,Quanty_MSC_Inquisitive_es,1,[КВАНТИ] *Вопросительно хмыкает*
subtitle:Quanty_MSC_Investigative:1,Quanty_MSC_Investigative,Quanty_MSC_Investigative_es,1,[КВАНТИ] *Заинтересованно хмыкает*
subtitle:Quanty_MSC_Laugh:1,Quanty_MSC_Laugh,Quanty_MSC_Laugh_es,1,[КВАНТИ] Ха.
subtitle:Quanty_MSC_Laugh_Alt:1,Quanty_MSC_Laugh_Alt,Quanty_MSC_Laugh_Alt_es,1,[КВАНТИ] *Смеётся*
subtitle:Quanty_MSC_Proud:1,Quanty_MSC_Proud,Quanty_MSC_Proud_es,1,[КВАНТИ] *Гордо гудит*
subtitle:Quanty_MSC_Scared:1,Quanty_MSC_Scared,Quanty_MSC_Scared_es,1,[КВАНТИ] Как…?
subtitle:Quanty_MSC_Upset:1,Quanty_MSC_Upset,Quanty_MSC_Upset_es,1,[КВАНТИ] *Грустно гудит*
subtitle:Rival_EMO_EelWeNeed:1,Rival_EMO_EelWeNeed,Rival_EMO_EelWeNeed_es,1,[ГИЛЛИАН] Ил! Нам нужно поговорить с тобой о... Стой.
subtitle:Rival_EMO_HasNoOne:1,Rival_EMO_HasNoOne,Rival_EMO_HasNoOne_es,1,"[ГИЛЛИАН] Никто не заходил сюда с тех пор, как Ил взял управление?"
subtitle:Rival_EMO_HasNoOne:2,Rival_EMO_HasNoOne,Rival_EMO_HasNoOne_es,2,Лучше осмотримся. Будь начеку.
subtitle:Rival_EMO_HeyWeCant:1,Rival_EMO_HeyWeCant,Rival_EMO_HeyWeCant_es,1,"[ГИЛЛИАН] Эй, мы не можем сдаваться сейчас!"
subtitle:Rival_EMO_IfHesNot:1,Rival_EMO_IfHesNot,Rival_EMO_IfHesNot_es,1,"[ГИЛЛИАН] Если его здесь нет, то где чёрт возьми Ил?"
subtitle:Rival_EMO_IsThatNote:1,Rival_EMO_IsThatNote,Rival_EMO_IsThatNote_es,1,[ГИЛЛИАН] Это записка от Соланж? Хм…
subtitle:Rival_EMO_ThisWholeTime:1,Rival_EMO_ThisWholeTime,Rival_EMO_ThisWholeTime_es,1,[ГИЛЛИАН] Всё это время... нас всё это время водили за нос...
subtitle:Rival_EMO_WellThatsNew:1,Rival_EMO_WellThatsNew,Rival_EMO_WellThatsNew_es,1,"[ГИЛЛИАН] Ну, это новость..."
subtitle:Rival_EMO_WhatIsThis:1,Rival_EMO_WhatIsThis,Rival_EMO_WhatIsThis_es,1,[ГИЛЛИАН] Ч-что это? Ил... робот?
subtitle:Rival_EMO_WhatOtherLies:1,Rival_EMO_WhatOtherLies,Rival_EMO_WhatOtherLies_es,1,[ГИЛЛИАН] Какие ещё ложь нам рассказывало преподавательский состав?
subtitle:Rival_EMO_WhatTheHell_Alt:1,Rival_EMO_WhatTheHell_Alt,Rival_EMO_WhatTheHell_Alt_es,1,[ГИЛЛИАН] В какую же мы яму лезем...
subtitle:Rival_EMO_WhatsHeGot:1,Rival_EMO_WhatsHeGot,Rival_EMO_WhatsHeGot_es,1,"[ГИЛЛИАН] Эй, что у него в руке?"
subtitle:Rival_MSC_Angry:1,Rival_MSC_Angry,Rival_MSC_Angry_es,1,[ГИЛЛИАН] *Рычит*
subtitle:Rival_MSC_Annoyed:1,Rival_MSC_Annoyed,Rival_MSC_Annoyed_es,1,[ГИЛЛИАН] *Раздражённо рычит*
subtitle:Rival_MSC_Annoyed_Alt1:1,Rival_MSC_Annoyed_Alt1,Rival_MSC_Annoyed_Alt1_es,1,[ГИЛЛИАН] ЧТО?
subtitle:Rival_MSC_Bored:1,Rival_MSC_Bored,Rival_MSC_Bored_es,1,[ГИЛЛИАН] *Вздыхает от скуки*
subtitle:Rival_MSC_Bored_Alt:1,Rival_MSC_Bored_Alt,Rival_MSC_Bored_Alt_es,1,[ГИЛЛИАН] Ты что-то ищешь?
subtitle:Rival_MSC_Bye:1,Rival_MSC_Bye,Rival_MSC_Bye_es,1,[ГИЛЛИАН] Пока-пока.
subtitle:Rival_MSC_Bye_Alt:1,Rival_MSC_Bye_Alt,Rival_MSC_Bye_Alt_es,1,"[ГИЛЛИАН] Ладно, пока."
subtitle:Rival_MSC_Chuckle_Alt1:1,Rival_MSC_Chuckle_Alt1,Rival_MSC_Chuckle_Alt1_es,1,[ГИЛЛИАН] *Хихикает*
subtitle:Rival_MSC_Confused_Alt:1,Rival_MSC_Confused_Alt,Rival_MSC_Confused_Alt_es,1,[ГИЛЛИАН] *Озадаченно хмыкает*
subtitle:Rival_MSC_Defiant_Alt:1,Rival_MSC_Defiant_Alt,Rival_MSC_Defiant_Alt_es,1,[ГИЛЛИАН] *Вызывающе рычит*
subtitle:Rival_MSC_Determined:1,Rival_MSC_Determined,Rival_MSC_Determined_es,1,[ГИЛЛИАН] *Решительно рычит*
subtitle:Rival_MSC_DidntSeeYou:1,Rival_MSC_DidntSeeYou,Rival_MSC_DidntSeeYou_es,1,"[ГИЛЛИАН] Ой, не заметила тебя."
subtitle:Rival_MSC_Dismayed_Alt3:1,Rival_MSC_Dismayed_Alt3,Rival_MSC_Dismayed_Alt3_es,1,[ГИЛЛИАН] Чёрт!
subtitle:Rival_MSC_Dismayed_Alt4:1,Rival_MSC_Dismayed_Alt4,Rival_MSC_Dismayed_Alt4_es,1,[ГИЛЛИАН] *Ужасается*
subtitle:Rival_MSC_Dismissive:1,Rival_MSC_Dismissive,Rival_MSC_Dismissive_es,1,"[ГИЛЛИАН] Уф, ну хватит."
subtitle:Rival_MSC_Gasp:1,Rival_MSC_Gasp,Rival_MSC_Gasp_es,1,[ГИЛЛИАН] *Ахает*
subtitle:Rival_MSC_GillianPaisley:1,Rival_MSC_GillianPaisley,Rival_MSC_GillianPaisley_es,1,[ГИЛЛИАН] Я Гиллиан Пейсли.
subtitle:Rival_MSC_GillianPaisley_Alt:1,Rival_MSC_GillianPaisley_Alt,Rival_MSC_GillianPaisley_Alt_es,1,[ГИЛЛИАН] Я Гиллиан Пейсли. Знаешь… из семьи Пейсли?
subtitle:Rival_MSC_Happy:1,Rival_MSC_Happy,Rival_MSC_Happy_es,1,[ГИЛЛИАН] *Радостно гудит*
subtitle:Rival_MSC_Hey:1,Rival_MSC_Hey,Rival_MSC_Hey_es,1,[ГИЛЛИАН] Эй.
subtitle:Rival_MSC_Horrified:1,Rival_MSC_Horrified,Rival_MSC_Horrified_es,1,[ГИЛЛИАН] *В ужасе гудит*
subtitle:Rival_MSC_Hurt:1,Rival_MSC_Hurt,Rival_MSC_Hurt_es,1,[ГИЛЛИАН] *Стонет от боли*
subtitle:Rival_MSC_Inquisitive:1,Rival_MSC_Inquisitive,Rival_MSC_Inquisitive_es,1,[ГИЛЛИАН] *Вопросительно хмыкает*
subtitle:Rival_MSC_Investigative:1,Rival_MSC_Investigative,Rival_MSC_Investigative_es,1,[ГИЛЛИАН] Хм…
subtitle:Rival_MSC_Investigative_Alt2:1,Rival_MSC_Investigative_Alt2,Rival_MSC_Investigative_Alt2_es,1,[ГИЛЛИАН] Хм…
subtitle:Rival_MSC_Laugh:1,Rival_MSC_Laugh,Rival_MSC_Laugh_es,1,[ГИЛЛИАН] *Смеётся*
subtitle:Rival_MSC_Laugh_Alt:1,Rival_MSC_Laugh_Alt,Rival_MSC_Laugh_Alt_es,1,[ГИЛЛИАН] *Смеётся*
subtitle:Rival_MSC_Panicked_Alt2:1,Rival_MSC_Panicked_Alt2,Rival_MSC_Panicked_Alt2_es,1,[ГИЛЛИАН] *Паникует*
subtitle:Rival_MSC_Proud_Alt1:1,Rival_MSC_Proud_Alt1,Rival_MSC_Proud_Alt1_es,1,[ГИЛЛИАН] *Гордо рычит*
subtitle:Rival_MSC_Scared:1,Rival_MSC_Scared,Rival_MSC_Scared_es,1,[ГИЛЛИАН] *Паникует*
subtitle:Rival_MSC_Shocked:1,Rival_MSC_Shocked,Rival_MSC_Shocked_es,1,[ГИЛЛИАН] Что…?
subtitle:Rival_MSC_Shocked_Alt:1,Rival_MSC_Shocked_Alt,Rival_MSC_Shocked_Alt_es,1,[ГИЛЛИАН] О боже!
subtitle:Rival_MSC_Surprised:1,Rival_MSC_Surprised,Rival_MSC_Surprised_es,1,[ГИЛЛИАН] *Удивлённо хмыкает*
subtitle:Rival_MSC_Upset_Alt:1,Rival_MSC_Upset_Alt,Rival_MSC_Upset_Alt_es,1,[ГИЛЛИАН] *Грустит*
subtitle:Rival_RVR_Dammit:1,Rival_RVR_Dammit,Rival_RVR_Dammit_es,1,[ГИЛЛИАН] Чёрт возьми!
subtitle:Rival_RVR_EndOfTheLine:1,Rival_RVR_EndOfTheLine,Rival_RVR_EndOfTheLine_es,1,[ГИЛЛИАН] Для тебя это конец.
subtitle:Rival_RVR_LetMeKnow:1,Rival_RVR_LetMeKnow,Rival_RVR_LetMeKnow_es,1,"[ГИЛЛИАН] Скажи, если нужна помощь!"
subtitle:Rival_RVR_MatterHeadSpinning:1,Rival_RVR_MatterHeadSpinning,Rival_RVR_MatterHeadSpinning_es,1,[ГИЛЛИАН] Что случилось? Голова кружится?
subtitle:Rival_RVR_NeverBrokeSweat:1,Rival_RVR_NeverBrokeSweat,Rival_RVR_NeverBrokeSweat_es,1,[ГИЛЛИАН] Даже не вспотела.
subtitle:Rival_RVR_No_Alt:1,Rival_RVR_No_Alt,Rival_RVR_No_Alt_es,1,[ГИЛЛИАН] Нет-нет-нет-нет!
subtitle:Rival_RVR_NotSupposedToBeat:1,Rival_RVR_NotSupposedToBeat,Rival_RVR_NotSupposedToBeat_es,1,[ГИЛЛИАН] Ты не должен был меня победить…!
subtitle:Rival_RVR_OhICould:1,Rival_RVR_OhICould,Rival_RVR_OhICould_es,1,"[ГИЛЛИАН] О, я бы решила это с закрытыми глазами."
subtitle:Rival_RVR_ThoughtHadIt:1,Rival_RVR_ThoughtHadIt,Rival_RVR_ThoughtHadIt_es,1,"[ГИЛЛИАН] Нет, нет, я думала, что справилась…!"
subtitle:Rival_RVR_TryKeepUp:1,Rival_RVR_TryKeepUp,Rival_RVR_TryKeepUp_es,1,[ГИЛЛИАН] Постарайся поспеть.
subtitle:SadBass_USB_CatchOfDay:1,SadBass_USB_CatchOfDay,SadBass_USB_CatchOfDay_es,1,"[ФРАНКИ, ПЕЧАЛЬНАЯ РЫБКА] Я далеко не улов дня…"
subtitle:SadBass_USB_DontFeelSinging:1,SadBass_USB_DontFeelSinging,SadBass_USB_DontFeelSinging_es,1,"[ФРАНКИ, ПЕЧАЛЬНАЯ РЫБКА] Мне просто не хочется петь."
subtitle:SadBass_USB_JustGillMe:1,SadBass_USB_JustGillMe,SadBass_USB_JustGillMe_es,1,"[ФРАНКИ, ПЕЧАЛЬНЫЙ РЫБКА] Просто заберите меня уже…"
subtitle:SadBass_USB_ShouldntTakenBait:1,SadBass_USB_ShouldntTakenBait,SadBass_USB_ShouldntTakenBait_es,1,"[ФРАНКИ, ПЕЧАЛЬНЫЙ РЫБКА] Не стоило брать наживку."
subtitle:SadBass_USB_UnBarracudaBle:1,SadBass_USB_UnBarracudaBle,SadBass_USB_UnBarracudaBle_es,1,"[ФРАНКИ, ПЕЧАЛЬНЫЙ РЫБКА] Это не-баракуда-бельно…"
subtitle:SadBass_USB_WhatsPointSwimming:1,SadBass_USB_WhatsPointSwimming,,1,"[ФРАНКИ, ПЕЧАЛЬНЫЙ РЫБКА] Какой смысл плавать…"
subtitle:Sandra_MSC_ToManyMore_Alt1:1,Sandra_MSC_ToManyMore_Alt1,Sandra_MSC_ToManyMore_Alt1_es,1,[САНДРА] Пусть будет ещё много таких.
subtitle:Sandra_ORR_EgoInCheck:1,Sandra_ORR_EgoInCheck,Sandra_ORR_EgoInCheck_es,1,"[САНДРА] Надеюсь, это поможет тебе обуздать эго, Ил."
subtitle:Sandra_ORR_EverThink:1,Sandra_ORR_EverThink,Sandra_ORR_EverThink_es,1,"[САНДРА] Ты никогда не думал, что они могут болеть за меня?"
subtitle:Sandra_ORR_ForgetTheRace:1,Sandra_ORR_ForgetTheRace,Sandra_ORR_ForgetTheRace_es,1,"[САНДРА] Ил! Забудь про гонку, нам нужно--"
subtitle:Sandra_ORR_ForgetTheRace_Alt2:1,Sandra_ORR_ForgetTheRace_Alt2,Sandra_ORR_ForgetTheRace_Alt2_es,1,"[САНДРА] Ил! Забудь про гонку, нам нужно спасти директора!"
subtitle:Sandra_ORR_SchoolMascot:1,Sandra_ORR_SchoolMascot,Sandra_ORR_SchoolMascot_es,1,"[САНДРА] Не переживай, Ил. Они могут разрешить тебе стать школьной маскотом!"
subtitle:Sandra_ORR_ShouldntBeCocky:1,Sandra_ORR_ShouldntBeCocky,Sandra_ORR_ShouldntBeCocky_es,1,"[САНДРА] Не стоило так зазнаваться, Ил!"
subtitle:Sandra_ORR_TakeUpOffer:1,Sandra_ORR_TakeUpOffer,Sandra_ORR_TakeUpOffer_es,1,"[САНДРА] Может, стоит принять его предложение, Ил!"
subtitle:Sandra_ORR_TrySolving:1,Sandra_ORR_TrySolving,Sandra_ORR_TrySolving_es,1,"[САНДРА] Предлагаю попробовать решить головоломку, Ил!"
subtitle:Sandra_ROB_ComeToSandy:1,Sandra_ROB_ComeToSandy,Sandra_ROB_ComeToSandy_es,1,"[САНДРА] Ладно, документ. Иди к Сэнди."
subtitle:Sandra_ROB_GetToElevator:1,Sandra_ROB_GetToElevator,Sandra_ROB_GetToElevator_es,1,[САНДРА] Беги к лифту!
subtitle:Sandra_ROB_HotDog:1,Sandra_ROB_HotDog,Sandra_ROB_HotDog_es,1,[САНДРА] Ого! Сердце колотится!
subtitle:Sandra_ROB_NotExpected:1,Sandra_ROB_NotExpected,Sandra_ROB_NotExpected_es,1,"[САНДРА] Я не ожидала, что ограбление пройдёт так... но всё равно, какое приключение!"
subtitle:Sandra_ROB_RealBuzz:1,Sandra_ROB_RealBuzz,Sandra_ROB_RealBuzz_es,1,[САНДРА] Это ограбление меня заводит!
subtitle:Sandra_ROB_ReallyHeisting:1,Sandra_ROB_ReallyHeisting,Sandra_ROB_ReallyHeisting_es,1,[САНДРА] Мы правда это делаем. Мы правда грабим!
subtitle:Sandra_ROB_UhEel:1,Sandra_ROB_UhEel,Sandra_ROB_UhEel_es,1,[САНДРА] Эм... Ил…?
subtitle:Sandra_ROB_WaterNotSlowing:1,Sandra_ROB_WaterNotSlowing,Sandra_ROB_WaterNotSlowing_es,1,"[САНДРА] Давай, давай, вода не сбавляет обороты!"
subtitle:Sandra_ROB_WereOnOwn:1,Sandra_ROB_WereOnOwn,Sandra_ROB_WereOnOwn_es,1,"[САНДРА] …похоже, мы одни, Ил."
subtitle:Sandra_SAW_OhNoHeadmaster:1,Sandra_SAW_OhNoHeadmaster,Sandra_SAW_OhNoHeadmaster_es,1,[САНДРА] Ой! О нет! Директор…
subtitle:Sandra_SAW_OhNoHeadmaster+SFX:1,Sandra_SAW_OhNoHeadmaster+SFX,Sandra_SAW_OhNoHeadmaster+SFX_es,1,[САНДРА] Ой! О нет! Директор…
subtitle:Sandra_SAW_OhNoHeadmaster_Alt1:1,Sandra_SAW_OhNoHeadmaster_Alt1,Sandra_SAW_OhNoHeadmaster_Alt1_es,1,[САНДРА] Ой! О нет! Директор…
subtitle:Sandra_SAW_PutInHair:1,Sandra_SAW_PutInHair,Sandra_SAW_PutInHair_es,1,"[САНДРА] Эй, Ил, тебе стоит нанести это на волосы!"
subtitle:Sandra_SAW_RightThisRocket:1,Sandra_SAW_RightThisRocket,Sandra_SAW_RightThisRocket_es,1,"[САНДРА] Нам нужно выпрямить эту ракету, Ил! Быстрее!"
subtitle:Sandra_SAW_StrongerPassword:1,Sandra_SAW_StrongerPassword,Sandra_SAW_StrongerPassword_es,1,[САНДРА] Профессору стоит придумать более надёжный пароль…
subtitle:Sandra_SPY_AlmostGotIt:1,Sandra_SPY_AlmostGotIt,Sandra_SPY_AlmostGotIt_es,1,[САНДРА] Мы почти справились!
subtitle:Sandra_SPY_BlamingUs:1,Sandra_SPY_BlamingUs,Sandra_SPY_BlamingUs_es,1,"[САНДРА] Не могу поверить, что директор обвиняет нас. После всего, что мы для него сделали!"
subtitle:Sandra_SPY_ExpelledThenArrested:1,Sandra_SPY_ExpelledThenArrested,Sandra_SPY_ExpelledThenArrested_es,1,[САНДРА] Нас отчислят… а потом арестуют!
subtitle:Sandra_SPY_ExpelledThenArrested_Alt1:1,Sandra_SPY_ExpelledThenArrested_Alt1,Sandra_SPY_ExpelledThenArrested_Alt1_es,1,[САНДРА] Отлично. Нас отчислят. А потом арестуют!
subtitle:Sandra_SPY_GotchaChef:1,Sandra_SPY_GotchaChef,Sandra_SPY_GotchaChef_es,1,"[САНДРА] Поймала тебя, повар."
subtitle:Sandra_SPY_GotchaProfessor_Guy:1,Sandra_SPY_GotchaProfessor_Guy,Sandra_SPY_GotchaProfessor_Guy_es,1,"[САНДРА] Поймала тебя, профессор."
subtitle:Sandra_SPY_GotchaProfessor_Mads:1,Sandra_SPY_GotchaProfessor_Mads,Sandra_SPY_GotchaProfessor_Mads_es,1,"[САНДРА] Поймала тебя, профессор."
subtitle:Sandra_SPY_IWonder:1,Sandra_SPY_IWonder,Sandra_SPY_IWonder_es,1,"[САНДРА] Интересно, есть ли у профессора Монстронг что-нибудь, чтобы вытащить нас из этой ситуации…"
subtitle:Sandra_SPY_NormalSafeFridge:1,Sandra_SPY_NormalSafeFridge,Sandra_SPY_NormalSafeFridge_es,1,"[САНДРА] Это нормально, когда у повара сейф внутри холодильника…?"
subtitle:Sandra_SPY_NuclearAcid:1,Sandra_SPY_NuclearAcid,Sandra_SPY_NuclearAcid_es,1,"[САНДРА] Все улики... даже инструмент, которым наносили ядерную кислоту! Всё здесь!"
subtitle:Sandra_SPY_NuclearAcid:2,Sandra_SPY_NuclearAcid,Sandra_SPY_NuclearAcid_es,2,Это значит...
subtitle:Sandra_SPY_SorryGisborne:1,Sandra_SPY_SorryGisborne,Sandra_SPY_SorryGisborne_es,1,"[САНДРА] Прости, профессор Гисборн… Кажется, ты нас слишком хорошо научил."
subtitle:Sandra_SPY_StayCalm:1,Sandra_SPY_StayCalm,Sandra_SPY_StayCalm_es,1,"[САНДРА] Ладно, мы открыли. Осталось просто сохранять спокойствие…!"
subtitle:Sandra_SPY_WoahReadings:1,Sandra_SPY_WoahReadings,Sandra_SPY_WoahReadings_es,1,[САНДРА] Вау! Посмотри на эти показания…
subtitle:Sandra_SPY_YowBlazingHot:1,Sandra_SPY_YowBlazingHot,Sandra_SPY_YowBlazingHot_es,1,"[САНДРА] Ой, это же раскалено!"
subtitle:Sandra_YUM_GelatinBreak:1,Sandra_YUM_GelatinBreak,Sandra_YUM_GelatinBreak_es,1,"[САНДРА] Не переживайте, профессора. Просто короткая пауза на желе! Хе-хе!"
subtitle:Sandra_YUM_HopeAntidote:1,Sandra_YUM_HopeAntidote,Sandra_YUM_HopeAntidote_es,1,"[САНДРА] Ладно, надеюсь, антидот здесь."
subtitle:Sandra_YUM_ToughToCook:1,Sandra_YUM_ToughToCook,Sandra_YUM_ToughToCook_es,1,[САНДРА] Они нам реально мешают приготовить им обед!
subtitle:Scientist1_EXP_CallDayPlease:1,Scientist1_EXP_CallDayPlease,Scientist1_EXP_CallDayPlease_es,1,[УЧЁНЫЙ #1] Доктор! Эксперимент удался!
subtitle:Scientist1_EXP_CallDayPlease:2,Scientist1_EXP_CallDayPlease,Scientist1_EXP_CallDayPlease_es,2,Закончим на сегодня! Пожалуйста!
subtitle:Scientist1_EXP_HoldMuchEnergy:1,Scientist1_EXP_HoldMuchEnergy,Scientist1_EXP_HoldMuchEnergy_es,1,[УЧЁНЫЙ] Но доктор! Наше оборудование не рассчитано на такой объём энергии!
subtitle:Scientist1_MSC_Annoyed:1,Scientist1_MSC_Annoyed,Scientist1_MSC_Annoyed_es,1,[УЧЁНЫЙ #1] *Раздражённо рычит*
subtitle:Scientist1_MSC_Authoritative:1,Scientist1_MSC_Authoritative,Scientist1_MSC_Authoritative_es,1,[УЧЁНЫЙ #1] *Решительно рычит*
subtitle:Scientist1_MSC_Baffled:1,Scientist1_MSC_Baffled,Scientist1_MSC_Baffled_es,1,[УЧЁНЫЙ #1] *Озадаченно хмыкает*
subtitle:Scientist1_MSC_Blase:1,Scientist1_MSC_Blase,Scientist1_MSC_Blase_es,1,[УЧЁНЫЙ #1] *Вздыхает с безразличием*
subtitle:Scientist1_MSC_BummedOut:1,Scientist1_MSC_BummedOut,,1,[УЧЁНЫЙ #1] *Стонет от уныния*
subtitle:Scientist1_MSC_Dubious:1,Scientist1_MSC_Dubious,Scientist1_MSC_Dubious_es,1,[УЧЁНЫЙ #1] *Вопросительно хмыкает*
subtitle:Scientist1_MSC_ForScience:1,Scientist1_MSC_ForScience,Scientist1_MSC_ForScience_es,1,[УЧЁНЫЙ #1] Ради науки!
subtitle:Scientist1_MSC_Happy:1,Scientist1_MSC_Happy,Scientist1_MSC_Happy_es,1,[УЧЁНЫЙ #1] *Радостно хмыкает*
subtitle:Scientist1_MSC_Impressed:1,Scientist1_MSC_Impressed,Scientist1_MSC_Impressed_es,1,[УЧЁНЫЙ #1] *Восхищённо рычит*
subtitle:Scientist1_MSC_Infatuated:1,Scientist1_MSC_Infatuated,Scientist1_MSC_Infatuated_es,1,[УЧЁНЫЙ #1] *Увлечённо мечтает*
subtitle:Scientist1_MSC_Infatuated_ALT:1,Scientist1_MSC_Infatuated_ALT,Scientist1_MSC_Infatuated_ALT_es,1,[УЧЁНЫЙ #1] Представь себе...
subtitle:Scientist1_MSC_LeaderOnSite:1,Scientist1_MSC_LeaderOnSite,Scientist1_MSC_LeaderOnSite_es,1,[УЧЁНЫЙ #1] Руководитель на месте!
subtitle:Scientist1_MSC_MatterOFact:1,Scientist1_MSC_MatterOFact,Scientist1_MSC_MatterOFact_es,1,[УЧЁНЫЙ #1] Ну что ж...
subtitle:Scientist1_MSC_Mulling:1,Scientist1_MSC_Mulling,Scientist1_MSC_Mulling_es,1,[УЧЁНЫЙ #1] *Увлечённо мечтает*
subtitle:Scientist1_MSC_OverExcited:1,Scientist1_MSC_OverExcited,Scientist1_MSC_OverExcited_es,1,[УЧЁНЫЙ #1] *Впадает в истерику*
subtitle:Scientist1_MSC_OverExcited_Alt:1,Scientist1_MSC_OverExcited_Alt,Scientist1_MSC_OverExcited_Alt_es,1,[УЧЁНЫЙ #1] *Впадает в панику*
subtitle:Scientist1_MSC_Terrified:1,Scientist1_MSC_Terrified,Scientist1_MSC_Terrified_es,1,[УЧЁНЫЙ #1] *Впадает в ужас*
subtitle:Scientist1_MSC_Threatened:1,Scientist1_MSC_Threatened,Scientist1_MSC_Threatened_es,1,[УЧЁНЫЙ #1] Слушай сюда.
subtitle:Scientist1_RAD_HandsInAir:1,Scientist1_RAD_HandsInAir,Scientist1_RAD_HandsInAir_es,1,[УЧЁНЫЙ АНТИ-ПОБЕГОВ] Врывайтесь!! Руки вверх!
subtitle:Scientist1_SNK_StuckMonitorDuty+Sci2FeelKindaImportant:1,Scientist1_SNK_StuckMonitorDuty+Sci2FeelKindaImportant,Scientist1_SNK_StuckMonitorDuty+Sci2FeelKindaImportant_es,1,"[УЧЁНЫЙ #1] Не могу поверить, что нас поставили на дежурство."
subtitle:Scientist1_SNK_StuckMonitorDuty+Sci2FeelKindaImportant:2,Scientist1_SNK_StuckMonitorDuty+Sci2FeelKindaImportant,Scientist1_SNK_StuckMonitorDuty+Sci2FeelKindaImportant_es,2,"[УЧЁНЫЙ #2] Серьёзно? Мне это даже нравится, я чувствую себя важным."
subtitle:Scientist1_SNK_StuckMonitorDuty+Sci2FeelKindaImportant_es(1):1,Scientist1_SNK_StuckMonitorDuty+Sci2FeelKindaImportant_es(1),,1,"[УЧЁНЫЙ #1] Не могу поверить, что нас поставили на дежурство."
subtitle:Scientist1_SNK_StuckMonitorDuty+Sci2FeelKindaImportant_es(1):2,Scientist1_SNK_StuckMonitorDuty+Sci2FeelKindaImportant_es(1),,2,"[УЧЁНЫЙ #2] Серьёзно? Мне это даже нравится, я чувствую себя важным."
subtitle:Scientist2_EXP_PlaceGonnaBlow:1,Scientist2_EXP_PlaceGonnaBlow,Scientist2_EXP_PlaceGonnaBlow_es,1,[УЧЁНЫЙ] Доктор! Всё сейчас взорвётся!
subtitle:Scientist2_EXP_PlaceGonnaBlow:2,Scientist2_EXP_PlaceGonnaBlow,Scientist2_EXP_PlaceGonnaBlow_es,2,"Остановитесь, пожалуйста!"
subtitle:Scientist2_EXP_PortalIsDestabilized:1,Scientist2_EXP_PortalIsDestabilized,Scientist2_EXP_PortalIsDestabilized_es,1,[УЧЁНЫЙ] Портал дестабилизирован!
subtitle:Scientist2_EXP_PortalIsDestabilized:2,Scientist2_EXP_PortalIsDestabilized,Scientist2_EXP_PortalIsDestabilized_es,2,Беги за свою жизнь!! Беги за свою--*!
subtitle:Scientist2_MSC_Annoyed:1,Scientist2_MSC_Annoyed,Scientist2_MSC_Annoyed_es,1,[УЧЁНЫЙ #2] *Раздражённо рычит*
subtitle:Scientist2_MSC_Authoritative:1,Scientist2_MSC_Authoritative,Scientist2_MSC_Authoritative_es,1,[УЧЁНЫЙ #2] *Решительно рычит*
subtitle:Scientist2_MSC_Baffled:1,Scientist2_MSC_Baffled,Scientist2_MSC_Baffled_es,1,[УЧЁНЫЙ #2] *Озадаченно хмыкает*
subtitle:Scientist2_MSC_Blase:1,Scientist2_MSC_Blase,Scientist2_MSC_Blase_es,1,[УЧЁНЫЙ #2] *Вздыхает с безразличием*
subtitle:Scientist2_MSC_BummedOut:1,Scientist2_MSC_BummedOut,Scientist2_MSC_BummedOut_es,1,[УЧЁНЫЙ #2] *Стонет от уныния*
subtitle:Scientist2_MSC_Dubious:1,Scientist2_MSC_Dubious,Scientist2_MSC_Dubious_es,1,[УЧЁНЫЙ #2] *Вопросительно хмыкает*
subtitle:Scientist2_MSC_ForScience:1,Scientist2_MSC_ForScience,Scientist2_MSC_ForScience_es,1,[УЧЁНЫЙ #2] Ради науки!
subtitle:Scientist2_MSC_ForScience_ALT:1,Scientist2_MSC_ForScience_ALT,Scientist2_MSC_ForScience_ALT_es,1,[УЧЁНЫЙ #2] Ради науки!
subtitle:Scientist2_MSC_Happy:1,Scientist2_MSC_Happy,Scientist2_MSC_Happy_es,1,[УЧЁНЫЙ #2] *Радостно хмыкает*
subtitle:Scientist2_MSC_Impressed:1,Scientist2_MSC_Impressed,Scientist2_MSC_Impressed_es,1,[УЧЁНЫЙ #2] *Восхищённо хмыкает*
subtitle:Scientist2_MSC_LeaderOnSite:1,Scientist2_MSC_LeaderOnSite,Scientist2_MSC_LeaderOnSite_es,1,[УЧЁНЫЙ #2] Руководитель здесь!
subtitle:Scientist2_MSC_LeaderOnSite_ALT:1,Scientist2_MSC_LeaderOnSite_ALT,Scientist2_MSC_LeaderOnSite_ALT_es,1,[УЧЁНЫЙ #2] Руководитель здесь!
subtitle:Scientist2_MSC_Mulling:1,Scientist2_MSC_Mulling,Scientist2_MSC_Mulling_es,1,[УЧЁНЫЙ #2] *Увлечённо фантазирует*
subtitle:Scientist2_MSC_OverExcited:1,Scientist2_MSC_OverExcited,Scientist2_MSC_OverExcited_es,1,[УЧЁНЫЙ #2] *Впадает в перевозбуждение*
subtitle:Scientist2_MSC_Terrified:1,Scientist2_MSC_Terrified,Scientist2_MSC_Terrified_es,1,[УЧЁНЫЙ #2] *Впадает в ужас*
subtitle:Scientist2_MSC_Threatened:1,Scientist2_MSC_Threatened,Scientist2_MSC_Threatened_es,1,[УЧЁНЫЙ #2] *Грозно рычит*
subtitle:Scientist3_MSC_Annoyed:1,Scientist3_MSC_Annoyed,Scientist3_MSC_Annoyed_es,1,[УЧЁНЫЙ #3] *Раздражённо рычит*
subtitle:Scientist3_MSC_Authoritative:1,Scientist3_MSC_Authoritative,Scientist3_MSC_Authoritative_es,1,[УЧЁНЫЙ #3] Эй!
subtitle:Scientist3_MSC_Baffled:1,Scientist3_MSC_Baffled,Scientist3_MSC_Baffled_es,1,[УЧЁНЫЙ #3] *Озадаченно хмыкает*
subtitle:Scientist3_MSC_Blase:1,Scientist3_MSC_Blase,Scientist3_MSC_Blase_es,1,"[УЧЁНЫЙ #3] О, ла-да-да."
subtitle:Scientist3_MSC_BummedOut:1,Scientist3_MSC_BummedOut,Scientist3_MSC_BummedOut_es,1,[УЧЁНЫЙ #3] *Стонет от разочарования*
subtitle:Scientist3_MSC_Dubious:1,Scientist3_MSC_Dubious,Scientist3_MSC_Dubious_es,1,[УЧЁНЫЙ #3] *Вопросительно хмыкает*
subtitle:Scientist3_MSC_ForScience:1,Scientist3_MSC_ForScience,Scientist3_MSC_ForScience_es,1,[УЧЁНЫЙ #2] ...ради науки!
subtitle:Scientist3_MSC_ForScience_ALT:1,Scientist3_MSC_ForScience_ALT,Scientist3_MSC_ForScience_ALT_es,1,[УЧЁНЫЙ #3] Ради науки!
subtitle:Scientist3_MSC_Happy:1,Scientist3_MSC_Happy,Scientist3_MSC_Happy_es,1,[УЧЁНЫЙ #3] О!
subtitle:Scientist3_MSC_Impressed:1,Scientist3_MSC_Impressed,Scientist3_MSC_Impressed_es,1,[УЧЁНЫЙ #3] *Восхищённо хмыкает*
subtitle:Scientist3_MSC_LeaderOnSite:1,Scientist3_MSC_LeaderOnSite,Scientist3_MSC_LeaderOnSite_es,1,[УЧЁНЫЙ #3] Руководитель здесь!
subtitle:Scientist3_MSC_MatterOFact:1,Scientist3_MSC_MatterOFact,Scientist3_MSC_MatterOFact_es,1,[УЧЁНЫЙ #3] *Решительно рычит*
subtitle:Scientist3_MSC_Mulling:1,Scientist3_MSC_Mulling,Scientist3_MSC_Mulling_es,1,[УЧЁНЫЙ #3] *Увлечённо фантазирует*
subtitle:Scientist3_MSC_Overexcited:1,Scientist3_MSC_Overexcited,Scientist3_MSC_Overexcited_es,1,[УЧЁНЫЙ #3] Ой! Прости!
subtitle:Scientist3_MSC_PictureThis:1,Scientist3_MSC_PictureThis,Scientist3_MSC_PictureThis_es,1,"[УЧЁНЫЙ #3] Ладно, представь себе..."
subtitle:Scientist3_MSC_Terrified:1,Scientist3_MSC_Terrified,Scientist3_MSC_Terrified_es,1,[УЧЁНЫЙ #3] *Впадает в ужас*
subtitle:Scientist3_MSC_Terrified_ALT:1,Scientist3_MSC_Terrified_ALT,Scientist3_MSC_Terrified_ALT_es,1,[УЧЁНЫЙ #3] *Впадает в ужас*
subtitle:Scientist3_MSC_Threatened:1,Scientist3_MSC_Threatened,Scientist3_MSC_Threatened_es,1,[УЧЁНЫЙ #3] *Грозно рычит*
subtitle:Scientist3_SNK_RememberFloorLab:1,Scientist3_SNK_RememberFloorLab,Scientist3_SNK_RememberFloorLab_es,1,"[УЧЁНЫЙ #1] Помнишь, на каком этаже лаборатория?"
subtitle:Scientist4_MSC_Annoyed:1,Scientist4_MSC_Annoyed,Scientist4_MSC_Annoyed_es,1,[УЧЁНЫЙ #4] *Раздражённо рычит*
subtitle:Scientist4_MSC_Authoritative:1,Scientist4_MSC_Authoritative,Scientist4_MSC_Authoritative_es,1,[УЧЁНЫЙ #4] *Решительно рычит*
subtitle:Scientist4_MSC_Baffled:1,Scientist4_MSC_Baffled,Scientist4_MSC_Baffled_es,1,[УЧЁНЫЙ #4] *Озадаченно хмыкает*
subtitle:Scientist4_MSC_BummedOut:1,Scientist4_MSC_BummedOut,Scientist4_MSC_BummedOut_es,1,[УЧЁНЫЙ #4] *Стонет от разочарования*
subtitle:Scientist4_MSC_Dies:1,Scientist4_MSC_Dies,Scientist4_MSC_Dies_es,1,[УЧЁНЫЙ #2] *Впадает в панику*
subtitle:Scientist4_MSC_Dubious:1,Scientist4_MSC_Dubious,Scientist4_MSC_Dubious_es,1,[УЧЁНЫЙ #4] *Вопросительно хмыкает*
subtitle:Scientist4_MSC_ForScience:1,Scientist4_MSC_ForScience,Scientist4_MSC_ForScience_es,1,[УЧЁНЫЙ #4] Ради науки!
subtitle:Scientist4_MSC_Happy:1,Scientist4_MSC_Happy,Scientist4_MSC_Happy_es,1,[УЧЁНЫЙ #4] *Радостно хмыкает*
subtitle:Scientist4_MSC_Impressed:1,Scientist4_MSC_Impressed,Scientist4_MSC_Impressed_es,1,[УЧЁНЫЙ #4] *Восхищённо рычит*
subtitle:Scientist4_MSC_Impressed_ALT:1,Scientist4_MSC_Impressed_ALT,Scientist4_MSC_Impressed_ALT_es,1,[УЧЁНЫЙ #4] Ого!
subtitle:Scientist4_MSC_LeaderOnSite:1,Scientist4_MSC_LeaderOnSite,Scientist4_MSC_LeaderOnSite_es,1,[УЧЁНЫЙ #4] Руководитель на месте!
subtitle:Scientist4_MSC_MatterOFact:1,Scientist4_MSC_MatterOFact,Scientist4_MSC_MatterOFact_es,1,[УЧЁНЫЙ #4] *Решительно рычит*
subtitle:Scientist4_MSC_Mulling:1,Scientist4_MSC_Mulling,Scientist4_MSC_Mulling_es,1,[УЧЁНЫЙ #4] *Увлечённо фантазирует*
subtitle:Scientist4_MSC_Overexcited:1,Scientist4_MSC_Overexcited,Scientist4_MSC_Overexcited_es,1,[УЧЁНЫЙ #4] *Сильно волнуется*
subtitle:Scientist4_MSC_Terrified:1,Scientist4_MSC_Terrified,Scientist4_MSC_Terrified_es,1,[УЧЁНЫЙ #2] *Впадает в панику*
subtitle:Scientist4_MSC_Terrified_ALT:1,Scientist4_MSC_Terrified_ALT,Scientist4_MSC_Terrified_ALT_es,1,[УЧЁНЫЙ #2] Боже мой! Боже мой! Боже мой!
subtitle:Scientist4_MSC_Threatened:1,Scientist4_MSC_Threatened,Scientist4_MSC_Threatened_es,1,[УЧЁНЫЙ #4] *Грозно рычит*
subtitle:Scientist4_MSC_Whoahohoho:1,Scientist4_MSC_Whoahohoho,Scientist4_MSC_Whoahohoho_es,1,[УЧЁНЫЙ #4] *Хохочет*
subtitle:Scientist4_MSC_Wowowow:1,Scientist4_MSC_Wowowow,Scientist4_MSC_Wowowow_es,1,[УЧЁНЫЙ #4] Вау!
subtitle:Scientist4_SNK_HitEveryButton:1,Scientist4_SNK_HitEveryButton,Scientist4_SNK_HitEveryButton_es,1,"[УЧЁНЫЙ #2] Не знаю, давай просто нажмём все кнопки."
subtitle:Scientist5_MSC_Annoyed:1,Scientist5_MSC_Annoyed,Scientist5_MSC_Annoyed_es,1,[УЧЁНЫЙ #5] *Раздражённо рычит*
subtitle:Scientist5_MSC_Authoritative:1,Scientist5_MSC_Authoritative,Scientist5_MSC_Authoritative_es,1,[УЧЁНЫЙ #5] *Решительно рычит*
subtitle:Scientist5_MSC_Baffled:1,Scientist5_MSC_Baffled,Scientist5_MSC_Baffled_es,1,[УЧЁНЫЙ #5] *Озадаченно хмыкает*
subtitle:Scientist5_MSC_Baffled_ALT:1,Scientist5_MSC_Baffled_ALT,Scientist5_MSC_Baffled_ALT_es,1,[УЧЁНЫЙ #5] *Озадаченно хмыкает*
subtitle:Scientist5_MSC_Blase:1,Scientist5_MSC_Blase,Scientist5_MSC_Blase_es,1,[УЧЁНЫЙ #5] *Вздыхает от безразличия*
subtitle:Scientist5_MSC_BummedOut:1,Scientist5_MSC_BummedOut,Scientist5_MSC_BummedOut_es,1,[УЧЁНЫЙ #5] *Стонет от разочарования*
subtitle:Scientist5_MSC_Dubious:1,Scientist5_MSC_Dubious,Scientist5_MSC_Dubious_es,1,[УЧЁНЫЙ #5] *Вопросительно хмыкает*
subtitle:Scientist5_MSC_ForScience:1,Scientist5_MSC_ForScience,Scientist5_MSC_ForScience_es,1,[УЧЁНЫЙ #1] Ради науки!
subtitle:Scientist5_MSC_ForScienceViolette:1,Scientist5_MSC_ForScienceViolette,Scientist5_MSC_ForScienceViolette_es,1,[УЧЁНЫЙ #1] Ради науки!
subtitle:Scientist5_MSC_Happy:1,Scientist5_MSC_Happy,Scientist5_MSC_Happy_es,1,[УЧЁНЫЙ #5] *Радостно хмыкает*
subtitle:Scientist5_MSC_Impressed:1,Scientist5_MSC_Impressed,Scientist5_MSC_Impressed_es,1,[УЧЁНЫЙ #5] *Восхищённо рычит*
subtitle:Scientist5_MSC_Impressed_ALT:1,Scientist5_MSC_Impressed_ALT,Scientist5_MSC_Impressed_ALT_es,1,[УЧЁНЫЙ #5] *Восхищённо рычит*
subtitle:Scientist5_MSC_LeaderOnSite:1,Scientist5_MSC_LeaderOnSite,Scientist5_MSC_LeaderOnSite_es,1,[УЧЁНЫЙ #5] Лидер на месте!
subtitle:Scientist5_MSC_LeaderOnSiteViolette:1,Scientist5_MSC_LeaderOnSiteViolette,Scientist5_MSC_LeaderOnSiteViolette_es,1,[УЧЁНЫЙ #5] Лидер на месте!
subtitle:Scientist5_MSC_MatterOFact:1,Scientist5_MSC_MatterOFact,Scientist5_MSC_MatterOFact_es,1,[УЧЁНЫЙ #5] *Решительно рычит*
subtitle:Scientist5_MSC_Mulling:1,Scientist5_MSC_Mulling,Scientist5_MSC_Mulling_es,1,[УЧЁНЫЙ #5] *Увлечённо фантазирует*
subtitle:Scientist5_MSC_Overexcited:1,Scientist5_MSC_Overexcited,Scientist5_MSC_Overexcited_es,1,[УЧЁНЫЙ #5] *Сильно волнуется*
subtitle:Scientist5_MSC_Terrified:1,Scientist5_MSC_Terrified,Scientist5_MSC_Terrified_es,1,[УЧЁНЫЙ #5] *Впадает в панику*
subtitle:Scientist5_MSC_Threatened:1,Scientist5_MSC_Threatened,Scientist5_MSC_Threatened_es,1,[УЧЁНЫЙ #5] *Грозно рычит*
subtitle:Scientist5_SNK_FadingToDreams:1,Scientist5_SNK_FadingToDreams,Scientist5_SNK_FadingToDreams_es,1,[УЧЁНЫЙ] Слуга... Верховная... засыпает...
subtitle:Scientist5_SNK_HenchmanSupreme:1,Scientist5_SNK_HenchmanSupreme,Scientist5_SNK_HenchmanSupreme_es,1,[УЧЁНЫЙ] Виолетта! Верховная слуга! Занимаюсь наукой и прочим!
subtitle:Scientist5_SNK_MustBeNothing:1,Scientist5_SNK_MustBeNothing,Scientist5_SNK_MustBeNothing_es,1,"[УЧЁНЫЙ] Хм? ...Наверное, ничего."
subtitle:Scientist5_SNK_Snoring:1,Scientist5_SNK_Snoring,Scientist5_SNK_Snoring_es,1,[УЧЁНЫЙ] *Храп*
subtitle:Scientist6_SNK_YoureLate:1,Scientist6_SNK_YoureLate,Scientist6_SNK_YoureLate_es,1,"[УЧЁНЫЙ] Эй, ты опаздываешь!"
subtitle:Scientists3+4_SNK_ForScienceOverheard:1,Scientists3+4_SNK_ForScienceOverheard,Scientists3+4_SNK_ForScienceOverheard_es,1,[УЧЁНЫЙ #1] Ради науки!
subtitle:Scientists3+4_SNK_ForScienceOverheard:2,Scientists3+4_SNK_ForScienceOverheard,Scientists3+4_SNK_ForScienceOverheard_es,2,"[УЧЁНЫЙ #2] Эм, э-э... ради науки!"
subtitle:Slip_ACR_BetterHurry:1,Slip_ACR_BetterHurry,Slip_ACR_BetterHurry_es,1,"[ПРОФЕССОР СЛИП] Лучше поторопись, а то мы оба вляпаемся."
subtitle:Slip_ACR_BreakingIntoOffice:1,Slip_ACR_BreakingIntoOffice,Slip_ACR_BreakingIntoOffice_es,1,"[ПРОФЕССОР СЛИП] А, взлом кабинета преподавателя. Я знаю этот трюк."
subtitle:Slip_ACR_Busted:1,Slip_ACR_Busted,Slip_ACR_Busted_es,1,[ПРОФЕССОР СЛИП] Поймали…!
subtitle:Slip_ACR_GetToPaints:1,Slip_ACR_GetToPaints,Slip_ACR_GetToPaints_es,1,"[ПРОФЕССОР СЛИП] Ладно, найди краски и оставь свой след на памятнике. Легко."
subtitle:Slip_ACR_ItsOfficial:1,Slip_ACR_ItsOfficial,Slip_ACR_ItsOfficial_es,1,[ПРОФЕССОР СЛИП] Теперь официально! Ты в одном ряду с великими!
subtitle:Slip_ACR_MonumentIsYours:1,Slip_ACR_MonumentIsYours,Slip_ACR_MonumentIsYours_es,1,[ПРОФЕССОР СЛИП] И вот так… памятник стал твоим.
subtitle:Slip_ACR_NoPicnic:1,Slip_ACR_NoPicnic,Slip_ACR_NoPicnic_es,1,[ПРОФЕССОР СЛИП] Создание искусства — не прогулка по парку.
subtitle:Slip_ACR_SecretEntrance:1,Slip_ACR_SecretEntrance,Slip_ACR_SecretEntrance_es,1,[ПРОФЕССОР СЛИП] Я всегда любил хорошие секретные входы.
subtitle:Slip_ACR_SnuckInMyself:1,Slip_ACR_SnuckInMyself,Slip_ACR_SnuckInMyself_es,1,"[ПРОФЕССОР СЛИП] Я никогда не забуду день, когда мне наконец удалось выставить здесь свою работу. Пришлось проносить её тайком."
subtitle:Slip_ACR_TornToShreds:1,Slip_ACR_TornToShreds,Slip_ACR_TornToShreds_es,1,"[ПРОФЕССОР СЛИП] Эй, это не первый раз, когда мою работу рвут в клочья."
subtitle:Slip_ACR_WhyPutLocks:1,Slip_ACR_WhyPutLocks,Slip_ACR_WhyPutLocks_es,1,"[ПРОФЕССОР СЛИП] Хех, я даже не понимаю, зачем мы ставим замки на двери."
subtitle:Slip_MSC_Angry:1,Slip_MSC_Angry,Slip_MSC_Angry_es,1,[ПРОФЕССОР СЛИП] *Рычит*
subtitle:Slip_MSC_Annoyed:1,Slip_MSC_Annoyed,Slip_MSC_Annoyed_es,1,[ПРОФЕССОР СЛИП] *Раздражённо рычит*
subtitle:Slip_MSC_Bored:1,Slip_MSC_Bored,Slip_MSC_Bored_es,1,[ПРОФЕССОР СЛИП] *Вздыхает от скуки*
subtitle:Slip_MSC_Bye:1,Slip_MSC_Bye,Slip_MSC_Bye_es,1,[ПРОФЕССОР СЛИП] Береги себя.
subtitle:Slip_MSC_Bye_Alt:1,Slip_MSC_Bye_Alt,Slip_MSC_Bye_Alt_es,1,[ПРОФЕССОР СЛИП] Пока.
subtitle:Slip_MSC_Chuckle:1,Slip_MSC_Chuckle,Slip_MSC_Chuckle_es,1,[ПРОФЕССОР СЛИП] *Хихикает*
subtitle:Slip_MSC_Confused:1,Slip_MSC_Confused,Slip_MSC_Confused_es,1,[ПРОФЕССОР СЛИП] *Озадаченно хмыкает*
subtitle:Slip_MSC_Confused_Alt1:1,Slip_MSC_Confused_Alt1,Slip_MSC_Confused_Alt1_es,1,[ПРОФЕССОР СЛИП] *Озадаченно хмыкает*
subtitle:Slip_MSC_Defiant:1,Slip_MSC_Defiant,Slip_MSC_Defiant_es,1,[ПРОФЕССОР СЛИП] *Вызывающе рычит*
subtitle:Slip_MSC_Determined:1,Slip_MSC_Determined,Slip_MSC_Determined_es,1,[ПРОФЕССОР СЛИП] *Решительно рычит*
subtitle:Slip_MSC_Dismayed:1,Slip_MSC_Dismayed,Slip_MSC_Dismayed_es,1,[ПРОФЕССОР СЛИП] *Ужасается*
subtitle:Slip_MSC_Dismissive:1,Slip_MSC_Dismissive,Slip_MSC_Dismissive_es,1,[ПРОФЕССОР СЛИП] *Пренебрежительно хмыкает*
subtitle:Slip_MSC_EscapeArt:1,Slip_MSC_EscapeArt,Slip_MSC_EscapeArt_es,1,[ПРОФЕССОР СЛИП] Побег — это искусство.
subtitle:Slip_MSC_Gasp_Alt:1,Slip_MSC_Gasp_Alt,Slip_MSC_Gasp_Alt_es,1,[ПРОФЕССОР СЛИП] *Ахает*
subtitle:Slip_MSC_Happy:1,Slip_MSC_Happy,Slip_MSC_Happy_es,1,[ПРОФЕССОР СЛИП] *Радостно хмыкает*
subtitle:Slip_MSC_Happy_Alt2:1,Slip_MSC_Happy_Alt2,Slip_MSC_Happy_Alt2_es,1,[ПРОФЕССОР СЛИП] *Радостно хмыкает*
subtitle:Slip_MSC_Horrified:1,Slip_MSC_Horrified,Slip_MSC_Horrified_es,1,[ПРОФЕССОР СЛИП] *Впадает в ужас*
subtitle:Slip_MSC_Hurt:1,Slip_MSC_Hurt,Slip_MSC_Hurt_es,1,[ПРОФЕССОР СЛИП] *Стонет от боли*
subtitle:Slip_MSC_Inquisitive_Alt:1,Slip_MSC_Inquisitive_Alt,Slip_MSC_Inquisitive_Alt_es,1,[ПРОФЕССОР СЛИП] *Вопросительно хмыкает*
subtitle:Slip_MSC_Investigative:1,Slip_MSC_Investigative,Slip_MSC_Investigative_es,1,[ПРОФЕССОР СЛИП] *Заинтересованно хмыкает*
subtitle:Slip_MSC_Laugh:1,Slip_MSC_Laugh,Slip_MSC_Laugh_es,1,[ПРОФЕССОР СЛИП] *Смеётся*
subtitle:Slip_MSC_Panicked:1,Slip_MSC_Panicked,Slip_MSC_Panicked_es,1,[ПРОФЕССОР СЛИП] *Паникует*
subtitle:Slip_MSC_Proud:1,Slip_MSC_Proud,Slip_MSC_Proud_es,1,[ПРОФЕССОР СЛИП] *Гордо рычит*
subtitle:Slip_MSC_Scared:1,Slip_MSC_Scared,Slip_MSC_Scared_es,1,[ПРОФЕССОР СЛИП] *Пугается*
subtitle:Slip_MSC_Shocked:1,Slip_MSC_Shocked,Slip_MSC_Shocked_es,1,[ПРОФЕССОР СЛИП] *Удивляется*
subtitle:Slip_MSC_Sup:1,Slip_MSC_Sup,Slip_MSC_Sup_es,1,[ПРОФЕССОР СЛИП] Привет.
subtitle:Slip_MSC_Surprised_Alt:1,Slip_MSC_Surprised_Alt,Slip_MSC_Surprised_Alt_es,1,[ПРОФЕССОР СЛИП] Отлично.
subtitle:Slip_MSC_Upset:1,Slip_MSC_Upset,Slip_MSC_Upset_es,1,[ПРОФЕССОР СЛИП] *Грустит*
subtitle:Slip_MSC_WhatsGood:1,Slip_MSC_WhatsGood,Slip_MSC_WhatsGood_es,1,[ПРОФЕССОР СЛИП] Как дела?
subtitle:Slip_RVR_AndTheyreOff:1,Slip_RVR_AndTheyreOff,Slip_RVR_AndTheyreOff_es,1,[ПРОФЕССОР СЛИП] И они стартовали.
subtitle:Slip_RVR_AndTheyreOff:2,Slip_RVR_AndTheyreOff,Slip_RVR_AndTheyreOff_es,2,Кто доберётся до финиша первым--
subtitle:Slip_RVR_AndTheyreOff:3,Slip_RVR_AndTheyreOff,Slip_RVR_AndTheyreOff_es,3,Красная трасса? Или Синяя?
subtitle:Slip_RVR_BluePullingAhead:1,Slip_RVR_BluePullingAhead,Slip_RVR_BluePullingAhead_es,1,"[ПРОФЕССОР СЛИП] Ох, Синие сразу же вышли вперёд!"
subtitle:Slip_RVR_InLastStretch:1,Slip_RVR_InLastStretch,Slip_RVR_InLastStretch_es,1,[ПРОФЕССОР СЛИП] Мы на последнем отрезке этого соревнования.
subtitle:Slip_RVR_LetsSeePerspective:1,Slip_RVR_LetsSeePerspective,Slip_RVR_LetsSeePerspective_es,1,"[ПРОФЕССОР СЛИП] Посмотрим, какой подход они применят к этой головоломке!"
subtitle:Slip_RVR_MakeUpTime:1,Slip_RVR_MakeUpTime,Slip_RVR_MakeUpTime_es,1,[ПРОФЕССОР СЛИП] Им придётся наверстать упущенное время.
subtitle:Slip_RVR_NewCourseRecord:1,Slip_RVR_NewCourseRecord,Slip_RVR_NewCourseRecord_es,1,[ПРОФЕССОР СЛИП] Новый рекорд трассы!
subtitle:Slip_RVR_RedFinalPhase:1,Slip_RVR_RedFinalPhase,Slip_RVR_RedFinalPhase_es,1,[ПРОФЕССОР СЛИП] Красная трасса переходит к финальной фазе!
subtitle:Slip_RVR_ThisCouldTip:1,Slip_RVR_ThisCouldTip,Slip_RVR_ThisCouldTip_es,1,[ПРОФЕССОР СЛИП] Это может перевернуть ход всего соревнования.
subtitle:Slip_RVR_TwoForBlue:1,Slip_RVR_TwoForBlue,Slip_RVR_TwoForBlue_es,1,[ПРОФЕССОР СЛИП] У Синей трассы два очка. Красная отстаёт.
subtitle:Slip_RVR_WereHalfwayThrough:1,Slip_RVR_WereHalfwayThrough,Slip_RVR_WereHalfwayThrough_es,1,[ПРОФЕССОР СЛИП] Мы на полпути! Ил-- что думаешь?
subtitle:Slip_RVR_WhatsGoodEscape:1,Slip_RVR_WhatsGoodEscape,Slip_RVR_WhatsGoodEscape_es,1,"[ПРОФЕССОР СЛИП] Как дела, Академия побегов?"
subtitle:Slip_RVR_WhatsGoodEscape:2,Slip_RVR_WhatsGoodEscape,Slip_RVR_WhatsGoodEscape_es,2,Вас ведут Слип и Ил.
subtitle:Spamboni_TDA_CabinetIsMyPrison:1,Spamboni_TDA_CabinetIsMyPrison,Spamboni_TDA_CabinetIsMyPrison_es,1,[ГОВОРЯЩИЙ ШКАФ] Этот шкаф — моя тюрьма.
subtitle:Spamboni_TDA_I'mCursed:1,Spamboni_TDA_I'mCursed,Spamboni_TDA_I'mCursed_es,1,[ПРЕДСКАЗАТЕЛЬ] Я проклят и буду здесь вечно.
subtitle:Spamboni_TDA_MildlySentient:1,Spamboni_TDA_MildlySentient,Spamboni_TDA_MildlySentient_es,1,[ПРЕДСКАЗАТЕЛЬ] Я слегка одушевлён.
subtitle:Spamboni_TDA_NoMrsFortune:1,Spamboni_TDA_NoMrsFortune,Spamboni_TDA_NoMrsFortune_es,1,"[ПРЕДСКАЗАТЕЛЬ] Всегда есть невезение, но никогда нет мисс Форчун!"
subtitle:Spamboni_TDA_SameAsMilk:1,Spamboni_TDA_SameAsMilk,Spamboni_TDA_SameAsMilk_es,1,"[ПРЕДСКАЗАТЕЛЬ] Предсказания за пятак, та же цена, что и галлон молока."
subtitle:Spamboni_TDA_ToldYou:1,Spamboni_TDA_ToldYou,Spamboni_TDA_ToldYou_es,1,"[ПРЕДСКАЗАТЕЛЬ] Видите, я же говорил, что так будет."
subtitle:TsunamiDude_USB_Bodacious:1,TsunamiDude_USB_Bodacious,TsunamiDude_USB_Bodacious_es,1,[ПАРАЗЬ ЦУНАМИ] Ого!
subtitle:TsunamiDude_USB_HangTen:1,TsunamiDude_USB_HangTen,TsunamiDude_USB_HangTen_es,1,[ПАРЕНЬ ЦУНАМИ] Хэнг-тен!
subtitle:TsunamiDude_USB_LandHo:1,TsunamiDude_USB_LandHo,TsunamiDude_USB_LandHo_es,1,[ПАРЕНЬ ЦУНАМИ] Земля впереди!
subtitle:TsunamiDude_USB_MakinWaves:1,TsunamiDude_USB_MakinWaves,TsunamiDude_USB_MakinWaves_es,1,[ПАРЕНЬ ЦУНАМИ] Вы создаёте волны!
subtitle:TsunamiDude_USB_Righteous:1,TsunamiDude_USB_Righteous,TsunamiDude_USB_Righteous_es,1,[ПАРЕНЬ ЦУНАМИ] Праведно!
subtitle:TsunamiDude_USB_Riptide:1,TsunamiDude_USB_Riptide,TsunamiDude_USB_Riptide_es,1,[ПАРЕНЬ ЦУНАМИ] Риптайд!
subtitle:TsunamiDude_USB_Sick:1,TsunamiDude_USB_Sick,TsunamiDude_USB_Sick_es,1,[ПАРЕНЬ ЦУНАМИ] Круто!
subtitle:TsunamiDude_USB_SurfsUp:1,TsunamiDude_USB_SurfsUp,TsunamiDude_USB_SurfsUp_es,1,[ПАРЕНЬ ЦУНАМИ] Сёрфс-ап!
subtitle:TsunamiDude_USB_TidalWave:1,TsunamiDude_USB_TidalWave,TsunamiDude_USB_TidalWave_es,1,[ПАРЕНЬ ЦУНАМИ] Приливная волна!!
subtitle:TsunamiDude_USB_Tsunami:1,TsunamiDude_USB_Tsunami,TsunamiDude_USB_Tsunami_es,1,[ПАРЕНЬ ЦУНАМИ] Цунами!
subtitle:TsunamiDude_USB_WashedAway:1,TsunamiDude_USB_WashedAway,TsunamiDude_USB_WashedAway_es,1,[ПАРЕНЬ ЦУНАМИ] Унесло!!
subtitle:TsunamiDude_USB_WaveHuge:1,TsunamiDude_USB_WaveHuge,TsunamiDude_USB_WaveHuge_es,1,[ПАРЕНЬ ЦУНАМИ] Эта волна огромная!
subtitle:TsunamiDude_USB_YouSurvived:1,TsunamiDude_USB_YouSurvived,TsunamiDude_USB_YouSurvived_es,1,[ПАРЕНЬ ЦУНАМИ] Вы выжили после цунами!
subtitle:VolcanoDude_RAD_Eruption:1,VolcanoDude_RAD_Eruption,VolcanoDude_RAD_Eruption_es,1,[ВУЛКАНОВЫЙ ЧЕЛОВЕК] ИЗВЕРЖЕНИЕ!
subtitle:VolcanoDude_RAD_Gnarly:1,VolcanoDude_RAD_Gnarly,VolcanoDude_RAD_Gnarly_es,1,[ПАРЕНЬ ВУЛКАН] ОГО!
subtitle:VolcanoDude_RAD_HereComesMagma:1,VolcanoDude_RAD_HereComesMagma,VolcanoDude_RAD_HereComesMagma_es,1,[ПАРЕНЬ ВУЛКАН] ИДЁТ МАГМА!
subtitle:VolcanoDude_RAD_ItsGonnaBlow:1,VolcanoDude_RAD_ItsGonnaBlow,VolcanoDude_RAD_ItsGonnaBlow_es,1,[ВУЛКАН] СЕЙЧАС ВЗОРВЁТСЯ!
subtitle:VolcanoDude_RAD_ItsHeatingUp:1,VolcanoDude_RAD_ItsHeatingUp,VolcanoDude_RAD_ItsHeatingUp_es,1,[ВУЛКАН] НАГРЕВАЕТСЯ!
subtitle:VolcanoDude_RAD_LavaTime:1,VolcanoDude_RAD_LavaTime,VolcanoDude_RAD_LavaTime_es,1,[ВУЛКАН] ВРЕМЯ ЛАВЫ!
subtitle:VolcanoDude_RAD_SoClose:1,VolcanoDude_RAD_SoClose,VolcanoDude_RAD_SoClose_es,1,[ВУЛКАН] ТАК БЛИЗКО!
subtitle:VolcanoDude_RAD_WelcomeToEruption:1,VolcanoDude_RAD_WelcomeToEruption,VolcanoDude_RAD_WelcomeToEruption_es,1,[ВУЛКАН] ДОБРО ПОЖАЛОВАТЬ В ИЗВЕРЖЕНИЕ!
subtitle:VolcanoDude_RAD_Woaaahh:1,VolcanoDude_RAD_Woaaahh,VolcanoDude_RAD_Woaaahh_es,1,[ВУЛКАН] УААААА!
subtitle:VolcanoDude_RAD_WuhOh:1,VolcanoDude_RAD_WuhOh,VolcanoDude_RAD_WuhOh_es,1,[ВУЛКАН] ОЙ-ОЙ!
subtitle:VolcanoDude_RAD_YouSurvivedEruption:1,VolcanoDude_RAD_YouSurvivedEruption,VolcanoDude_RAD_YouSurvivedEruption_es,1,[ВУЛКАН] ВЫ ВЫЖИЛИ... В ИЗВЕРЖЕНИИ!
subtitle:Wizard_TDA_EyesUpHere:1,Wizard_TDA_EyesUpHere,Wizard_TDA_EyesUpHere_es,1,"[ВСЕВИДЯЩИЙ МАГ] Мои глаза здесь, наверху."
subtitle:Wizard_TDA_FavoriteElement:1,Wizard_TDA_FavoriteElement,Wizard_TDA_FavoriteElement_es,1,[ВСЕВИДЯЩИЙ МАГ] Мой любимый элемент — сюрприз!
subtitle:Wizard_TDA_FrameAndGlory:1,Wizard_TDA_FrameAndGlory,Wizard_TDA_FrameAndGlory_es,1,[ВСЕВИДЯЩИЙ МАГ] Ради кадра и славы!
subtitle:Wizard_TDA_HowArcane:1,Wizard_TDA_HowArcane,Wizard_TDA_HowArcane_es,1,"[ВСЕВИДЯЩИЙ МАГ] О боже, как же это мистично!"
subtitle:Wizard_TDA_ISeeAll:1,Wizard_TDA_ISeeAll,Wizard_TDA_ISeeAll_es,1,"[ВСЕВИДЯЩИЙ МАГ] Я вижу всё, а вы?"
subtitle:Wizard_TDA_IWizard:1,Wizard_TDA_IWizard,Wizard_TDA_IWizard_es,1,[ВСЕВИДЯЩИЙ МАГ] Я — всевидящий маг!
subtitle:Wizard_TDA_LookIntoBall:1,Wizard_TDA_LookIntoBall,Wizard_TDA_LookIntoBall_es,1,"[ВСЕВИДЯЩИЙ МАГ] Загляните в мой шар, что вы видите?"
subtitle:Wizard_TDA_WhatYouLooking:1,Wizard_TDA_WhatYouLooking,Wizard_TDA_WhatYouLooking_es,1,[ВСЕВИДЯЩИЙ МАГ] На что вы смотрите?
subtitle:YoungEel_MSC_Determined_Alt1:1,YoungEel_MSC_Determined_Alt1,YoungEel_MSC_Determined_Alt1_es,1,[ИЛ] *Решительно рычит*
subtitle:YoungEel_MSC_Gasp_Alt2:1,YoungEel_MSC_Gasp_Alt2,YoungEel_MSC_Gasp_Alt2_es,1,[ИЛ] *Ахает*
subtitle:YoungEel_MSC_HelluvaTeamUp_Alt2:1,YoungEel_MSC_HelluvaTeamUp_Alt2,YoungEel_MSC_HelluvaTeamUp_Alt2_es,1,"[ИЛ] Отличная команда, Сэнди."
subtitle:YoungEel_MSC_Hey:1,YoungEel_MSC_Hey,YoungEel_MSC_Hey_es,1,[ИЛ] Эй.
subtitle:YoungEel_MSC_Impressed:1,YoungEel_MSC_Impressed,YoungEel_MSC_Impressed_es,1,[ИЛ] *Восхищённо хмыкает*
subtitle:YoungEel_MSC_Inquisitive:1,YoungEel_MSC_Inquisitive,YoungEel_MSC_Inquisitive_es,1,[ИЛ] *Вопросительно хмыкает*
subtitle:YoungEel_MSC_Inquisitive_Alt1:1,YoungEel_MSC_Inquisitive_Alt1,YoungEel_MSC_Inquisitive_Alt1_es,1,[ИЛ] *Вопросительно хмыкает*
subtitle:YoungEel_MSC_Inquisitive_Alt2:1,YoungEel_MSC_Inquisitive_Alt2,YoungEel_MSC_Inquisitive_Alt2_es,1,[ИЛ] *Вопросительно хмыкает*
subtitle:YoungEel_MSC_Look:1,YoungEel_MSC_Look,,1,[ИЛ] Смотри!
subtitle:YoungEel_MSC_Look_Alt1:1,YoungEel_MSC_Look_Alt1,YoungEel_MSC_Look_Alt1_es,1,[ИЛ] Смотри!
subtitle:YoungEel_MSC_Nervous:1,YoungEel_MSC_Nervous,YoungEel_MSC_Nervous_es,1,[ИЛ] *Нервно стонет*
subtitle:YoungEel_MSC_Nervous_Alt1:1,YoungEel_MSC_Nervous_Alt1,YoungEel_MSC_Nervous_Alt1_es,1,[ИЛ] *Нервно стонет*
subtitle:YoungSandy_MSC_ToManyMore_Alt1:1,YoungSandy_MSC_ToManyMore_Alt1,,1,[САНДРА] Пусть будет ещё много таких.
subtitle:drum_puzzle-full:1,drum_puzzle-full,,1,<size=0.6em>♪</size><size=0.8em>♪</size>♪
subtitle:drum_puzzle-full:2,drum_puzzle-full,,2,♪<size=0.8em>♪</size><size=0.6em>♪</size>
subtitle:drum_puzzle-seg_1:1,drum_puzzle-seg_1,,1,<size=0.6em>♪</size><size=0.8em>♪</size>♪
subtitle:drum_puzzle-seg_2:1,drum_puzzle-seg_2,,1,♪<size=0.8em>♪</size><size=0.6em>♪</size>
subtitle:mads_saw_oldTimeyRadio:1,mads_saw_oldTimeyRadio,mads_saw_oldTimeyRadio_es,1,"[Виниловая пластинка] ♪ О, да! Знаешь, на кого я похожа? ♪"
subtitle:mads_saw_oldTimeyRadio:2,mads_saw_oldTimeyRadio,mads_saw_oldTimeyRadio_es,2,♪ На высокий... стакан воды. ♪
subtitle:mads_saw_oldTimeyRadio:3,mads_saw_oldTimeyRadio,mads_saw_oldTimeyRadio_es,3,♪ Ничего не сравнится с парой кубиков в горло... ♪
subtitle:vo_Police_Call:1,vo_Police_Call,,1,[ЗВОН ТЕЛЕФОНА]
subtitle:vo_Police_Call:2,vo_Police_Call,,2,[ОФИЦЕР] Вы дозвонились в полицию кампуса.
subtitle:vo_Police_Call:3,vo_Police_Call,,3,Все наши офицеры на обеде.
subtitle:vo_Police_Call:4,vo_Police_Call,,4,Удачи с ЧП!
subtitle:vo_Police_Call:5,vo_Police_Call,,5,[ВЕСИТ ТРУБКУ]
subtitle:Coach_DIG_BringBackHeiro:2,Coach_DIG_BringBackHeiro,Coach_DIG_BringBackHeiro_es,2,Картинки простые и выразительные! А слова сложные и холодные.
subtitle:Coach_PVP_BlueEdgeShower:2,Coach_PVP_BlueEdgeShower,Coach_PVP_BlueEdgeShower_es,2,Но даже не думайте обливать меня «Гранью эскаписта»!
subtitle:Coach_PVP_BluePuzzleProwess:1,Coach_PVP_BluePuzzleProwess,Coach_PVP_BluePuzzleProwess_es,1,[ТРЕНЕР ЙОАЧ] После такого никто не усомнится в мастерстве Синих! Вот это гонка!
subtitle:Coach_PVP_PuzzleKeyMatch:1,Coach_PVP_PuzzleKeyMatch,Coach_PVP_PuzzleKeyMatch_es,1,"[ТРЕНЕР ЙОАЧ] Загадка, ключ — и матч! Вот это шоу!"
subtitle:Coach_PVP_RedLynch:1,Coach_PVP_RedLynch,Coach_PVP_RedLynch_es,1,"[ТРЕНЕР ЙОАЧ] Хотите верьте, хотите нет, но снова победила Красная команда!"
subtitle:Coach_PVP_RedTeamSux:1,Coach_PVP_RedTeamSux,Coach_PVP_RedTeamSux_es,1,"[ТРЕНЕР ЙОАЧ] Синие, Синие — Синим вечно проигрывают!"
subtitle:Coach_PVP_RedTeamSux:2,Coach_PVP_RedTeamSux,Coach_PVP_RedTeamSux_es,2,"Красные, Красные — КРАСНЫЕ ОТСТОЙ!"
subtitle:Coach_PVP_VeryFirstChestHair:1,Coach_PVP_VeryFirstChestHair,Coach_PVP_VeryFirstChestHair_es,1,[ТРЕНЕР ЙОАЧ] И победитель — с перевесом в один волосок на груди... Красная команда!
subtitle:Coach_PVP_WhatFreakinMatch:1,Coach_PVP_WhatFreakinMatch,Coach_PVP_WhatFreakinMatch_es,1,[ТРЕНЕР ЙОАЧ] Вот это чёртов матч! Победили Синие!
